Using Python: /u5/w223zhan/.conda/envs/myenv/bin/python
Initializing DREAMPlace third-party submodules...
CMAKE_CXX_ABI=1 (must match PyTorch ABI)
-- CMAKE_INSTALL_PREFIX: /u5/w223zhan/macro-place-challenge-2026/external/DREAMPlace/install
-- CMAKE_BUILD_TYPE: Release
-- CMAKE_CXX_ABI: _GLIBCXX_USE_CXX11_ABI=1
-- Found Python: /u5/w223zhan/.conda/envs/myenv/bin/python (found version "3.11.14") found components: Interpreter Development Development.Module Development.Embed 
-- pybind11 v2.10.3 
-- TORCH_INSTALL_PREFIX=/u5/w223zhan/.local/lib/python3.11/site-packages/torch
-- TORCH_VERSION=2.10
-- TORCH_ENABLE_CUDA=1
-- Found Boost: /usr/include (found suitable version "1.74.0", minimum required is "1.55.0")  
-- Boost_INCLUDE_DIRS = /usr/include
-- Checking for module 'cairo'
--   No package 'cairo' found
-- Could NOT find Cairo (missing: CAIRO_INCLUDE_DIRS CAIRO_LIBRARIES) 
-- Cairo: CAIRO_INCLUDE_DIRS-NOTFOUND
-- Cairo: CAIRO_LIBRARIES-NOTFOUND
-- OPS_DIR /u5/w223zhan/macro-place-challenge-2026/external/DREAMPlace/dreamplace/ops
-- UTILITY_LIBRARY_DIRS /u5/w223zhan/macro-place-challenge-2026/external/DREAMPlace/build/dreamplace/ops/utility
-- FLUTE_INCLUDE_DIRS /u5/w223zhan/macro-place-challenge-2026/external/DREAMPlace/thirdparty/flute
-- FLUTE_LINK_DIRS /u5/w223zhan/macro-place-challenge-2026/external/DREAMPlace/build/thirdparty/flute
-- LIMBO_SOURCE_DIR /u5/w223zhan/macro-place-challenge-2026/external/DREAMPlace/thirdparty/Limbo
-- LIMBO_BINARY_DIR /u5/w223zhan/macro-place-challenge-2026/external/DREAMPlace/build/thirdparty/Limbo
-- CUB_DIR /u5/w223zhan/.conda/envs/myenv/targets/x86_64-linux/include
-- MUNKRES_CPP_INCLUDE_DIRS /u5/w223zhan/macro-place-challenge-2026/external/DREAMPlace/thirdparty/munkres-cpp/src
-- MUNKRES_CPP_LINK_DIRS /u5/w223zhan/macro-place-challenge-2026/external/DREAMPlace/build/thirdparty/munkres-cpp
-- LEMON_INCLUDE_DIRS /u5/w223zhan/macro-place-challenge-2026/external/DREAMPlace/thirdparty/Limbo/limbo/thirdparty/lemon;/u5/w223zhan/macro-place-challenge-2026/external/DREAMPlace/build/thirdparty/Limbo/limbo/thirdparty/lemon
-- LEMON_LINK_DIRS /u5/w223zhan/macro-place-challenge-2026/external/DREAMPlace/build/thirdparty/Limbo/limbo/thirdparty/lemon/lemon
-- OPENTIMER_SOURCE_DIR /u5/w223zhan/macro-place-challenge-2026/external/DREAMPlace/thirdparty/OpenTimer
-- OPENTIMER_BINARY_DIR /u5/w223zhan/macro-place-challenge-2026/external/DREAMPlace/build/thirdparty/OpenTimer
-- CUDA_ARCH_FLAGS: -gencode;arch=compute_60,code=sm_60;-gencode;arch=compute_61,code=sm_61;-gencode;arch=compute_70,code=sm_70;-gencode;arch=compute_75,code=sm_75;-gencode;arch=compute_80,code=sm_80;-gencode;arch=compute_86,code=sm_86;-gencode;arch=compute_89,code=sm_89;-gencode;arch=compute_90,code=sm_90
-- Added manual support for sm_120 (Blackwell architecture)
-- CMAKE_BUILD_TYPE: Release
-- CMAKE_CXX_ABI: _GLIBCXX_USE_CXX11_ABI=1
-- OPENBLAS: OFF
-- INSTALL_LIMBO: OFF
-- GENERATE_DOCS: OFF
-- ENABLE_TEST: OFF
-- Statistics of Limbo packages
-- ALGORITHMS: ON
-- GEOMETRY: ON
-- PROGRAMOPTIONS: ON
-- SOLVERS: ON
-- PARSERS: ON
--   PARSER_BOOKSHELF: ON
--     PARSER_BOOKSHELF_BISON: ON
--   PARSER_DEF: ON
--     PARSER_DEF_BISON: ON
--     PARSER_DEF_ADAPT: ON
--     PARSER_DEF_SPIRIT: ON
--   PARSER_EBEAM: ON
--     PARSER_EBEAM_BISON: ON
--     PARSER_EBEAM_SPIRIT: ON
--   PARSER_GDF: ON
--     PARSER_GDF_BISON: ON
--   PARSER_GDSII: ON
--     PARSER_GDSII_STREAM: ON
--     PARSER_GDSII_ASCII: OFF
--   PARSER_LEF: ON
--     PARSER_LEF_BISON: ON
--     PARSER_LEF_ADAPT: ON
--     PARSER_LEF_SPIRIT: ON
--   PARSER_LP: ON
--     PARSER_LP_BISON: ON
--   PARSER_TF: ON
--     PARSER_TF_SPIRIT: ON
--   PARSER_VERILOG: ON
--     PARSER_VERILOG_BISON: ON
-- Found Boost: /usr/include (found suitable version "1.74.0", minimum required is "1.55.0") found components: graph regex 
-- GUROBI_INCLUDE_DIR: GUROBI_INCLUDE_DIR-NOTFOUND
-- GUROBI_HOME: 
-- GUROBI_VERSION: 
-- Could NOT find GUROBI (missing: GUROBI_LIBRARY GUROBI_CXX_LIBRARY GUROBI_INCLUDE_DIR) 
-- GUROBI_LIBRARIES: 
-- Could NOT find CPLEX (missing: CPLEX_LIBRARY CPLEX_CXX_LIBRARY CPLEX_INCLUDE_DIR) 
-- Could NOT find LPSOLVE (missing: LPSOLVE_LIBRARIES LPSOLVE_INCLUDE_DIRS LPSOLVE_LINKS) 
CMake Deprecation Warning at thirdparty/Limbo/limbo/thirdparty/lemon/CMakeLists.txt:1 (CMAKE_MINIMUM_REQUIRED):
  Compatibility with CMake < 2.8.12 will be removed from a future version of
  CMake.

  Update the VERSION argument <min> value or use a ...<max> suffix to tell
  CMake that the project does not need compatibility with older versions.


CMake Deprecation Warning at thirdparty/Limbo/limbo/thirdparty/lemon/CMakeLists.txt:4 (CMAKE_POLICY):
  The OLD behavior for policy CMP0048 will be removed from a future version
  of CMake.

  The cmake-policies(7) manual explains that the OLD behaviors of all
  policies are deprecated and that a policy should be set to OLD only under
  specific short-term circumstances.  Projects should be ported to the NEW
  behavior and not rely on setting a policy to OLD.


-- Could NOT find Doxygen (missing: DOXYGEN_EXECUTABLE) 
-- Could NOT find COIN (missing: COIN_INCLUDE_DIR COIN_CBC_LIBRARY COIN_CBC_SOLVER_LIBRARY COIN_CGL_LIBRARY COIN_CLP_LIBRARY COIN_COIN_UTILS_LIBRARY COIN_OSI_LIBRARY COIN_OSI_CBC_LIBRARY COIN_OSI_CLP_LIBRARY) 
CMake Deprecation Warning at thirdparty/munkres-cpp/CMakeLists.txt:2 (cmake_minimum_required):
  Compatibility with CMake < 2.8.12 will be removed from a future version of
  CMake.

  Update the VERSION argument <min> value or use a ...<max> suffix to tell
  CMake that the project does not need compatibility with older versions.


-- CMAKE_ROOT: /usr/share/cmake-3.22
-- CMAKE_HOST_SYSTEM: Linux-6.14.0-37-generic
-- CMAKE_CXX_COMPILER_VERSION: 14.3.0
-- CMAKE_BUILD_TYPE: Release
-- CMAKE_SYSTEM_NAME: Linux
-- CMAKE_CXX_COMPILER: /u5/w223zhan/.conda/envs/myenv/bin/x86_64-conda-linux-gnu-c++
-- CMAKE_CXX_FLAGS: -fvisibility-inlines-hidden -fmessage-length=0 -march=nocona -mtune=haswell -ftree-vectorize -fPIC -fstack-protector-strong -fno-plt -O2 -ffunction-sections -pipe -isystem /u5/w223zhan/.conda/envs/myenv/include  -I/u5/w223zhan/.conda/envs/myenv/targets/x86_64-linux/include  -L/u5/w223zhan/.conda/envs/myenv/targets/x86_64-linux/lib -L/u5/w223zhan/.conda/envs/myenv/targets/x86_64-linux/lib/stubs -DBOOST_MATH_DISABLE_FLOAT128 -UBOOST_MATH_USE_FLOAT128
-- CMAKE_CXX_FLAGS_DEBUG: -g
-- CMAKE_CXX_FLAGS_RELEASE: -O3 -DNDEBUG
-- CMAKE_CXX_FLAGS_RELWITHDEBINFO: -O2 -g -DNDEBUG
-- CMAKE_CXX_FLAGS_MINSIZEREL: -Os -DNDEBUG
-- CMAKE_EXE_LINKER_FLAGS: -Wl,-O2 -Wl,--sort-common -Wl,--as-needed -Wl,-z,relro -Wl,-z,now -Wl,--disable-new-dtags -Wl,--gc-sections -Wl,-rpath,/u5/w223zhan/.conda/envs/myenv/lib -Wl,-rpath-link,/u5/w223zhan/.conda/envs/myenv/lib -L/u5/w223zhan/.conda/envs/myenv/lib  -L/u5/w223zhan/.conda/envs/myenv/targets/x86_64-linux/lib -L/u5/w223zhan/.conda/envs/myenv/targets/x86_64-linux/lib/stubs
-- CMAKE_INSTALL_PREFIX: /u5/w223zhan/macro-place-challenge-2026/external/DREAMPlace/install
-- CMAKE_MODULE_PATH: /u5/w223zhan/macro-place-challenge-2026/external/DREAMPlace/cmake
-- OT_VERSION: 2.1.0
-- OT_HOME: /u5/w223zhan/macro-place-challenge-2026/external/DREAMPlace/thirdparty/OpenTimer
-- OT_BENCHMARK_DIR: /u5/w223zhan/macro-place-challenge-2026/external/DREAMPlace/thirdparty/OpenTimer/benchmark
-- OT_UNITTEST_DIR: /u5/w223zhan/macro-place-challenge-2026/external/DREAMPlace/thirdparty/OpenTimer/unittest
-- OT_LICENSE: /u5/w223zhan/macro-place-challenge-2026/external/DREAMPlace/thirdparty/OpenTimer/LICENSE
-- CMAKE_ARCHIVE_OUTPUT_DIRECTORY: /u5/w223zhan/macro-place-challenge-2026/external/DREAMPlace/thirdparty/OpenTimer/lib
-- PYTHON_EXECUTABLE: /u5/w223zhan/.conda/envs/myenv/bin/python
-- Building executables ...
-- OT_LINK_FLAGS: OpenTimer;Threads::Threads;stdc++fs
-- TAU15 executable: /u5/w223zhan/macro-place-challenge-2026/external/DREAMPlace/thirdparty/OpenTimer/bin/ot-tau15
-- TAU18 executable: /u5/w223zhan/macro-place-challenge-2026/external/DREAMPlace/thirdparty/OpenTimer/bin/ot-tau18
-- Utility executable: /u5/w223zhan/macro-place-challenge-2026/external/DREAMPlace/thirdparty/OpenTimer/bin/ot-utility
-- OpenTimer shell: /u5/w223zhan/macro-place-challenge-2026/external/DREAMPlace/thirdparty/OpenTimer/bin/ot-shell
-- Building unit tests ...
-- Building TAU15 integration tests ...
-- Building Shell integration tests ...
-- HeteroSTA: root='/u5/w223zhan/macro-place-challenge-2026/external/DREAMPlace/build/thirdparty/HeteroSTA/heterosta_src'. Linking '/u5/w223zhan/macro-place-challenge-2026/external/DREAMPlace/build/thirdparty/HeteroSTA/heterosta_src/lib/libheterosta.so', installing libs: '/u5/w223zhan/macro-place-challenge-2026/external/DREAMPlace/build/thirdparty/HeteroSTA/heterosta_src/lib/libheterosta.cpu.so;/u5/w223zhan/macro-place-challenge-2026/external/DREAMPlace/build/thirdparty/HeteroSTA/heterosta_src/lib/libheterosta.so;/u5/w223zhan/macro-place-challenge-2026/external/DREAMPlace/build/thirdparty/HeteroSTA/heterosta_src/lib/libheterosta.cpu.so;/u5/w223zhan/macro-place-challenge-2026/external/DREAMPlace/build/thirdparty/HeteroSTA/heterosta_src/lib/libheterosta.so' and include '/u5/w223zhan/macro-place-challenge-2026/external/DREAMPlace/build/thirdparty/HeteroSTA/heterosta_src/include'
-- timing_heterosta: adding heterosta lib dir to linker search path: /u5/w223zhan/macro-place-challenge-2026/external/DREAMPlace/build/thirdparty/HeteroSTA/heterosta_src/lib
-- Configuring done
CMake Warning at /usr/share/cmake-3.22/Modules/FindPython/Support.cmake:3330 (add_library):
  Cannot generate a safe runtime search path for target place_io_cpp because
  files in some directories may conflict with libraries in implicit
  directories:

    runtime library [libgomp.so.1] in /u5/w223zhan/.conda/envs/myenv/lib may be hidden by files in:
      /u5/w223zhan/.local/lib/python3.11/site-packages/torch/lib

  Some of these libraries may not be found correctly.
Call Stack (most recent call first):
  /usr/share/cmake-3.22/Modules/FindPython.cmake:580 (__Python_add_library)
  thirdparty/pybind11/tools/pybind11NewTools.cmake:187 (python_add_library)
  cmake/TorchExtension.cmake:123 (pybind11_add_module)
  dreamplace/ops/place_io/CMakeLists.txt:39 (add_pytorch_extension)


CMake Warning at /usr/share/cmake-3.22/Modules/FindPython/Support.cmake:3330 (add_library):
  Cannot generate a safe runtime search path for target dct_cpp because files
  in some directories may conflict with libraries in implicit directories:

    runtime library [libgomp.so.1] in /u5/w223zhan/.conda/envs/myenv/lib may be hidden by files in:
      /u5/w223zhan/.local/lib/python3.11/site-packages/torch/lib

  Some of these libraries may not be found correctly.
Call Stack (most recent call first):
  /usr/share/cmake-3.22/Modules/FindPython.cmake:580 (__Python_add_library)
  thirdparty/pybind11/tools/pybind11NewTools.cmake:187 (python_add_library)
  cmake/TorchExtension.cmake:123 (pybind11_add_module)
  dreamplace/ops/dct/CMakeLists.txt:11 (add_pytorch_extension)


CMake Warning at /usr/share/cmake-3.22/Modules/FindPython/Support.cmake:3330 (add_library):
  Cannot generate a safe runtime search path for target dct_lee_cpp because
  files in some directories may conflict with libraries in implicit
  directories:

    runtime library [libgomp.so.1] in /u5/w223zhan/.conda/envs/myenv/lib may be hidden by files in:
      /u5/w223zhan/.local/lib/python3.11/site-packages/torch/lib

  Some of these libraries may not be found correctly.
Call Stack (most recent call first):
  /usr/share/cmake-3.22/Modules/FindPython.cmake:580 (__Python_add_library)
  thirdparty/pybind11/tools/pybind11NewTools.cmake:187 (python_add_library)
  cmake/TorchExtension.cmake:123 (pybind11_add_module)
  dreamplace/ops/dct/CMakeLists.txt:19 (add_pytorch_extension)


CMake Warning at /usr/share/cmake-3.22/Modules/FindPython/Support.cmake:3330 (add_library):
  Cannot generate a safe runtime search path for target dct2_fft2_cpp because
  files in some directories may conflict with libraries in implicit
  directories:

    runtime library [libgomp.so.1] in /u5/w223zhan/.conda/envs/myenv/lib may be hidden by files in:
      /u5/w223zhan/.local/lib/python3.11/site-packages/torch/lib

  Some of these libraries may not be found correctly.
Call Stack (most recent call first):
  /usr/share/cmake-3.22/Modules/FindPython.cmake:580 (__Python_add_library)
  thirdparty/pybind11/tools/pybind11NewTools.cmake:187 (python_add_library)
  cmake/TorchExtension.cmake:123 (pybind11_add_module)
  dreamplace/ops/dct/CMakeLists.txt:24 (add_pytorch_extension)


CMake Warning at /usr/share/cmake-3.22/Modules/FindPython/Support.cmake:3330 (add_library):
  Cannot generate a safe runtime search path for target dct_cuda because
  files in some directories may conflict with libraries in implicit
  directories:

    runtime library [libgomp.so.1] in /u5/w223zhan/.conda/envs/myenv/lib may be hidden by files in:
      /u5/w223zhan/.local/lib/python3.11/site-packages/torch/lib

  Some of these libraries may not be found correctly.
Call Stack (most recent call first):
  /usr/share/cmake-3.22/Modules/FindPython.cmake:580 (__Python_add_library)
  thirdparty/pybind11/tools/pybind11NewTools.cmake:187 (python_add_library)
  cmake/TorchExtension.cmake:123 (pybind11_add_module)
  dreamplace/ops/dct/CMakeLists.txt:42 (add_pytorch_extension)


CMake Warning at /usr/share/cmake-3.22/Modules/FindPython/Support.cmake:3330 (add_library):
  Cannot generate a safe runtime search path for target dct_lee_cuda because
  files in some directories may conflict with libraries in implicit
  directories:

    runtime library [libgomp.so.1] in /u5/w223zhan/.conda/envs/myenv/lib may be hidden by files in:
      /u5/w223zhan/.local/lib/python3.11/site-packages/torch/lib

  Some of these libraries may not be found correctly.
Call Stack (most recent call first):
  /usr/share/cmake-3.22/Modules/FindPython.cmake:580 (__Python_add_library)
  thirdparty/pybind11/tools/pybind11NewTools.cmake:187 (python_add_library)
  cmake/TorchExtension.cmake:123 (pybind11_add_module)
  dreamplace/ops/dct/CMakeLists.txt:50 (add_pytorch_extension)


CMake Warning at /usr/share/cmake-3.22/Modules/FindPython/Support.cmake:3330 (add_library):
  Cannot generate a safe runtime search path for target dct2_fft2_cuda
  because files in some directories may conflict with libraries in implicit
  directories:

    runtime library [libgomp.so.1] in /u5/w223zhan/.conda/envs/myenv/lib may be hidden by files in:
      /u5/w223zhan/.local/lib/python3.11/site-packages/torch/lib

  Some of these libraries may not be found correctly.
Call Stack (most recent call first):
  /usr/share/cmake-3.22/Modules/FindPython.cmake:580 (__Python_add_library)
  thirdparty/pybind11/tools/pybind11NewTools.cmake:187 (python_add_library)
  cmake/TorchExtension.cmake:123 (pybind11_add_module)
  dreamplace/ops/dct/CMakeLists.txt:56 (add_pytorch_extension)


CMake Warning at /usr/share/cmake-3.22/Modules/FindPython/Support.cmake:3330 (add_library):
  Cannot generate a safe runtime search path for target pin_pos_cpp because
  files in some directories may conflict with libraries in implicit
  directories:

    runtime library [libgomp.so.1] in /u5/w223zhan/.conda/envs/myenv/lib may be hidden by files in:
      /u5/w223zhan/.local/lib/python3.11/site-packages/torch/lib

  Some of these libraries may not be found correctly.
Call Stack (most recent call first):
  /usr/share/cmake-3.22/Modules/FindPython.cmake:580 (__Python_add_library)
  thirdparty/pybind11/tools/pybind11NewTools.cmake:187 (python_add_library)
  cmake/TorchExtension.cmake:123 (pybind11_add_module)
  dreamplace/ops/pin_pos/CMakeLists.txt:14 (add_pytorch_extension)


CMake Warning at /usr/share/cmake-3.22/Modules/FindPython/Support.cmake:3330 (add_library):
  Cannot generate a safe runtime search path for target pin_pos_cuda because
  files in some directories may conflict with libraries in implicit
  directories:

    runtime library [libgomp.so.1] in /u5/w223zhan/.conda/envs/myenv/lib may be hidden by files in:
      /u5/w223zhan/.local/lib/python3.11/site-packages/torch/lib

  Some of these libraries may not be found correctly.
Call Stack (most recent call first):
  /usr/share/cmake-3.22/Modules/FindPython.cmake:580 (__Python_add_library)
  thirdparty/pybind11/tools/pybind11NewTools.cmake:187 (python_add_library)
  cmake/TorchExtension.cmake:123 (pybind11_add_module)
  dreamplace/ops/pin_pos/CMakeLists.txt:24 (add_pytorch_extension)


CMake Warning at /usr/share/cmake-3.22/Modules/FindPython/Support.cmake:3330 (add_library):
  Cannot generate a safe runtime search path for target pin_pos_cuda_segment
  because files in some directories may conflict with libraries in implicit
  directories:

    runtime library [libgomp.so.1] in /u5/w223zhan/.conda/envs/myenv/lib may be hidden by files in:
      /u5/w223zhan/.local/lib/python3.11/site-packages/torch/lib

  Some of these libraries may not be found correctly.
Call Stack (most recent call first):
  /usr/share/cmake-3.22/Modules/FindPython.cmake:580 (__Python_add_library)
  thirdparty/pybind11/tools/pybind11NewTools.cmake:187 (python_add_library)
  cmake/TorchExtension.cmake:123 (pybind11_add_module)
  dreamplace/ops/pin_pos/CMakeLists.txt:30 (add_pytorch_extension)


CMake Warning at /usr/share/cmake-3.22/Modules/FindPython/Support.cmake:3330 (add_library):
  Cannot generate a safe runtime search path for target move_boundary_cpp
  because files in some directories may conflict with libraries in implicit
  directories:

    runtime library [libgomp.so.1] in /u5/w223zhan/.conda/envs/myenv/lib may be hidden by files in:
      /u5/w223zhan/.local/lib/python3.11/site-packages/torch/lib

  Some of these libraries may not be found correctly.
Call Stack (most recent call first):
  /usr/share/cmake-3.22/Modules/FindPython.cmake:580 (__Python_add_library)
  thirdparty/pybind11/tools/pybind11NewTools.cmake:187 (python_add_library)
  cmake/TorchExtension.cmake:123 (pybind11_add_module)
  dreamplace/ops/move_boundary/CMakeLists.txt:13 (add_pytorch_extension)


CMake Warning at /usr/share/cmake-3.22/Modules/FindPython/Support.cmake:3330 (add_library):
  Cannot generate a safe runtime search path for target move_boundary_cuda
  because files in some directories may conflict with libraries in implicit
  directories:

    runtime library [libgomp.so.1] in /u5/w223zhan/.conda/envs/myenv/lib may be hidden by files in:
      /u5/w223zhan/.local/lib/python3.11/site-packages/torch/lib

  Some of these libraries may not be found correctly.
Call Stack (most recent call first):
  /usr/share/cmake-3.22/Modules/FindPython.cmake:580 (__Python_add_library)
  thirdparty/pybind11/tools/pybind11NewTools.cmake:187 (python_add_library)
  cmake/TorchExtension.cmake:123 (pybind11_add_module)
  dreamplace/ops/move_boundary/CMakeLists.txt:23 (add_pytorch_extension)


CMake Warning at /usr/share/cmake-3.22/Modules/FindPython/Support.cmake:3330 (add_library):
  Cannot generate a safe runtime search path for target density_map_cpp
  because files in some directories may conflict with libraries in implicit
  directories:

    runtime library [libgomp.so.1] in /u5/w223zhan/.conda/envs/myenv/lib may be hidden by files in:
      /u5/w223zhan/.local/lib/python3.11/site-packages/torch/lib

  Some of these libraries may not be found correctly.
Call Stack (most recent call first):
  /usr/share/cmake-3.22/Modules/FindPython.cmake:580 (__Python_add_library)
  thirdparty/pybind11/tools/pybind11NewTools.cmake:187 (python_add_library)
  cmake/TorchExtension.cmake:123 (pybind11_add_module)
  dreamplace/ops/density_map/CMakeLists.txt:13 (add_pytorch_extension)


CMake Warning at /usr/share/cmake-3.22/Modules/FindPython/Support.cmake:3330 (add_library):
  Cannot generate a safe runtime search path for target density_map_cuda
  because files in some directories may conflict with libraries in implicit
  directories:

    runtime library [libgomp.so.1] in /u5/w223zhan/.conda/envs/myenv/lib may be hidden by files in:
      /u5/w223zhan/.local/lib/python3.11/site-packages/torch/lib

  Some of these libraries may not be found correctly.
Call Stack (most recent call first):
  /usr/share/cmake-3.22/Modules/FindPython.cmake:580 (__Python_add_library)
  thirdparty/pybind11/tools/pybind11NewTools.cmake:187 (python_add_library)
  cmake/TorchExtension.cmake:123 (pybind11_add_module)
  dreamplace/ops/density_map/CMakeLists.txt:22 (add_pytorch_extension)


CMake Warning at /usr/share/cmake-3.22/Modules/FindPython/Support.cmake:3330 (add_library):
  Cannot generate a safe runtime search path for target density_potential_cpp
  because files in some directories may conflict with libraries in implicit
  directories:

    runtime library [libgomp.so.1] in /u5/w223zhan/.conda/envs/myenv/lib may be hidden by files in:
      /u5/w223zhan/.local/lib/python3.11/site-packages/torch/lib

  Some of these libraries may not be found correctly.
Call Stack (most recent call first):
  /usr/share/cmake-3.22/Modules/FindPython.cmake:580 (__Python_add_library)
  thirdparty/pybind11/tools/pybind11NewTools.cmake:187 (python_add_library)
  cmake/TorchExtension.cmake:123 (pybind11_add_module)
  dreamplace/ops/density_potential/CMakeLists.txt:13 (add_pytorch_extension)


CMake Warning at /usr/share/cmake-3.22/Modules/FindPython/Support.cmake:3330 (add_library):
  Cannot generate a safe runtime search path for target
  density_potential_cuda because files in some directories may conflict with
  libraries in implicit directories:

    runtime library [libgomp.so.1] in /u5/w223zhan/.conda/envs/myenv/lib may be hidden by files in:
      /u5/w223zhan/.local/lib/python3.11/site-packages/torch/lib

  Some of these libraries may not be found correctly.
Call Stack (most recent call first):
  /usr/share/cmake-3.22/Modules/FindPython.cmake:580 (__Python_add_library)
  thirdparty/pybind11/tools/pybind11NewTools.cmake:187 (python_add_library)
  cmake/TorchExtension.cmake:123 (pybind11_add_module)
  dreamplace/ops/density_potential/CMakeLists.txt:23 (add_pytorch_extension)


CMake Warning at /usr/share/cmake-3.22/Modules/FindPython/Support.cmake:3330 (add_library):
  Cannot generate a safe runtime search path for target
  electric_potential_cpp because files in some directories may conflict with
  libraries in implicit directories:

    runtime library [libgomp.so.1] in /u5/w223zhan/.conda/envs/myenv/lib may be hidden by files in:
      /u5/w223zhan/.local/lib/python3.11/site-packages/torch/lib

  Some of these libraries may not be found correctly.
Call Stack (most recent call first):
  /usr/share/cmake-3.22/Modules/FindPython.cmake:580 (__Python_add_library)
  thirdparty/pybind11/tools/pybind11NewTools.cmake:187 (python_add_library)
  cmake/TorchExtension.cmake:123 (pybind11_add_module)
  dreamplace/ops/electric_potential/CMakeLists.txt:13 (add_pytorch_extension)


CMake Warning at /usr/share/cmake-3.22/Modules/FindPython/Support.cmake:3330 (add_library):
  Cannot generate a safe runtime search path for target
  electric_potential_cuda because files in some directories may conflict with
  libraries in implicit directories:

    runtime library [libgomp.so.1] in /u5/w223zhan/.conda/envs/myenv/lib may be hidden by files in:
      /u5/w223zhan/.local/lib/python3.11/site-packages/torch/lib

  Some of these libraries may not be found correctly.
Call Stack (most recent call first):
  /usr/share/cmake-3.22/Modules/FindPython.cmake:580 (__Python_add_library)
  thirdparty/pybind11/tools/pybind11NewTools.cmake:187 (python_add_library)
  cmake/TorchExtension.cmake:123 (pybind11_add_module)
  dreamplace/ops/electric_potential/CMakeLists.txt:23 (add_pytorch_extension)


CMake Warning at /usr/share/cmake-3.22/Modules/FindPython/Support.cmake:3330 (add_library):
  Cannot generate a safe runtime search path for target hpwl_cpp because
  files in some directories may conflict with libraries in implicit
  directories:

    runtime library [libgomp.so.1] in /u5/w223zhan/.conda/envs/myenv/lib may be hidden by files in:
      /u5/w223zhan/.local/lib/python3.11/site-packages/torch/lib

  Some of these libraries may not be found correctly.
Call Stack (most recent call first):
  /usr/share/cmake-3.22/Modules/FindPython.cmake:580 (__Python_add_library)
  thirdparty/pybind11/tools/pybind11NewTools.cmake:187 (python_add_library)
  cmake/TorchExtension.cmake:123 (pybind11_add_module)
  dreamplace/ops/hpwl/CMakeLists.txt:13 (add_pytorch_extension)


CMake Warning at /usr/share/cmake-3.22/Modules/FindPython/Support.cmake:3330 (add_library):
  Cannot generate a safe runtime search path for target hpwl_cpp_atomic
  because files in some directories may conflict with libraries in implicit
  directories:

    runtime library [libgomp.so.1] in /u5/w223zhan/.conda/envs/myenv/lib may be hidden by files in:
      /u5/w223zhan/.local/lib/python3.11/site-packages/torch/lib

  Some of these libraries may not be found correctly.
Call Stack (most recent call first):
  /usr/share/cmake-3.22/Modules/FindPython.cmake:580 (__Python_add_library)
  thirdparty/pybind11/tools/pybind11NewTools.cmake:187 (python_add_library)
  cmake/TorchExtension.cmake:123 (pybind11_add_module)
  dreamplace/ops/hpwl/CMakeLists.txt:18 (add_pytorch_extension)


CMake Warning at /usr/share/cmake-3.22/Modules/FindPython/Support.cmake:3330 (add_library):
  Cannot generate a safe runtime search path for target hpwl_cuda because
  files in some directories may conflict with libraries in implicit
  directories:

    runtime library [libgomp.so.1] in /u5/w223zhan/.conda/envs/myenv/lib may be hidden by files in:
      /u5/w223zhan/.local/lib/python3.11/site-packages/torch/lib

  Some of these libraries may not be found correctly.
Call Stack (most recent call first):
  /usr/share/cmake-3.22/Modules/FindPython.cmake:580 (__Python_add_library)
  thirdparty/pybind11/tools/pybind11NewTools.cmake:187 (python_add_library)
  cmake/TorchExtension.cmake:123 (pybind11_add_module)
  dreamplace/ops/hpwl/CMakeLists.txt:29 (add_pytorch_extension)


CMake Warning at /usr/share/cmake-3.22/Modules/FindPython/Support.cmake:3330 (add_library):
  Cannot generate a safe runtime search path for target hpwl_cuda_atomic
  because files in some directories may conflict with libraries in implicit
  directories:

    runtime library [libgomp.so.1] in /u5/w223zhan/.conda/envs/myenv/lib may be hidden by files in:
      /u5/w223zhan/.local/lib/python3.11/site-packages/torch/lib

  Some of these libraries may not be found correctly.
Call Stack (most recent call first):
  /usr/share/cmake-3.22/Modules/FindPython.cmake:580 (__Python_add_library)
  thirdparty/pybind11/tools/pybind11NewTools.cmake:187 (python_add_library)
  cmake/TorchExtension.cmake:123 (pybind11_add_module)
  dreamplace/ops/hpwl/CMakeLists.txt:35 (add_pytorch_extension)


CMake Warning at /usr/share/cmake-3.22/Modules/FindPython/Support.cmake:3330 (add_library):
  Cannot generate a safe runtime search path for target
  weighted_average_wirelength_cpp because files in some directories may
  conflict with libraries in implicit directories:

    runtime library [libgomp.so.1] in /u5/w223zhan/.conda/envs/myenv/lib may be hidden by files in:
      /u5/w223zhan/.local/lib/python3.11/site-packages/torch/lib

  Some of these libraries may not be found correctly.
Call Stack (most recent call first):
  /usr/share/cmake-3.22/Modules/FindPython.cmake:580 (__Python_add_library)
  thirdparty/pybind11/tools/pybind11NewTools.cmake:187 (python_add_library)
  cmake/TorchExtension.cmake:123 (pybind11_add_module)
  dreamplace/ops/weighted_average_wirelength/CMakeLists.txt:13 (add_pytorch_extension)


CMake Warning at /usr/share/cmake-3.22/Modules/FindPython/Support.cmake:3330 (add_library):
  Cannot generate a safe runtime search path for target
  weighted_average_wirelength_cpp_atomic because files in some directories
  may conflict with libraries in implicit directories:

    runtime library [libgomp.so.1] in /u5/w223zhan/.conda/envs/myenv/lib may be hidden by files in:
      /u5/w223zhan/.local/lib/python3.11/site-packages/torch/lib

  Some of these libraries may not be found correctly.
Call Stack (most recent call first):
  /usr/share/cmake-3.22/Modules/FindPython.cmake:580 (__Python_add_library)
  thirdparty/pybind11/tools/pybind11NewTools.cmake:187 (python_add_library)
  cmake/TorchExtension.cmake:123 (pybind11_add_module)
  dreamplace/ops/weighted_average_wirelength/CMakeLists.txt:18 (add_pytorch_extension)


CMake Warning at /usr/share/cmake-3.22/Modules/FindPython/Support.cmake:3330 (add_library):
  Cannot generate a safe runtime search path for target
  weighted_average_wirelength_cpp_merged because files in some directories
  may conflict with libraries in implicit directories:

    runtime library [libgomp.so.1] in /u5/w223zhan/.conda/envs/myenv/lib may be hidden by files in:
      /u5/w223zhan/.local/lib/python3.11/site-packages/torch/lib

  Some of these libraries may not be found correctly.
Call Stack (most recent call first):
  /usr/share/cmake-3.22/Modules/FindPython.cmake:580 (__Python_add_library)
  thirdparty/pybind11/tools/pybind11NewTools.cmake:187 (python_add_library)
  cmake/TorchExtension.cmake:123 (pybind11_add_module)
  dreamplace/ops/weighted_average_wirelength/CMakeLists.txt:23 (add_pytorch_extension)


CMake Warning at /usr/share/cmake-3.22/Modules/FindPython/Support.cmake:3330 (add_library):
  Cannot generate a safe runtime search path for target
  weighted_average_wirelength_cuda because files in some directories may
  conflict with libraries in implicit directories:

    runtime library [libgomp.so.1] in /u5/w223zhan/.conda/envs/myenv/lib may be hidden by files in:
      /u5/w223zhan/.local/lib/python3.11/site-packages/torch/lib

  Some of these libraries may not be found correctly.
Call Stack (most recent call first):
  /usr/share/cmake-3.22/Modules/FindPython.cmake:580 (__Python_add_library)
  thirdparty/pybind11/tools/pybind11NewTools.cmake:187 (python_add_library)
  cmake/TorchExtension.cmake:123 (pybind11_add_module)
  dreamplace/ops/weighted_average_wirelength/CMakeLists.txt:41 (add_pytorch_extension)


CMake Warning at /usr/share/cmake-3.22/Modules/FindPython/Support.cmake:3330 (add_library):
  Cannot generate a safe runtime search path for target
  weighted_average_wirelength_cuda_atomic because files in some directories
  may conflict with libraries in implicit directories:

    runtime library [libgomp.so.1] in /u5/w223zhan/.conda/envs/myenv/lib may be hidden by files in:
      /u5/w223zhan/.local/lib/python3.11/site-packages/torch/lib

  Some of these libraries may not be found correctly.
Call Stack (most recent call first):
  /usr/share/cmake-3.22/Modules/FindPython.cmake:580 (__Python_add_library)
  thirdparty/pybind11/tools/pybind11NewTools.cmake:187 (python_add_library)
  cmake/TorchExtension.cmake:123 (pybind11_add_module)
  dreamplace/ops/weighted_average_wirelength/CMakeLists.txt:47 (add_pytorch_extension)


CMake Warning at /usr/share/cmake-3.22/Modules/FindPython/Support.cmake:3330 (add_library):
  Cannot generate a safe runtime search path for target
  weighted_average_wirelength_cuda_merged because files in some directories
  may conflict with libraries in implicit directories:

    runtime library [libgomp.so.1] in /u5/w223zhan/.conda/envs/myenv/lib may be hidden by files in:
      /u5/w223zhan/.local/lib/python3.11/site-packages/torch/lib

  Some of these libraries may not be found correctly.
Call Stack (most recent call first):
  /usr/share/cmake-3.22/Modules/FindPython.cmake:580 (__Python_add_library)
  thirdparty/pybind11/tools/pybind11NewTools.cmake:187 (python_add_library)
  cmake/TorchExtension.cmake:123 (pybind11_add_module)
  dreamplace/ops/weighted_average_wirelength/CMakeLists.txt:53 (add_pytorch_extension)


CMake Warning at /usr/share/cmake-3.22/Modules/FindPython/Support.cmake:3330 (add_library):
  Cannot generate a safe runtime search path for target
  logsumexp_wirelength_cpp_merged because files in some directories may
  conflict with libraries in implicit directories:

    runtime library [libgomp.so.1] in /u5/w223zhan/.conda/envs/myenv/lib may be hidden by files in:
      /u5/w223zhan/.local/lib/python3.11/site-packages/torch/lib

  Some of these libraries may not be found correctly.
Call Stack (most recent call first):
  /usr/share/cmake-3.22/Modules/FindPython.cmake:580 (__Python_add_library)
  thirdparty/pybind11/tools/pybind11NewTools.cmake:187 (python_add_library)
  cmake/TorchExtension.cmake:123 (pybind11_add_module)
  dreamplace/ops/logsumexp_wirelength/CMakeLists.txt:13 (add_pytorch_extension)


CMake Warning at /usr/share/cmake-3.22/Modules/FindPython/Support.cmake:3330 (add_library):
  Cannot generate a safe runtime search path for target
  logsumexp_wirelength_cuda_merged because files in some directories may
  conflict with libraries in implicit directories:

    runtime library [libgomp.so.1] in /u5/w223zhan/.conda/envs/myenv/lib may be hidden by files in:
      /u5/w223zhan/.local/lib/python3.11/site-packages/torch/lib

  Some of these libraries may not be found correctly.
Call Stack (most recent call first):
  /usr/share/cmake-3.22/Modules/FindPython.cmake:580 (__Python_add_library)
  thirdparty/pybind11/tools/pybind11NewTools.cmake:187 (python_add_library)
  cmake/TorchExtension.cmake:123 (pybind11_add_module)
  dreamplace/ops/logsumexp_wirelength/CMakeLists.txt:23 (add_pytorch_extension)


CMake Warning at /usr/share/cmake-3.22/Modules/FindPython/Support.cmake:3330 (add_library):
  Cannot generate a safe runtime search path for target
  logsumexp_wirelength_cuda_atomic because files in some directories may
  conflict with libraries in implicit directories:

    runtime library [libgomp.so.1] in /u5/w223zhan/.conda/envs/myenv/lib may be hidden by files in:
      /u5/w223zhan/.local/lib/python3.11/site-packages/torch/lib

  Some of these libraries may not be found correctly.
Call Stack (most recent call first):
  /usr/share/cmake-3.22/Modules/FindPython.cmake:580 (__Python_add_library)
  thirdparty/pybind11/tools/pybind11NewTools.cmake:187 (python_add_library)
  cmake/TorchExtension.cmake:123 (pybind11_add_module)
  dreamplace/ops/logsumexp_wirelength/CMakeLists.txt:29 (add_pytorch_extension)


CMake Warning at /usr/share/cmake-3.22/Modules/FindPython/Support.cmake:3330 (add_library):
  Cannot generate a safe runtime search path for target legality_check_cpp
  because files in some directories may conflict with libraries in implicit
  directories:

    runtime library [libgomp.so.1] in /u5/w223zhan/.conda/envs/myenv/lib may be hidden by files in:
      /u5/w223zhan/.local/lib/python3.11/site-packages/torch/lib

  Some of these libraries may not be found correctly.
Call Stack (most recent call first):
  /usr/share/cmake-3.22/Modules/FindPython.cmake:580 (__Python_add_library)
  thirdparty/pybind11/tools/pybind11NewTools.cmake:187 (python_add_library)
  cmake/TorchExtension.cmake:123 (pybind11_add_module)
  dreamplace/ops/legality_check/CMakeLists.txt:13 (add_pytorch_extension)


CMake Warning at /usr/share/cmake-3.22/Modules/FindPython/Support.cmake:3330 (add_library):
  Cannot generate a safe runtime search path for target macro_legalize_cpp
  because files in some directories may conflict with libraries in implicit
  directories:

    runtime library [libgomp.so.1] in /u5/w223zhan/.conda/envs/myenv/lib may be hidden by files in:
      /u5/w223zhan/.local/lib/python3.11/site-packages/torch/lib

  Some of these libraries may not be found correctly.
Call Stack (most recent call first):
  /usr/share/cmake-3.22/Modules/FindPython.cmake:580 (__Python_add_library)
  thirdparty/pybind11/tools/pybind11NewTools.cmake:187 (python_add_library)
  cmake/TorchExtension.cmake:123 (pybind11_add_module)
  dreamplace/ops/macro_legalize/CMakeLists.txt:16 (add_pytorch_extension)


CMake Warning at /usr/share/cmake-3.22/Modules/FindPython/Support.cmake:3330 (add_library):
  Cannot generate a safe runtime search path for target greedy_legalize_cpp
  because files in some directories may conflict with libraries in implicit
  directories:

    runtime library [libgomp.so.1] in /u5/w223zhan/.conda/envs/myenv/lib may be hidden by files in:
      /u5/w223zhan/.local/lib/python3.11/site-packages/torch/lib

  Some of these libraries may not be found correctly.
Call Stack (most recent call first):
  /usr/share/cmake-3.22/Modules/FindPython.cmake:580 (__Python_add_library)
  thirdparty/pybind11/tools/pybind11NewTools.cmake:187 (python_add_library)
  cmake/TorchExtension.cmake:123 (pybind11_add_module)
  dreamplace/ops/greedy_legalize/CMakeLists.txt:13 (add_pytorch_extension)


CMake Warning at /usr/share/cmake-3.22/Modules/FindPython/Support.cmake:3330 (add_library):
  Cannot generate a safe runtime search path for target abacus_legalize_cpp
  because files in some directories may conflict with libraries in implicit
  directories:

    runtime library [libgomp.so.1] in /u5/w223zhan/.conda/envs/myenv/lib may be hidden by files in:
      /u5/w223zhan/.local/lib/python3.11/site-packages/torch/lib

  Some of these libraries may not be found correctly.
Call Stack (most recent call first):
  /usr/share/cmake-3.22/Modules/FindPython.cmake:580 (__Python_add_library)
  thirdparty/pybind11/tools/pybind11NewTools.cmake:187 (python_add_library)
  cmake/TorchExtension.cmake:123 (pybind11_add_module)
  dreamplace/ops/abacus_legalize/CMakeLists.txt:13 (add_pytorch_extension)


CMake Warning at /usr/share/cmake-3.22/Modules/FindPython/Support.cmake:3330 (add_library):
  Cannot generate a safe runtime search path for target global_swap_cpp
  because files in some directories may conflict with libraries in implicit
  directories:

    runtime library [libgomp.so.1] in /u5/w223zhan/.conda/envs/myenv/lib may be hidden by files in:
      /u5/w223zhan/.local/lib/python3.11/site-packages/torch/lib

  Some of these libraries may not be found correctly.
Call Stack (most recent call first):
  /usr/share/cmake-3.22/Modules/FindPython.cmake:580 (__Python_add_library)
  thirdparty/pybind11/tools/pybind11NewTools.cmake:187 (python_add_library)
  cmake/TorchExtension.cmake:123 (pybind11_add_module)
  dreamplace/ops/global_swap/CMakeLists.txt:31 (add_pytorch_extension)


CMake Warning at /usr/share/cmake-3.22/Modules/FindPython/Support.cmake:3330 (add_library):
  Cannot generate a safe runtime search path for target
  global_swap_concurrent_cpp because files in some directories may conflict
  with libraries in implicit directories:

    runtime library [libgomp.so.1] in /u5/w223zhan/.conda/envs/myenv/lib may be hidden by files in:
      /u5/w223zhan/.local/lib/python3.11/site-packages/torch/lib

  Some of these libraries may not be found correctly.
Call Stack (most recent call first):
  /usr/share/cmake-3.22/Modules/FindPython.cmake:580 (__Python_add_library)
  thirdparty/pybind11/tools/pybind11NewTools.cmake:187 (python_add_library)
  cmake/TorchExtension.cmake:123 (pybind11_add_module)
  dreamplace/ops/global_swap/CMakeLists.txt:37 (add_pytorch_extension)


CMake Warning at /usr/share/cmake-3.22/Modules/FindPython/Support.cmake:3330 (add_library):
  Cannot generate a safe runtime search path for target global_swap_cuda
  because files in some directories may conflict with libraries in implicit
  directories:

    runtime library [libgomp.so.1] in /u5/w223zhan/.conda/envs/myenv/lib may be hidden by files in:
      /u5/w223zhan/.local/lib/python3.11/site-packages/torch/lib

  Some of these libraries may not be found correctly.
Call Stack (most recent call first):
  /usr/share/cmake-3.22/Modules/FindPython.cmake:580 (__Python_add_library)
  thirdparty/pybind11/tools/pybind11NewTools.cmake:187 (python_add_library)
  cmake/TorchExtension.cmake:123 (pybind11_add_module)
  dreamplace/ops/global_swap/CMakeLists.txt:48 (add_pytorch_extension)


CMake Warning at /usr/share/cmake-3.22/Modules/FindPython/Support.cmake:3330 (add_library):
  Cannot generate a safe runtime search path for target
  independent_set_matching_cpp because files in some directories may conflict
  with libraries in implicit directories:

    runtime library [libgomp.so.1] in /u5/w223zhan/.conda/envs/myenv/lib may be hidden by files in:
      /u5/w223zhan/.local/lib/python3.11/site-packages/torch/lib

  Some of these libraries may not be found correctly.
Call Stack (most recent call first):
  /usr/share/cmake-3.22/Modules/FindPython.cmake:580 (__Python_add_library)
  thirdparty/pybind11/tools/pybind11NewTools.cmake:187 (python_add_library)
  cmake/TorchExtension.cmake:123 (pybind11_add_module)
  dreamplace/ops/independent_set_matching/CMakeLists.txt:35 (add_pytorch_extension)


CMake Warning at /usr/share/cmake-3.22/Modules/FindPython/Support.cmake:3330 (add_library):
  Cannot generate a safe runtime search path for target
  independent_set_matching_sequential_cpp because files in some directories
  may conflict with libraries in implicit directories:

    runtime library [libgomp.so.1] in /u5/w223zhan/.conda/envs/myenv/lib may be hidden by files in:
      /u5/w223zhan/.local/lib/python3.11/site-packages/torch/lib

  Some of these libraries may not be found correctly.
Call Stack (most recent call first):
  /usr/share/cmake-3.22/Modules/FindPython.cmake:580 (__Python_add_library)
  thirdparty/pybind11/tools/pybind11NewTools.cmake:187 (python_add_library)
  cmake/TorchExtension.cmake:123 (pybind11_add_module)
  dreamplace/ops/independent_set_matching/CMakeLists.txt:41 (add_pytorch_extension)


CMake Warning at /usr/share/cmake-3.22/Modules/FindPython/Support.cmake:3330 (add_library):
  Cannot generate a safe runtime search path for target
  independent_set_matching_cuda because files in some directories may
  conflict with libraries in implicit directories:

    runtime library [libgomp.so.1] in /u5/w223zhan/.conda/envs/myenv/lib may be hidden by files in:
      /u5/w223zhan/.local/lib/python3.11/site-packages/torch/lib

  Some of these libraries may not be found correctly.
Call Stack (most recent call first):
  /usr/share/cmake-3.22/Modules/FindPython.cmake:580 (__Python_add_library)
  thirdparty/pybind11/tools/pybind11NewTools.cmake:187 (python_add_library)
  cmake/TorchExtension.cmake:123 (pybind11_add_module)
  dreamplace/ops/independent_set_matching/CMakeLists.txt:53 (add_pytorch_extension)


CMake Warning at /usr/share/cmake-3.22/Modules/FindPython/Support.cmake:3330 (add_library):
  Cannot generate a safe runtime search path for target k_reorder_cpp because
  files in some directories may conflict with libraries in implicit
  directories:

    runtime library [libgomp.so.1] in /u5/w223zhan/.conda/envs/myenv/lib may be hidden by files in:
      /u5/w223zhan/.local/lib/python3.11/site-packages/torch/lib

  Some of these libraries may not be found correctly.
Call Stack (most recent call first):
  /usr/share/cmake-3.22/Modules/FindPython.cmake:580 (__Python_add_library)
  thirdparty/pybind11/tools/pybind11NewTools.cmake:187 (python_add_library)
  cmake/TorchExtension.cmake:123 (pybind11_add_module)
  dreamplace/ops/k_reorder/CMakeLists.txt:31 (add_pytorch_extension)


CMake Warning at /usr/share/cmake-3.22/Modules/FindPython/Support.cmake:3330 (add_library):
  Cannot generate a safe runtime search path for target k_reorder_cuda
  because files in some directories may conflict with libraries in implicit
  directories:

    runtime library [libgomp.so.1] in /u5/w223zhan/.conda/envs/myenv/lib may be hidden by files in:
      /u5/w223zhan/.local/lib/python3.11/site-packages/torch/lib

  Some of these libraries may not be found correctly.
Call Stack (most recent call first):
  /usr/share/cmake-3.22/Modules/FindPython.cmake:580 (__Python_add_library)
  thirdparty/pybind11/tools/pybind11NewTools.cmake:187 (python_add_library)
  cmake/TorchExtension.cmake:123 (pybind11_add_module)
  dreamplace/ops/k_reorder/CMakeLists.txt:42 (add_pytorch_extension)


CMake Warning at /usr/share/cmake-3.22/Modules/FindPython/Support.cmake:3330 (add_library):
  Cannot generate a safe runtime search path for target pin_utilization_cpp
  because files in some directories may conflict with libraries in implicit
  directories:

    runtime library [libgomp.so.1] in /u5/w223zhan/.conda/envs/myenv/lib may be hidden by files in:
      /u5/w223zhan/.local/lib/python3.11/site-packages/torch/lib

  Some of these libraries may not be found correctly.
Call Stack (most recent call first):
  /usr/share/cmake-3.22/Modules/FindPython.cmake:580 (__Python_add_library)
  thirdparty/pybind11/tools/pybind11NewTools.cmake:187 (python_add_library)
  cmake/TorchExtension.cmake:123 (pybind11_add_module)
  dreamplace/ops/pin_utilization/CMakeLists.txt:13 (add_pytorch_extension)


CMake Warning at /usr/share/cmake-3.22/Modules/FindPython/Support.cmake:3330 (add_library):
  Cannot generate a safe runtime search path for target pin_utilization_cuda
  because files in some directories may conflict with libraries in implicit
  directories:

    runtime library [libgomp.so.1] in /u5/w223zhan/.conda/envs/myenv/lib may be hidden by files in:
      /u5/w223zhan/.local/lib/python3.11/site-packages/torch/lib

  Some of these libraries may not be found correctly.
Call Stack (most recent call first):
  /usr/share/cmake-3.22/Modules/FindPython.cmake:580 (__Python_add_library)
  thirdparty/pybind11/tools/pybind11NewTools.cmake:187 (python_add_library)
  cmake/TorchExtension.cmake:123 (pybind11_add_module)
  dreamplace/ops/pin_utilization/CMakeLists.txt:22 (add_pytorch_extension)


CMake Warning at /usr/share/cmake-3.22/Modules/FindPython/Support.cmake:3330 (add_library):
  Cannot generate a safe runtime search path for target rudy_cpp because
  files in some directories may conflict with libraries in implicit
  directories:

    runtime library [libgomp.so.1] in /u5/w223zhan/.conda/envs/myenv/lib may be hidden by files in:
      /u5/w223zhan/.local/lib/python3.11/site-packages/torch/lib

  Some of these libraries may not be found correctly.
Call Stack (most recent call first):
  /usr/share/cmake-3.22/Modules/FindPython.cmake:580 (__Python_add_library)
  thirdparty/pybind11/tools/pybind11NewTools.cmake:187 (python_add_library)
  cmake/TorchExtension.cmake:123 (pybind11_add_module)
  dreamplace/ops/rudy/CMakeLists.txt:13 (add_pytorch_extension)


CMake Warning at /usr/share/cmake-3.22/Modules/FindPython/Support.cmake:3330 (add_library):
  Cannot generate a safe runtime search path for target rudy_cuda because
  files in some directories may conflict with libraries in implicit
  directories:

    runtime library [libgomp.so.1] in /u5/w223zhan/.conda/envs/myenv/lib may be hidden by files in:
      /u5/w223zhan/.local/lib/python3.11/site-packages/torch/lib

  Some of these libraries may not be found correctly.
Call Stack (most recent call first):
  /usr/share/cmake-3.22/Modules/FindPython.cmake:580 (__Python_add_library)
  thirdparty/pybind11/tools/pybind11NewTools.cmake:187 (python_add_library)
  cmake/TorchExtension.cmake:123 (pybind11_add_module)
  dreamplace/ops/rudy/CMakeLists.txt:23 (add_pytorch_extension)


CMake Warning at /usr/share/cmake-3.22/Modules/FindPython/Support.cmake:3330 (add_library):
  Cannot generate a safe runtime search path for target pinrudy_cpp because
  files in some directories may conflict with libraries in implicit
  directories:

    runtime library [libgomp.so.1] in /u5/w223zhan/.conda/envs/myenv/lib may be hidden by files in:
      /u5/w223zhan/.local/lib/python3.11/site-packages/torch/lib

  Some of these libraries may not be found correctly.
Call Stack (most recent call first):
  /usr/share/cmake-3.22/Modules/FindPython.cmake:580 (__Python_add_library)
  thirdparty/pybind11/tools/pybind11NewTools.cmake:187 (python_add_library)
  cmake/TorchExtension.cmake:123 (pybind11_add_module)
  dreamplace/ops/pinrudy/CMakeLists.txt:13 (add_pytorch_extension)


CMake Warning at /usr/share/cmake-3.22/Modules/FindPython/Support.cmake:3330 (add_library):
  Cannot generate a safe runtime search path for target pinrudy_cuda because
  files in some directories may conflict with libraries in implicit
  directories:

    runtime library [libgomp.so.1] in /u5/w223zhan/.conda/envs/myenv/lib may be hidden by files in:
      /u5/w223zhan/.local/lib/python3.11/site-packages/torch/lib

  Some of these libraries may not be found correctly.
Call Stack (most recent call first):
  /usr/share/cmake-3.22/Modules/FindPython.cmake:580 (__Python_add_library)
  thirdparty/pybind11/tools/pybind11NewTools.cmake:187 (python_add_library)
  cmake/TorchExtension.cmake:123 (pybind11_add_module)
  dreamplace/ops/pinrudy/CMakeLists.txt:23 (add_pytorch_extension)


CMake Warning at /usr/share/cmake-3.22/Modules/FindPython/Support.cmake:3330 (add_library):
  Cannot generate a safe runtime search path for target adjust_node_area_cpp
  because files in some directories may conflict with libraries in implicit
  directories:

    runtime library [libgomp.so.1] in /u5/w223zhan/.conda/envs/myenv/lib may be hidden by files in:
      /u5/w223zhan/.local/lib/python3.11/site-packages/torch/lib

  Some of these libraries may not be found correctly.
Call Stack (most recent call first):
  /usr/share/cmake-3.22/Modules/FindPython.cmake:580 (__Python_add_library)
  thirdparty/pybind11/tools/pybind11NewTools.cmake:187 (python_add_library)
  cmake/TorchExtension.cmake:123 (pybind11_add_module)
  dreamplace/ops/adjust_node_area/CMakeLists.txt:11 (add_pytorch_extension)


CMake Warning at /usr/share/cmake-3.22/Modules/FindPython/Support.cmake:3330 (add_library):
  Cannot generate a safe runtime search path for target update_pin_offset_cpp
  because files in some directories may conflict with libraries in implicit
  directories:

    runtime library [libgomp.so.1] in /u5/w223zhan/.conda/envs/myenv/lib may be hidden by files in:
      /u5/w223zhan/.local/lib/python3.11/site-packages/torch/lib

  Some of these libraries may not be found correctly.
Call Stack (most recent call first):
  /usr/share/cmake-3.22/Modules/FindPython.cmake:580 (__Python_add_library)
  thirdparty/pybind11/tools/pybind11NewTools.cmake:187 (python_add_library)
  cmake/TorchExtension.cmake:123 (pybind11_add_module)
  dreamplace/ops/adjust_node_area/CMakeLists.txt:16 (add_pytorch_extension)


CMake Warning at /usr/share/cmake-3.22/Modules/FindPython/Support.cmake:3330 (add_library):
  Cannot generate a safe runtime search path for target adjust_node_area_cuda
  because files in some directories may conflict with libraries in implicit
  directories:

    runtime library [libgomp.so.1] in /u5/w223zhan/.conda/envs/myenv/lib may be hidden by files in:
      /u5/w223zhan/.local/lib/python3.11/site-packages/torch/lib

  Some of these libraries may not be found correctly.
Call Stack (most recent call first):
  /usr/share/cmake-3.22/Modules/FindPython.cmake:580 (__Python_add_library)
  thirdparty/pybind11/tools/pybind11NewTools.cmake:187 (python_add_library)
  cmake/TorchExtension.cmake:123 (pybind11_add_module)
  dreamplace/ops/adjust_node_area/CMakeLists.txt:27 (add_pytorch_extension)


CMake Warning at /usr/share/cmake-3.22/Modules/FindPython/Support.cmake:3330 (add_library):
  Cannot generate a safe runtime search path for target
  update_pin_offset_cuda because files in some directories may conflict with
  libraries in implicit directories:

    runtime library [libgomp.so.1] in /u5/w223zhan/.conda/envs/myenv/lib may be hidden by files in:
      /u5/w223zhan/.local/lib/python3.11/site-packages/torch/lib

  Some of these libraries may not be found correctly.
Call Stack (most recent call first):
  /usr/share/cmake-3.22/Modules/FindPython.cmake:580 (__Python_add_library)
  thirdparty/pybind11/tools/pybind11NewTools.cmake:187 (python_add_library)
  cmake/TorchExtension.cmake:123 (pybind11_add_module)
  dreamplace/ops/adjust_node_area/CMakeLists.txt:33 (add_pytorch_extension)


CMake Warning at /usr/share/cmake-3.22/Modules/FindPython/Support.cmake:3330 (add_library):
  Cannot generate a safe runtime search path for target pws_cpp because files
  in some directories may conflict with libraries in implicit directories:

    runtime library [libgomp.so.1] in /u5/w223zhan/.conda/envs/myenv/lib may be hidden by files in:
      /u5/w223zhan/.local/lib/python3.11/site-packages/torch/lib

  Some of these libraries may not be found correctly.
Call Stack (most recent call first):
  /usr/share/cmake-3.22/Modules/FindPython.cmake:580 (__Python_add_library)
  thirdparty/pybind11/tools/pybind11NewTools.cmake:187 (python_add_library)
  cmake/TorchExtension.cmake:123 (pybind11_add_module)
  dreamplace/ops/pin_weight_sum/CMakeLists.txt:13 (add_pytorch_extension)


CMake Warning at /usr/share/cmake-3.22/Modules/FindPython/Support.cmake:3330 (add_library):
  Cannot generate a safe runtime search path for target pws_cuda because
  files in some directories may conflict with libraries in implicit
  directories:

    runtime library [libgomp.so.1] in /u5/w223zhan/.conda/envs/myenv/lib may be hidden by files in:
      /u5/w223zhan/.local/lib/python3.11/site-packages/torch/lib

  Some of these libraries may not be found correctly.
Call Stack (most recent call first):
  /usr/share/cmake-3.22/Modules/FindPython.cmake:580 (__Python_add_library)
  thirdparty/pybind11/tools/pybind11NewTools.cmake:187 (python_add_library)
  cmake/TorchExtension.cmake:123 (pybind11_add_module)
  dreamplace/ops/pin_weight_sum/CMakeLists.txt:23 (add_pytorch_extension)


CMake Warning at /usr/share/cmake-3.22/Modules/FindPython/Support.cmake:3330 (add_library):
  Cannot generate a safe runtime search path for target timing_cpp because
  files in some directories may conflict with libraries in implicit
  directories:

    runtime library [libgomp.so.1] in /u5/w223zhan/.conda/envs/myenv/lib may be hidden by files in:
      /u5/w223zhan/.local/lib/python3.11/site-packages/torch/lib

  Some of these libraries may not be found correctly.
Call Stack (most recent call first):
  /usr/share/cmake-3.22/Modules/FindPython.cmake:580 (__Python_add_library)
  thirdparty/pybind11/tools/pybind11NewTools.cmake:187 (python_add_library)
  cmake/TorchExtension.cmake:123 (pybind11_add_module)
  dreamplace/ops/timing/CMakeLists.txt:26 (add_pytorch_extension)


CMake Warning at /usr/share/cmake-3.22/Modules/FindPython/Support.cmake:3330 (add_library):
  Cannot generate a safe runtime search path for target timing_heterosta_cpp
  because files in some directories may conflict with libraries in implicit
  directories:

    runtime library [libgomp.so.1] in /u5/w223zhan/.conda/envs/myenv/lib may be hidden by files in:
      /u5/w223zhan/.local/lib/python3.11/site-packages/torch/lib

  Some of these libraries may not be found correctly.
Call Stack (most recent call first):
  /usr/share/cmake-3.22/Modules/FindPython.cmake:580 (__Python_add_library)
  thirdparty/pybind11/tools/pybind11NewTools.cmake:187 (python_add_library)
  cmake/TorchExtension.cmake:123 (pybind11_add_module)
  dreamplace/ops/timing_heterosta/CMakeLists.txt:57 (add_pytorch_extension)


CMake Warning at /usr/share/cmake-3.22/Modules/FindPython/Support.cmake:3330 (add_library):
  Cannot generate a safe runtime search path for target gift_init_cpp because
  files in some directories may conflict with libraries in implicit
  directories:

    runtime library [libgomp.so.1] in /u5/w223zhan/.conda/envs/myenv/lib may be hidden by files in:
      /u5/w223zhan/.local/lib/python3.11/site-packages/torch/lib

  Some of these libraries may not be found correctly.
Call Stack (most recent call first):
  /usr/share/cmake-3.22/Modules/FindPython.cmake:580 (__Python_add_library)
  thirdparty/pybind11/tools/pybind11NewTools.cmake:187 (python_add_library)
  cmake/TorchExtension.cmake:123 (pybind11_add_module)
  dreamplace/ops/gift_init/CMakeLists.txt:13 (add_pytorch_extension)


-- Generating done
-- Build files have been written to: /u5/w223zhan/macro-place-challenge-2026/external/DREAMPlace/build
Building (parallel jobs=4) ...
/usr/bin/cmake -S/u5/w223zhan/macro-place-challenge-2026/external/DREAMPlace -B/u5/w223zhan/macro-place-challenge-2026/external/DREAMPlace/build --check-build-system CMakeFiles/Makefile.cmake 0
/usr/bin/cmake -E cmake_progress_start /u5/w223zhan/macro-place-challenge-2026/external/DREAMPlace/build/CMakeFiles /u5/w223zhan/macro-place-challenge-2026/external/DREAMPlace/build//CMakeFiles/progress.marks
/usr/bin/gmake  -f CMakeFiles/Makefile2 all
gmake[1]: Entering directory '/u5/w223zhan/macro-place-challenge-2026/external/DREAMPlace/build'
/usr/bin/gmake  -f thirdparty/flute/CMakeFiles/flute.dir/build.make thirdparty/flute/CMakeFiles/flute.dir/depend
/usr/bin/gmake  -f thirdparty/Limbo/limbo/thirdparty/CThreadPool/CMakeFiles/CThreadPool_thpool.dir/build.make thirdparty/Limbo/limbo/thirdparty/CThreadPool/CMakeFiles/CThreadPool_thpool.dir/depend
/usr/bin/gmake  -f thirdparty/Limbo/limbo/thirdparty/lefdef/5.8/lef/CMakeFiles/lef_objlib.dir/build.make thirdparty/Limbo/limbo/thirdparty/lefdef/5.8/lef/CMakeFiles/lef_objlib.dir/depend
/usr/bin/gmake  -f thirdparty/Limbo/limbo/thirdparty/lefdef/5.8/lef/CMakeFiles/clef.dir/build.make thirdparty/Limbo/limbo/thirdparty/lefdef/5.8/lef/CMakeFiles/clef.dir/depend
gmake[2]: Entering directory '/u5/w223zhan/macro-place-challenge-2026/external/DREAMPlace/build'
cd /u5/w223zhan/macro-place-challenge-2026/external/DREAMPlace/build && /usr/bin/cmake -E cmake_depends "Unix Makefiles" /u5/w223zhan/macro-place-challenge-2026/external/DREAMPlace /u5/w223zhan/macro-place-challenge-2026/external/DREAMPlace/thirdparty/flute /u5/w223zhan/macro-place-challenge-2026/external/DREAMPlace/build /u5/w223zhan/macro-place-challenge-2026/external/DREAMPlace/build/thirdparty/flute /u5/w223zhan/macro-place-challenge-2026/external/DREAMPlace/build/thirdparty/flute/CMakeFiles/flute.dir/DependInfo.cmake --color=
gmake[2]: Entering directory '/u5/w223zhan/macro-place-challenge-2026/external/DREAMPlace/build'
cd /u5/w223zhan/macro-place-challenge-2026/external/DREAMPlace/build && /usr/bin/cmake -E cmake_depends "Unix Makefiles" /u5/w223zhan/macro-place-challenge-2026/external/DREAMPlace /u5/w223zhan/macro-place-challenge-2026/external/DREAMPlace/thirdparty/Limbo/limbo/thirdparty/lefdef/5.8/lef /u5/w223zhan/macro-place-challenge-2026/external/DREAMPlace/build /u5/w223zhan/macro-place-challenge-2026/external/DREAMPlace/build/thirdparty/Limbo/limbo/thirdparty/lefdef/5.8/lef /u5/w223zhan/macro-place-challenge-2026/external/DREAMPlace/build/thirdparty/Limbo/limbo/thirdparty/lefdef/5.8/lef/CMakeFiles/clef.dir/DependInfo.cmake --color=
gmake[2]: Entering directory '/u5/w223zhan/macro-place-challenge-2026/external/DREAMPlace/build'
cd /u5/w223zhan/macro-place-challenge-2026/external/DREAMPlace/build && /usr/bin/cmake -E cmake_depends "Unix Makefiles" /u5/w223zhan/macro-place-challenge-2026/external/DREAMPlace /u5/w223zhan/macro-place-challenge-2026/external/DREAMPlace/thirdparty/Limbo/limbo/thirdparty/CThreadPool /u5/w223zhan/macro-place-challenge-2026/external/DREAMPlace/build /u5/w223zhan/macro-place-challenge-2026/external/DREAMPlace/build/thirdparty/Limbo/limbo/thirdparty/CThreadPool /u5/w223zhan/macro-place-challenge-2026/external/DREAMPlace/build/thirdparty/Limbo/limbo/thirdparty/CThreadPool/CMakeFiles/CThreadPool_thpool.dir/DependInfo.cmake --color=
gmake[2]: Entering directory '/u5/w223zhan/macro-place-challenge-2026/external/DREAMPlace/build'
cd /u5/w223zhan/macro-place-challenge-2026/external/DREAMPlace/build && /usr/bin/cmake -E cmake_depends "Unix Makefiles" /u5/w223zhan/macro-place-challenge-2026/external/DREAMPlace /u5/w223zhan/macro-place-challenge-2026/external/DREAMPlace/thirdparty/Limbo/limbo/thirdparty/lefdef/5.8/lef /u5/w223zhan/macro-place-challenge-2026/external/DREAMPlace/build /u5/w223zhan/macro-place-challenge-2026/external/DREAMPlace/build/thirdparty/Limbo/limbo/thirdparty/lefdef/5.8/lef /u5/w223zhan/macro-place-challenge-2026/external/DREAMPlace/build/thirdparty/Limbo/limbo/thirdparty/lefdef/5.8/lef/CMakeFiles/lef_objlib.dir/DependInfo.cmake --color=
Consolidate compiler generated dependencies of target flute
gmake[2]: Leaving directory '/u5/w223zhan/macro-place-challenge-2026/external/DREAMPlace/build'
/usr/bin/gmake  -f thirdparty/flute/CMakeFiles/flute.dir/build.make thirdparty/flute/CMakeFiles/flute.dir/build
Consolidate compiler generated dependencies of target CThreadPool_thpool
gmake[2]: Leaving directory '/u5/w223zhan/macro-place-challenge-2026/external/DREAMPlace/build'
/usr/bin/gmake  -f thirdparty/Limbo/limbo/thirdparty/CThreadPool/CMakeFiles/CThreadPool_thpool.dir/build.make thirdparty/Limbo/limbo/thirdparty/CThreadPool/CMakeFiles/CThreadPool_thpool.dir/build
Consolidate compiler generated dependencies of target clef
gmake[2]: Leaving directory '/u5/w223zhan/macro-place-challenge-2026/external/DREAMPlace/build'
/usr/bin/gmake  -f thirdparty/Limbo/limbo/thirdparty/lefdef/5.8/lef/CMakeFiles/clef.dir/build.make thirdparty/Limbo/limbo/thirdparty/lefdef/5.8/lef/CMakeFiles/clef.dir/build
gmake[2]: Entering directory '/u5/w223zhan/macro-place-challenge-2026/external/DREAMPlace/build'
gmake[2]: Nothing to be done for 'thirdparty/Limbo/limbo/thirdparty/CThreadPool/CMakeFiles/CThreadPool_thpool.dir/build'.
gmake[2]: Leaving directory '/u5/w223zhan/macro-place-challenge-2026/external/DREAMPlace/build'
gmake[2]: Entering directory '/u5/w223zhan/macro-place-challenge-2026/external/DREAMPlace/build'
gmake[2]: Nothing to be done for 'thirdparty/flute/CMakeFiles/flute.dir/build'.
gmake[2]: Leaving directory '/u5/w223zhan/macro-place-challenge-2026/external/DREAMPlace/build'
gmake[2]: Entering directory '/u5/w223zhan/macro-place-challenge-2026/external/DREAMPlace/build'
gmake[2]: Nothing to be done for 'thirdparty/Limbo/limbo/thirdparty/lefdef/5.8/lef/CMakeFiles/clef.dir/build'.
gmake[2]: Leaving directory '/u5/w223zhan/macro-place-challenge-2026/external/DREAMPlace/build'
Consolidate compiler generated dependencies of target lef_objlib
gmake[2]: Leaving directory '/u5/w223zhan/macro-place-challenge-2026/external/DREAMPlace/build'
/usr/bin/gmake  -f thirdparty/Limbo/limbo/thirdparty/lefdef/5.8/lef/CMakeFiles/lef_objlib.dir/build.make thirdparty/Limbo/limbo/thirdparty/lefdef/5.8/lef/CMakeFiles/lef_objlib.dir/build
[  0%] Built target CThreadPool_thpool
/usr/bin/gmake  -f thirdparty/Limbo/limbo/thirdparty/lefdef/5.8/lef/CMakeFiles/lefzlib.dir/build.make thirdparty/Limbo/limbo/thirdparty/lefdef/5.8/lef/CMakeFiles/lefzlib.dir/depend
[  3%] Built target flute
[  4%] Built target clef
/usr/bin/gmake  -f thirdparty/Limbo/limbo/thirdparty/lefdef/5.8/lef/CMakeFiles/clefzlib.dir/build.make thirdparty/Limbo/limbo/thirdparty/lefdef/5.8/lef/CMakeFiles/clefzlib.dir/depend
/usr/bin/gmake  -f thirdparty/Limbo/limbo/thirdparty/lefdef/5.8/def/CMakeFiles/def_objlib.dir/build.make thirdparty/Limbo/limbo/thirdparty/lefdef/5.8/def/CMakeFiles/def_objlib.dir/depend
gmake[2]: Entering directory '/u5/w223zhan/macro-place-challenge-2026/external/DREAMPlace/build'
cd /u5/w223zhan/macro-place-challenge-2026/external/DREAMPlace/build && /usr/bin/cmake -E cmake_depends "Unix Makefiles" /u5/w223zhan/macro-place-challenge-2026/external/DREAMPlace /u5/w223zhan/macro-place-challenge-2026/external/DREAMPlace/thirdparty/Limbo/limbo/thirdparty/lefdef/5.8/lef /u5/w223zhan/macro-place-challenge-2026/external/DREAMPlace/build /u5/w223zhan/macro-place-challenge-2026/external/DREAMPlace/build/thirdparty/Limbo/limbo/thirdparty/lefdef/5.8/lef /u5/w223zhan/macro-place-challenge-2026/external/DREAMPlace/build/thirdparty/Limbo/limbo/thirdparty/lefdef/5.8/lef/CMakeFiles/lefzlib.dir/DependInfo.cmake --color=
gmake[2]: Entering directory '/u5/w223zhan/macro-place-challenge-2026/external/DREAMPlace/build'
cd /u5/w223zhan/macro-place-challenge-2026/external/DREAMPlace/build && /usr/bin/cmake -E cmake_depends "Unix Makefiles" /u5/w223zhan/macro-place-challenge-2026/external/DREAMPlace /u5/w223zhan/macro-place-challenge-2026/external/DREAMPlace/thirdparty/Limbo/limbo/thirdparty/lefdef/5.8/lef /u5/w223zhan/macro-place-challenge-2026/external/DREAMPlace/build /u5/w223zhan/macro-place-challenge-2026/external/DREAMPlace/build/thirdparty/Limbo/limbo/thirdparty/lefdef/5.8/lef /u5/w223zhan/macro-place-challenge-2026/external/DREAMPlace/build/thirdparty/Limbo/limbo/thirdparty/lefdef/5.8/lef/CMakeFiles/clefzlib.dir/DependInfo.cmake --color=
gmake[2]: Entering directory '/u5/w223zhan/macro-place-challenge-2026/external/DREAMPlace/build'
cd /u5/w223zhan/macro-place-challenge-2026/external/DREAMPlace/build && /usr/bin/cmake -E cmake_depends "Unix Makefiles" /u5/w223zhan/macro-place-challenge-2026/external/DREAMPlace /u5/w223zhan/macro-place-challenge-2026/external/DREAMPlace/thirdparty/Limbo/limbo/thirdparty/lefdef/5.8/def /u5/w223zhan/macro-place-challenge-2026/external/DREAMPlace/build /u5/w223zhan/macro-place-challenge-2026/external/DREAMPlace/build/thirdparty/Limbo/limbo/thirdparty/lefdef/5.8/def /u5/w223zhan/macro-place-challenge-2026/external/DREAMPlace/build/thirdparty/Limbo/limbo/thirdparty/lefdef/5.8/def/CMakeFiles/def_objlib.dir/DependInfo.cmake --color=
gmake[2]: Entering directory '/u5/w223zhan/macro-place-challenge-2026/external/DREAMPlace/build'
gmake[2]: Nothing to be done for 'thirdparty/Limbo/limbo/thirdparty/lefdef/5.8/lef/CMakeFiles/lef_objlib.dir/build'.
gmake[2]: Leaving directory '/u5/w223zhan/macro-place-challenge-2026/external/DREAMPlace/build'
[  9%] Built target lef_objlib
/usr/bin/gmake  -f thirdparty/Limbo/limbo/thirdparty/lefdef/5.8/def/CMakeFiles/cdef.dir/build.make thirdparty/Limbo/limbo/thirdparty/lefdef/5.8/def/CMakeFiles/cdef.dir/depend
Consolidate compiler generated dependencies of target lefzlib
Consolidate compiler generated dependencies of target clefzlib
gmake[2]: Leaving directory '/u5/w223zhan/macro-place-challenge-2026/external/DREAMPlace/build'
/usr/bin/gmake  -f thirdparty/Limbo/limbo/thirdparty/lefdef/5.8/lef/CMakeFiles/lefzlib.dir/build.make thirdparty/Limbo/limbo/thirdparty/lefdef/5.8/lef/CMakeFiles/lefzlib.dir/build
gmake[2]: Leaving directory '/u5/w223zhan/macro-place-challenge-2026/external/DREAMPlace/build'
/usr/bin/gmake  -f thirdparty/Limbo/limbo/thirdparty/lefdef/5.8/lef/CMakeFiles/clefzlib.dir/build.make thirdparty/Limbo/limbo/thirdparty/lefdef/5.8/lef/CMakeFiles/clefzlib.dir/build
gmake[2]: Entering directory '/u5/w223zhan/macro-place-challenge-2026/external/DREAMPlace/build'
cd /u5/w223zhan/macro-place-challenge-2026/external/DREAMPlace/build && /usr/bin/cmake -E cmake_depends "Unix Makefiles" /u5/w223zhan/macro-place-challenge-2026/external/DREAMPlace /u5/w223zhan/macro-place-challenge-2026/external/DREAMPlace/thirdparty/Limbo/limbo/thirdparty/lefdef/5.8/def /u5/w223zhan/macro-place-challenge-2026/external/DREAMPlace/build /u5/w223zhan/macro-place-challenge-2026/external/DREAMPlace/build/thirdparty/Limbo/limbo/thirdparty/lefdef/5.8/def /u5/w223zhan/macro-place-challenge-2026/external/DREAMPlace/build/thirdparty/Limbo/limbo/thirdparty/lefdef/5.8/def/CMakeFiles/cdef.dir/DependInfo.cmake --color=
gmake[2]: Entering directory '/u5/w223zhan/macro-place-challenge-2026/external/DREAMPlace/build'
gmake[2]: Nothing to be done for 'thirdparty/Limbo/limbo/thirdparty/lefdef/5.8/lef/CMakeFiles/lefzlib.dir/build'.
gmake[2]: Leaving directory '/u5/w223zhan/macro-place-challenge-2026/external/DREAMPlace/build'
gmake[2]: Entering directory '/u5/w223zhan/macro-place-challenge-2026/external/DREAMPlace/build'
gmake[2]: Nothing to be done for 'thirdparty/Limbo/limbo/thirdparty/lefdef/5.8/lef/CMakeFiles/clefzlib.dir/build'.
gmake[2]: Leaving directory '/u5/w223zhan/macro-place-challenge-2026/external/DREAMPlace/build'
[  9%] Built target lefzlib
/usr/bin/gmake  -f thirdparty/Limbo/limbo/thirdparty/lefdef/5.8/def/CMakeFiles/defzlib.dir/build.make thirdparty/Limbo/limbo/thirdparty/lefdef/5.8/def/CMakeFiles/defzlib.dir/depend
[  9%] Built target clefzlib
/usr/bin/gmake  -f thirdparty/Limbo/limbo/thirdparty/lefdef/5.8/def/CMakeFiles/cdefzlib.dir/build.make thirdparty/Limbo/limbo/thirdparty/lefdef/5.8/def/CMakeFiles/cdefzlib.dir/depend
gmake[2]: Entering directory '/u5/w223zhan/macro-place-challenge-2026/external/DREAMPlace/build'
cd /u5/w223zhan/macro-place-challenge-2026/external/DREAMPlace/build && /usr/bin/cmake -E cmake_depends "Unix Makefiles" /u5/w223zhan/macro-place-challenge-2026/external/DREAMPlace /u5/w223zhan/macro-place-challenge-2026/external/DREAMPlace/thirdparty/Limbo/limbo/thirdparty/lefdef/5.8/def /u5/w223zhan/macro-place-challenge-2026/external/DREAMPlace/build /u5/w223zhan/macro-place-challenge-2026/external/DREAMPlace/build/thirdparty/Limbo/limbo/thirdparty/lefdef/5.8/def /u5/w223zhan/macro-place-challenge-2026/external/DREAMPlace/build/thirdparty/Limbo/limbo/thirdparty/lefdef/5.8/def/CMakeFiles/defzlib.dir/DependInfo.cmake --color=
gmake[2]: Entering directory '/u5/w223zhan/macro-place-challenge-2026/external/DREAMPlace/build'
cd /u5/w223zhan/macro-place-challenge-2026/external/DREAMPlace/build && /usr/bin/cmake -E cmake_depends "Unix Makefiles" /u5/w223zhan/macro-place-challenge-2026/external/DREAMPlace /u5/w223zhan/macro-place-challenge-2026/external/DREAMPlace/thirdparty/Limbo/limbo/thirdparty/lefdef/5.8/def /u5/w223zhan/macro-place-challenge-2026/external/DREAMPlace/build /u5/w223zhan/macro-place-challenge-2026/external/DREAMPlace/build/thirdparty/Limbo/limbo/thirdparty/lefdef/5.8/def /u5/w223zhan/macro-place-challenge-2026/external/DREAMPlace/build/thirdparty/Limbo/limbo/thirdparty/lefdef/5.8/def/CMakeFiles/cdefzlib.dir/DependInfo.cmake --color=
Consolidate compiler generated dependencies of target cdefzlib
Consolidate compiler generated dependencies of target defzlib
gmake[2]: Leaving directory '/u5/w223zhan/macro-place-challenge-2026/external/DREAMPlace/build'
gmake[2]: Leaving directory '/u5/w223zhan/macro-place-challenge-2026/external/DREAMPlace/build'
/usr/bin/gmake  -f thirdparty/Limbo/limbo/thirdparty/lefdef/5.8/def/CMakeFiles/cdefzlib.dir/build.make thirdparty/Limbo/limbo/thirdparty/lefdef/5.8/def/CMakeFiles/cdefzlib.dir/build
/usr/bin/gmake  -f thirdparty/Limbo/limbo/thirdparty/lefdef/5.8/def/CMakeFiles/defzlib.dir/build.make thirdparty/Limbo/limbo/thirdparty/lefdef/5.8/def/CMakeFiles/defzlib.dir/build
Consolidate compiler generated dependencies of target cdef
gmake[2]: Leaving directory '/u5/w223zhan/macro-place-challenge-2026/external/DREAMPlace/build'
/usr/bin/gmake  -f thirdparty/Limbo/limbo/thirdparty/lefdef/5.8/def/CMakeFiles/cdef.dir/build.make thirdparty/Limbo/limbo/thirdparty/lefdef/5.8/def/CMakeFiles/cdef.dir/build
gmake[2]: Entering directory '/u5/w223zhan/macro-place-challenge-2026/external/DREAMPlace/build'
gmake[2]: Nothing to be done for 'thirdparty/Limbo/limbo/thirdparty/lefdef/5.8/def/CMakeFiles/cdefzlib.dir/build'.
gmake[2]: Leaving directory '/u5/w223zhan/macro-place-challenge-2026/external/DREAMPlace/build'
gmake[2]: Entering directory '/u5/w223zhan/macro-place-challenge-2026/external/DREAMPlace/build'
gmake[2]: Nothing to be done for 'thirdparty/Limbo/limbo/thirdparty/lefdef/5.8/def/CMakeFiles/defzlib.dir/build'.
gmake[2]: Leaving directory '/u5/w223zhan/macro-place-challenge-2026/external/DREAMPlace/build'
gmake[2]: Entering directory '/u5/w223zhan/macro-place-challenge-2026/external/DREAMPlace/build'
gmake[2]: Nothing to be done for 'thirdparty/Limbo/limbo/thirdparty/lefdef/5.8/def/CMakeFiles/cdef.dir/build'.
gmake[2]: Leaving directory '/u5/w223zhan/macro-place-challenge-2026/external/DREAMPlace/build'
[ 10%] Built target defzlib
[ 10%] Built target cdefzlib
/usr/bin/gmake  -f thirdparty/Limbo/limbo/thirdparty/lemon/lemon/CMakeFiles/lemon.dir/build.make thirdparty/Limbo/limbo/thirdparty/lemon/lemon/CMakeFiles/lemon.dir/depend
/usr/bin/gmake  -f thirdparty/Limbo/limbo/thirdparty/gzstream/CMakeFiles/gzstream.dir/build.make thirdparty/Limbo/limbo/thirdparty/gzstream/CMakeFiles/gzstream.dir/depend
gmake[2]: Entering directory '/u5/w223zhan/macro-place-challenge-2026/external/DREAMPlace/build'
cd /u5/w223zhan/macro-place-challenge-2026/external/DREAMPlace/build && /usr/bin/cmake -E cmake_depends "Unix Makefiles" /u5/w223zhan/macro-place-challenge-2026/external/DREAMPlace /u5/w223zhan/macro-place-challenge-2026/external/DREAMPlace/thirdparty/Limbo/limbo/thirdparty/lemon/lemon /u5/w223zhan/macro-place-challenge-2026/external/DREAMPlace/build /u5/w223zhan/macro-place-challenge-2026/external/DREAMPlace/build/thirdparty/Limbo/limbo/thirdparty/lemon/lemon /u5/w223zhan/macro-place-challenge-2026/external/DREAMPlace/build/thirdparty/Limbo/limbo/thirdparty/lemon/lemon/CMakeFiles/lemon.dir/DependInfo.cmake --color=
gmake[2]: Entering directory '/u5/w223zhan/macro-place-challenge-2026/external/DREAMPlace/build'
cd /u5/w223zhan/macro-place-challenge-2026/external/DREAMPlace/build && /usr/bin/cmake -E cmake_depends "Unix Makefiles" /u5/w223zhan/macro-place-challenge-2026/external/DREAMPlace /u5/w223zhan/macro-place-challenge-2026/external/DREAMPlace/thirdparty/Limbo/limbo/thirdparty/gzstream /u5/w223zhan/macro-place-challenge-2026/external/DREAMPlace/build /u5/w223zhan/macro-place-challenge-2026/external/DREAMPlace/build/thirdparty/Limbo/limbo/thirdparty/gzstream /u5/w223zhan/macro-place-challenge-2026/external/DREAMPlace/build/thirdparty/Limbo/limbo/thirdparty/gzstream/CMakeFiles/gzstream.dir/DependInfo.cmake --color=
[ 16%] Built target cdef
/usr/bin/gmake  -f thirdparty/Limbo/limbo/geometry/CMakeFiles/GeoBoostPolygonApi.dir/build.make thirdparty/Limbo/limbo/geometry/CMakeFiles/GeoBoostPolygonApi.dir/depend
gmake[2]: Entering directory '/u5/w223zhan/macro-place-challenge-2026/external/DREAMPlace/build'
cd /u5/w223zhan/macro-place-challenge-2026/external/DREAMPlace/build && /usr/bin/cmake -E cmake_depends "Unix Makefiles" /u5/w223zhan/macro-place-challenge-2026/external/DREAMPlace /u5/w223zhan/macro-place-challenge-2026/external/DREAMPlace/thirdparty/Limbo/limbo/geometry /u5/w223zhan/macro-place-challenge-2026/external/DREAMPlace/build /u5/w223zhan/macro-place-challenge-2026/external/DREAMPlace/build/thirdparty/Limbo/limbo/geometry /u5/w223zhan/macro-place-challenge-2026/external/DREAMPlace/build/thirdparty/Limbo/limbo/geometry/CMakeFiles/GeoBoostPolygonApi.dir/DependInfo.cmake --color=
Consolidate compiler generated dependencies of target gzstream
gmake[2]: Leaving directory '/u5/w223zhan/macro-place-challenge-2026/external/DREAMPlace/build'
/usr/bin/gmake  -f thirdparty/Limbo/limbo/thirdparty/gzstream/CMakeFiles/gzstream.dir/build.make thirdparty/Limbo/limbo/thirdparty/gzstream/CMakeFiles/gzstream.dir/build
Consolidate compiler generated dependencies of target lemon
gmake[2]: Leaving directory '/u5/w223zhan/macro-place-challenge-2026/external/DREAMPlace/build'
/usr/bin/gmake  -f thirdparty/Limbo/limbo/thirdparty/lemon/lemon/CMakeFiles/lemon.dir/build.make thirdparty/Limbo/limbo/thirdparty/lemon/lemon/CMakeFiles/lemon.dir/build
gmake[2]: Entering directory '/u5/w223zhan/macro-place-challenge-2026/external/DREAMPlace/build'
gmake[2]: Nothing to be done for 'thirdparty/Limbo/limbo/thirdparty/gzstream/CMakeFiles/gzstream.dir/build'.
gmake[2]: Leaving directory '/u5/w223zhan/macro-place-challenge-2026/external/DREAMPlace/build'
[ 16%] Built target gzstream
Consolidate compiler generated dependencies of target GeoBoostPolygonApi
/usr/bin/gmake  -f thirdparty/Limbo/limbo/parsers/bookshelf/bison/CMakeFiles/bookshelfparser.dir/build.make thirdparty/Limbo/limbo/parsers/bookshelf/bison/CMakeFiles/bookshelfparser.dir/depend
gmake[2]: Leaving directory '/u5/w223zhan/macro-place-challenge-2026/external/DREAMPlace/build'
/usr/bin/gmake  -f thirdparty/Limbo/limbo/geometry/CMakeFiles/GeoBoostPolygonApi.dir/build.make thirdparty/Limbo/limbo/geometry/CMakeFiles/GeoBoostPolygonApi.dir/build
gmake[2]: Entering directory '/u5/w223zhan/macro-place-challenge-2026/external/DREAMPlace/build'
gmake[2]: Nothing to be done for 'thirdparty/Limbo/limbo/thirdparty/lemon/lemon/CMakeFiles/lemon.dir/build'.
gmake[2]: Leaving directory '/u5/w223zhan/macro-place-challenge-2026/external/DREAMPlace/build'
gmake[2]: Entering directory '/u5/w223zhan/macro-place-challenge-2026/external/DREAMPlace/build'
cd /u5/w223zhan/macro-place-challenge-2026/external/DREAMPlace/build && /usr/bin/cmake -E cmake_depends "Unix Makefiles" /u5/w223zhan/macro-place-challenge-2026/external/DREAMPlace /u5/w223zhan/macro-place-challenge-2026/external/DREAMPlace/thirdparty/Limbo/limbo/parsers/bookshelf/bison /u5/w223zhan/macro-place-challenge-2026/external/DREAMPlace/build /u5/w223zhan/macro-place-challenge-2026/external/DREAMPlace/build/thirdparty/Limbo/limbo/parsers/bookshelf/bison /u5/w223zhan/macro-place-challenge-2026/external/DREAMPlace/build/thirdparty/Limbo/limbo/parsers/bookshelf/bison/CMakeFiles/bookshelfparser.dir/DependInfo.cmake --color=
Consolidate compiler generated dependencies of target def_objlib
gmake[2]: Leaving directory '/u5/w223zhan/macro-place-challenge-2026/external/DREAMPlace/build'
/usr/bin/gmake  -f thirdparty/Limbo/limbo/thirdparty/lefdef/5.8/def/CMakeFiles/def_objlib.dir/build.make thirdparty/Limbo/limbo/thirdparty/lefdef/5.8/def/CMakeFiles/def_objlib.dir/build
[ 17%] Built target lemon
/usr/bin/gmake  -f thirdparty/Limbo/limbo/parsers/def/bison/CMakeFiles/defparser.dir/build.make thirdparty/Limbo/limbo/parsers/def/bison/CMakeFiles/defparser.dir/depend
gmake[2]: Entering directory '/u5/w223zhan/macro-place-challenge-2026/external/DREAMPlace/build'
gmake[2]: Nothing to be done for 'thirdparty/Limbo/limbo/geometry/CMakeFiles/GeoBoostPolygonApi.dir/build'.
gmake[2]: Leaving directory '/u5/w223zhan/macro-place-challenge-2026/external/DREAMPlace/build'
gmake[2]: Entering directory '/u5/w223zhan/macro-place-challenge-2026/external/DREAMPlace/build'
cd /u5/w223zhan/macro-place-challenge-2026/external/DREAMPlace/build && /usr/bin/cmake -E cmake_depends "Unix Makefiles" /u5/w223zhan/macro-place-challenge-2026/external/DREAMPlace /u5/w223zhan/macro-place-challenge-2026/external/DREAMPlace/thirdparty/Limbo/limbo/parsers/def/bison /u5/w223zhan/macro-place-challenge-2026/external/DREAMPlace/build /u5/w223zhan/macro-place-challenge-2026/external/DREAMPlace/build/thirdparty/Limbo/limbo/parsers/def/bison /u5/w223zhan/macro-place-challenge-2026/external/DREAMPlace/build/thirdparty/Limbo/limbo/parsers/def/bison/CMakeFiles/defparser.dir/DependInfo.cmake --color=
gmake[2]: Entering directory '/u5/w223zhan/macro-place-challenge-2026/external/DREAMPlace/build'
gmake[2]: Nothing to be done for 'thirdparty/Limbo/limbo/thirdparty/lefdef/5.8/def/CMakeFiles/def_objlib.dir/build'.
gmake[2]: Leaving directory '/u5/w223zhan/macro-place-challenge-2026/external/DREAMPlace/build'
Consolidate compiler generated dependencies of target bookshelfparser
gmake[2]: Leaving directory '/u5/w223zhan/macro-place-challenge-2026/external/DREAMPlace/build'
/usr/bin/gmake  -f thirdparty/Limbo/limbo/parsers/bookshelf/bison/CMakeFiles/bookshelfparser.dir/build.make thirdparty/Limbo/limbo/parsers/bookshelf/bison/CMakeFiles/bookshelfparser.dir/build
[ 18%] Built target GeoBoostPolygonApi
/usr/bin/gmake  -f thirdparty/Limbo/limbo/parsers/ebeam/bison/CMakeFiles/ebeamparser.dir/build.make thirdparty/Limbo/limbo/parsers/ebeam/bison/CMakeFiles/ebeamparser.dir/depend
gmake[2]: Entering directory '/u5/w223zhan/macro-place-challenge-2026/external/DREAMPlace/build'
gmake[2]: Nothing to be done for 'thirdparty/Limbo/limbo/parsers/bookshelf/bison/CMakeFiles/bookshelfparser.dir/build'.
gmake[2]: Leaving directory '/u5/w223zhan/macro-place-challenge-2026/external/DREAMPlace/build'
gmake[2]: Entering directory '/u5/w223zhan/macro-place-challenge-2026/external/DREAMPlace/build'
cd /u5/w223zhan/macro-place-challenge-2026/external/DREAMPlace/build && /usr/bin/cmake -E cmake_depends "Unix Makefiles" /u5/w223zhan/macro-place-challenge-2026/external/DREAMPlace /u5/w223zhan/macro-place-challenge-2026/external/DREAMPlace/thirdparty/Limbo/limbo/parsers/ebeam/bison /u5/w223zhan/macro-place-challenge-2026/external/DREAMPlace/build /u5/w223zhan/macro-place-challenge-2026/external/DREAMPlace/build/thirdparty/Limbo/limbo/parsers/ebeam/bison /u5/w223zhan/macro-place-challenge-2026/external/DREAMPlace/build/thirdparty/Limbo/limbo/parsers/ebeam/bison/CMakeFiles/ebeamparser.dir/DependInfo.cmake --color=
[ 25%] Built target def_objlib
/usr/bin/gmake  -f thirdparty/Limbo/limbo/parsers/gdf/bison/CMakeFiles/gdfparser.dir/build.make thirdparty/Limbo/limbo/parsers/gdf/bison/CMakeFiles/gdfparser.dir/depend
gmake[2]: Entering directory '/u5/w223zhan/macro-place-challenge-2026/external/DREAMPlace/build'
cd /u5/w223zhan/macro-place-challenge-2026/external/DREAMPlace/build && /usr/bin/cmake -E cmake_depends "Unix Makefiles" /u5/w223zhan/macro-place-challenge-2026/external/DREAMPlace /u5/w223zhan/macro-place-challenge-2026/external/DREAMPlace/thirdparty/Limbo/limbo/parsers/gdf/bison /u5/w223zhan/macro-place-challenge-2026/external/DREAMPlace/build /u5/w223zhan/macro-place-challenge-2026/external/DREAMPlace/build/thirdparty/Limbo/limbo/parsers/gdf/bison /u5/w223zhan/macro-place-challenge-2026/external/DREAMPlace/build/thirdparty/Limbo/limbo/parsers/gdf/bison/CMakeFiles/gdfparser.dir/DependInfo.cmake --color=
[ 26%] Built target bookshelfparser
/usr/bin/gmake  -f thirdparty/Limbo/limbo/parsers/gdsii/stream/CMakeFiles/gdsparser.dir/build.make thirdparty/Limbo/limbo/parsers/gdsii/stream/CMakeFiles/gdsparser.dir/depend
Consolidate compiler generated dependencies of target defparser
gmake[2]: Entering directory '/u5/w223zhan/macro-place-challenge-2026/external/DREAMPlace/build'
cd /u5/w223zhan/macro-place-challenge-2026/external/DREAMPlace/build && /usr/bin/cmake -E cmake_depends "Unix Makefiles" /u5/w223zhan/macro-place-challenge-2026/external/DREAMPlace /u5/w223zhan/macro-place-challenge-2026/external/DREAMPlace/thirdparty/Limbo/limbo/parsers/gdsii/stream /u5/w223zhan/macro-place-challenge-2026/external/DREAMPlace/build /u5/w223zhan/macro-place-challenge-2026/external/DREAMPlace/build/thirdparty/Limbo/limbo/parsers/gdsii/stream /u5/w223zhan/macro-place-challenge-2026/external/DREAMPlace/build/thirdparty/Limbo/limbo/parsers/gdsii/stream/CMakeFiles/gdsparser.dir/DependInfo.cmake --color=
gmake[2]: Leaving directory '/u5/w223zhan/macro-place-challenge-2026/external/DREAMPlace/build'
/usr/bin/gmake  -f thirdparty/Limbo/limbo/parsers/def/bison/CMakeFiles/defparser.dir/build.make thirdparty/Limbo/limbo/parsers/def/bison/CMakeFiles/defparser.dir/build
Consolidate compiler generated dependencies of target ebeamparser
Consolidate compiler generated dependencies of target gdfparser
gmake[2]: Entering directory '/u5/w223zhan/macro-place-challenge-2026/external/DREAMPlace/build'
gmake[2]: Nothing to be done for 'thirdparty/Limbo/limbo/parsers/def/bison/CMakeFiles/defparser.dir/build'.
gmake[2]: Leaving directory '/u5/w223zhan/macro-place-challenge-2026/external/DREAMPlace/build'
gmake[2]: Leaving directory '/u5/w223zhan/macro-place-challenge-2026/external/DREAMPlace/build'
/usr/bin/gmake  -f thirdparty/Limbo/limbo/parsers/ebeam/bison/CMakeFiles/ebeamparser.dir/build.make thirdparty/Limbo/limbo/parsers/ebeam/bison/CMakeFiles/ebeamparser.dir/build
gmake[2]: Leaving directory '/u5/w223zhan/macro-place-challenge-2026/external/DREAMPlace/build'
/usr/bin/gmake  -f thirdparty/Limbo/limbo/parsers/gdf/bison/CMakeFiles/gdfparser.dir/build.make thirdparty/Limbo/limbo/parsers/gdf/bison/CMakeFiles/gdfparser.dir/build
gmake[2]: Entering directory '/u5/w223zhan/macro-place-challenge-2026/external/DREAMPlace/build'
gmake[2]: Nothing to be done for 'thirdparty/Limbo/limbo/parsers/gdf/bison/CMakeFiles/gdfparser.dir/build'.
gmake[2]: Leaving directory '/u5/w223zhan/macro-place-challenge-2026/external/DREAMPlace/build'
gmake[2]: Entering directory '/u5/w223zhan/macro-place-challenge-2026/external/DREAMPlace/build'
gmake[2]: Nothing to be done for 'thirdparty/Limbo/limbo/parsers/ebeam/bison/CMakeFiles/ebeamparser.dir/build'.
gmake[2]: Leaving directory '/u5/w223zhan/macro-place-challenge-2026/external/DREAMPlace/build'
[ 27%] Built target defparser
/usr/bin/gmake  -f thirdparty/Limbo/limbo/parsers/gdsii/gdsdb/CMakeFiles/gdsdb.dir/build.make thirdparty/Limbo/limbo/parsers/gdsii/gdsdb/CMakeFiles/gdsdb.dir/depend
Consolidate compiler generated dependencies of target gdsparser
[ 29%] Built target gdfparser
[ 29%] Built target ebeamparser
gmake[2]: Leaving directory '/u5/w223zhan/macro-place-challenge-2026/external/DREAMPlace/build'
/usr/bin/gmake  -f thirdparty/Limbo/limbo/parsers/gdsii/stream/CMakeFiles/gdsparser.dir/build.make thirdparty/Limbo/limbo/parsers/gdsii/stream/CMakeFiles/gdsparser.dir/build
/usr/bin/gmake  -f thirdparty/Limbo/limbo/parsers/lef/bison/CMakeFiles/lefparser.dir/build.make thirdparty/Limbo/limbo/parsers/lef/bison/CMakeFiles/lefparser.dir/depend
/usr/bin/gmake  -f thirdparty/Limbo/limbo/parsers/lef/adapt/CMakeFiles/lefparseradapt.dir/build.make thirdparty/Limbo/limbo/parsers/lef/adapt/CMakeFiles/lefparseradapt.dir/depend
gmake[2]: Entering directory '/u5/w223zhan/macro-place-challenge-2026/external/DREAMPlace/build'
cd /u5/w223zhan/macro-place-challenge-2026/external/DREAMPlace/build && /usr/bin/cmake -E cmake_depends "Unix Makefiles" /u5/w223zhan/macro-place-challenge-2026/external/DREAMPlace /u5/w223zhan/macro-place-challenge-2026/external/DREAMPlace/thirdparty/Limbo/limbo/parsers/gdsii/gdsdb /u5/w223zhan/macro-place-challenge-2026/external/DREAMPlace/build /u5/w223zhan/macro-place-challenge-2026/external/DREAMPlace/build/thirdparty/Limbo/limbo/parsers/gdsii/gdsdb /u5/w223zhan/macro-place-challenge-2026/external/DREAMPlace/build/thirdparty/Limbo/limbo/parsers/gdsii/gdsdb/CMakeFiles/gdsdb.dir/DependInfo.cmake --color=
gmake[2]: Entering directory '/u5/w223zhan/macro-place-challenge-2026/external/DREAMPlace/build'
cd /u5/w223zhan/macro-place-challenge-2026/external/DREAMPlace/build && /usr/bin/cmake -E cmake_depends "Unix Makefiles" /u5/w223zhan/macro-place-challenge-2026/external/DREAMPlace /u5/w223zhan/macro-place-challenge-2026/external/DREAMPlace/thirdparty/Limbo/limbo/parsers/lef/bison /u5/w223zhan/macro-place-challenge-2026/external/DREAMPlace/build /u5/w223zhan/macro-place-challenge-2026/external/DREAMPlace/build/thirdparty/Limbo/limbo/parsers/lef/bison /u5/w223zhan/macro-place-challenge-2026/external/DREAMPlace/build/thirdparty/Limbo/limbo/parsers/lef/bison/CMakeFiles/lefparser.dir/DependInfo.cmake --color=
gmake[2]: Entering directory '/u5/w223zhan/macro-place-challenge-2026/external/DREAMPlace/build'
cd /u5/w223zhan/macro-place-challenge-2026/external/DREAMPlace/build && /usr/bin/cmake -E cmake_depends "Unix Makefiles" /u5/w223zhan/macro-place-challenge-2026/external/DREAMPlace /u5/w223zhan/macro-place-challenge-2026/external/DREAMPlace/thirdparty/Limbo/limbo/parsers/lef/adapt /u5/w223zhan/macro-place-challenge-2026/external/DREAMPlace/build /u5/w223zhan/macro-place-challenge-2026/external/DREAMPlace/build/thirdparty/Limbo/limbo/parsers/lef/adapt /u5/w223zhan/macro-place-challenge-2026/external/DREAMPlace/build/thirdparty/Limbo/limbo/parsers/lef/adapt/CMakeFiles/lefparseradapt.dir/DependInfo.cmake --color=
gmake[2]: Entering directory '/u5/w223zhan/macro-place-challenge-2026/external/DREAMPlace/build'
gmake[2]: Nothing to be done for 'thirdparty/Limbo/limbo/parsers/gdsii/stream/CMakeFiles/gdsparser.dir/build'.
gmake[2]: Leaving directory '/u5/w223zhan/macro-place-challenge-2026/external/DREAMPlace/build'
Consolidate compiler generated dependencies of target lefparseradapt
[ 30%] Built target gdsparser
gmake[2]: Leaving directory '/u5/w223zhan/macro-place-challenge-2026/external/DREAMPlace/build'
/usr/bin/gmake  -f thirdparty/Limbo/limbo/parsers/lp/bison/CMakeFiles/lpparser.dir/build.make thirdparty/Limbo/limbo/parsers/lp/bison/CMakeFiles/lpparser.dir/depend
/usr/bin/gmake  -f thirdparty/Limbo/limbo/parsers/lef/adapt/CMakeFiles/lefparseradapt.dir/build.make thirdparty/Limbo/limbo/parsers/lef/adapt/CMakeFiles/lefparseradapt.dir/build
gmake[2]: Entering directory '/u5/w223zhan/macro-place-challenge-2026/external/DREAMPlace/build'
cd /u5/w223zhan/macro-place-challenge-2026/external/DREAMPlace/build && /usr/bin/cmake -E cmake_depends "Unix Makefiles" /u5/w223zhan/macro-place-challenge-2026/external/DREAMPlace /u5/w223zhan/macro-place-challenge-2026/external/DREAMPlace/thirdparty/Limbo/limbo/parsers/lp/bison /u5/w223zhan/macro-place-challenge-2026/external/DREAMPlace/build /u5/w223zhan/macro-place-challenge-2026/external/DREAMPlace/build/thirdparty/Limbo/limbo/parsers/lp/bison /u5/w223zhan/macro-place-challenge-2026/external/DREAMPlace/build/thirdparty/Limbo/limbo/parsers/lp/bison/CMakeFiles/lpparser.dir/DependInfo.cmake --color=
gmake[2]: Entering directory '/u5/w223zhan/macro-place-challenge-2026/external/DREAMPlace/build'
gmake[2]: Nothing to be done for 'thirdparty/Limbo/limbo/parsers/lef/adapt/CMakeFiles/lefparseradapt.dir/build'.
gmake[2]: Leaving directory '/u5/w223zhan/macro-place-challenge-2026/external/DREAMPlace/build'
[ 30%] Built target lefparseradapt
/usr/bin/gmake  -f thirdparty/Limbo/limbo/parsers/verilog/bison/CMakeFiles/verilogparser.dir/build.make thirdparty/Limbo/limbo/parsers/verilog/bison/CMakeFiles/verilogparser.dir/depend
Consolidate compiler generated dependencies of target lpparser
gmake[2]: Entering directory '/u5/w223zhan/macro-place-challenge-2026/external/DREAMPlace/build'
cd /u5/w223zhan/macro-place-challenge-2026/external/DREAMPlace/build && /usr/bin/cmake -E cmake_depends "Unix Makefiles" /u5/w223zhan/macro-place-challenge-2026/external/DREAMPlace /u5/w223zhan/macro-place-challenge-2026/external/DREAMPlace/thirdparty/Limbo/limbo/parsers/verilog/bison /u5/w223zhan/macro-place-challenge-2026/external/DREAMPlace/build /u5/w223zhan/macro-place-challenge-2026/external/DREAMPlace/build/thirdparty/Limbo/limbo/parsers/verilog/bison /u5/w223zhan/macro-place-challenge-2026/external/DREAMPlace/build/thirdparty/Limbo/limbo/parsers/verilog/bison/CMakeFiles/verilogparser.dir/DependInfo.cmake --color=
gmake[2]: Leaving directory '/u5/w223zhan/macro-place-challenge-2026/external/DREAMPlace/build'
/usr/bin/gmake  -f thirdparty/Limbo/limbo/parsers/lp/bison/CMakeFiles/lpparser.dir/build.make thirdparty/Limbo/limbo/parsers/lp/bison/CMakeFiles/lpparser.dir/build
Consolidate compiler generated dependencies of target lefparser
gmake[2]: Leaving directory '/u5/w223zhan/macro-place-challenge-2026/external/DREAMPlace/build'
/usr/bin/gmake  -f thirdparty/Limbo/limbo/parsers/lef/bison/CMakeFiles/lefparser.dir/build.make thirdparty/Limbo/limbo/parsers/lef/bison/CMakeFiles/lefparser.dir/build
gmake[2]: Entering directory '/u5/w223zhan/macro-place-challenge-2026/external/DREAMPlace/build'
gmake[2]: Nothing to be done for 'thirdparty/Limbo/limbo/parsers/lp/bison/CMakeFiles/lpparser.dir/build'.
gmake[2]: Leaving directory '/u5/w223zhan/macro-place-challenge-2026/external/DREAMPlace/build'
gmake[2]: Entering directory '/u5/w223zhan/macro-place-challenge-2026/external/DREAMPlace/build'
gmake[2]: Nothing to be done for 'thirdparty/Limbo/limbo/parsers/lef/bison/CMakeFiles/lefparser.dir/build'.
gmake[2]: Leaving directory '/u5/w223zhan/macro-place-challenge-2026/external/DREAMPlace/build'
[ 31%] Built target lpparser
/usr/bin/gmake  -f thirdparty/Limbo/limbo/programoptions/CMakeFiles/programoptions.dir/build.make thirdparty/Limbo/limbo/programoptions/CMakeFiles/programoptions.dir/depend
Consolidate compiler generated dependencies of target verilogparser
gmake[2]: Leaving directory '/u5/w223zhan/macro-place-challenge-2026/external/DREAMPlace/build'
/usr/bin/gmake  -f thirdparty/Limbo/limbo/parsers/verilog/bison/CMakeFiles/verilogparser.dir/build.make thirdparty/Limbo/limbo/parsers/verilog/bison/CMakeFiles/verilogparser.dir/build
gmake[2]: Entering directory '/u5/w223zhan/macro-place-challenge-2026/external/DREAMPlace/build'
cd /u5/w223zhan/macro-place-challenge-2026/external/DREAMPlace/build && /usr/bin/cmake -E cmake_depends "Unix Makefiles" /u5/w223zhan/macro-place-challenge-2026/external/DREAMPlace /u5/w223zhan/macro-place-challenge-2026/external/DREAMPlace/thirdparty/Limbo/limbo/programoptions /u5/w223zhan/macro-place-challenge-2026/external/DREAMPlace/build /u5/w223zhan/macro-place-challenge-2026/external/DREAMPlace/build/thirdparty/Limbo/limbo/programoptions /u5/w223zhan/macro-place-challenge-2026/external/DREAMPlace/build/thirdparty/Limbo/limbo/programoptions/CMakeFiles/programoptions.dir/DependInfo.cmake --color=
[ 35%] Built target lefparser
/usr/bin/gmake  -f thirdparty/munkres-cpp/CMakeFiles/munkres.dir/build.make thirdparty/munkres-cpp/CMakeFiles/munkres.dir/depend
Consolidate compiler generated dependencies of target gdsdb
gmake[2]: Entering directory '/u5/w223zhan/macro-place-challenge-2026/external/DREAMPlace/build'
gmake[2]: Nothing to be done for 'thirdparty/Limbo/limbo/parsers/verilog/bison/CMakeFiles/verilogparser.dir/build'.
gmake[2]: Leaving directory '/u5/w223zhan/macro-place-challenge-2026/external/DREAMPlace/build'
gmake[2]: Leaving directory '/u5/w223zhan/macro-place-challenge-2026/external/DREAMPlace/build'
/usr/bin/gmake  -f thirdparty/Limbo/limbo/parsers/gdsii/gdsdb/CMakeFiles/gdsdb.dir/build.make thirdparty/Limbo/limbo/parsers/gdsii/gdsdb/CMakeFiles/gdsdb.dir/build
gmake[2]: Entering directory '/u5/w223zhan/macro-place-challenge-2026/external/DREAMPlace/build'
cd /u5/w223zhan/macro-place-challenge-2026/external/DREAMPlace/build && /usr/bin/cmake -E cmake_depends "Unix Makefiles" /u5/w223zhan/macro-place-challenge-2026/external/DREAMPlace /u5/w223zhan/macro-place-challenge-2026/external/DREAMPlace/thirdparty/munkres-cpp /u5/w223zhan/macro-place-challenge-2026/external/DREAMPlace/build /u5/w223zhan/macro-place-challenge-2026/external/DREAMPlace/build/thirdparty/munkres-cpp /u5/w223zhan/macro-place-challenge-2026/external/DREAMPlace/build/thirdparty/munkres-cpp/CMakeFiles/munkres.dir/DependInfo.cmake --color=
Consolidate compiler generated dependencies of target programoptions
gmake[2]: Leaving directory '/u5/w223zhan/macro-place-challenge-2026/external/DREAMPlace/build'
/usr/bin/gmake  -f thirdparty/Limbo/limbo/programoptions/CMakeFiles/programoptions.dir/build.make thirdparty/Limbo/limbo/programoptions/CMakeFiles/programoptions.dir/build
[ 36%] Built target verilogparser
/usr/bin/gmake  -f thirdparty/OpenTimer/CMakeFiles/OpenTimer.dir/build.make thirdparty/OpenTimer/CMakeFiles/OpenTimer.dir/depend
gmake[2]: Entering directory '/u5/w223zhan/macro-place-challenge-2026/external/DREAMPlace/build'
cd /u5/w223zhan/macro-place-challenge-2026/external/DREAMPlace/build && /usr/bin/cmake -E cmake_depends "Unix Makefiles" /u5/w223zhan/macro-place-challenge-2026/external/DREAMPlace /u5/w223zhan/macro-place-challenge-2026/external/DREAMPlace/thirdparty/OpenTimer /u5/w223zhan/macro-place-challenge-2026/external/DREAMPlace/build /u5/w223zhan/macro-place-challenge-2026/external/DREAMPlace/build/thirdparty/OpenTimer /u5/w223zhan/macro-place-challenge-2026/external/DREAMPlace/build/thirdparty/OpenTimer/CMakeFiles/OpenTimer.dir/DependInfo.cmake --color=
Consolidate compiler generated dependencies of target munkres
gmake[2]: Entering directory '/u5/w223zhan/macro-place-challenge-2026/external/DREAMPlace/build'
gmake[2]: Nothing to be done for 'thirdparty/Limbo/limbo/programoptions/CMakeFiles/programoptions.dir/build'.
gmake[2]: Leaving directory '/u5/w223zhan/macro-place-challenge-2026/external/DREAMPlace/build'
gmake[2]: Leaving directory '/u5/w223zhan/macro-place-challenge-2026/external/DREAMPlace/build'
/usr/bin/gmake  -f thirdparty/munkres-cpp/CMakeFiles/munkres.dir/build.make thirdparty/munkres-cpp/CMakeFiles/munkres.dir/build
gmake[2]: Entering directory '/u5/w223zhan/macro-place-challenge-2026/external/DREAMPlace/build'
gmake[2]: Nothing to be done for 'thirdparty/Limbo/limbo/parsers/gdsii/gdsdb/CMakeFiles/gdsdb.dir/build'.
gmake[2]: Leaving directory '/u5/w223zhan/macro-place-challenge-2026/external/DREAMPlace/build'
gmake[2]: Entering directory '/u5/w223zhan/macro-place-challenge-2026/external/DREAMPlace/build'
gmake[2]: Nothing to be done for 'thirdparty/munkres-cpp/CMakeFiles/munkres.dir/build'.
gmake[2]: Leaving directory '/u5/w223zhan/macro-place-challenge-2026/external/DREAMPlace/build'
[ 36%] Built target programoptions
/usr/bin/gmake  -f dreamplace/ops/utility/CMakeFiles/utility_cxx.dir/build.make dreamplace/ops/utility/CMakeFiles/utility_cxx.dir/depend
[ 37%] Built target gdsdb
/usr/bin/gmake  -f thirdparty/Limbo/limbo/thirdparty/CThreadPool/CMakeFiles/CThreadPool_example.dir/build.make thirdparty/Limbo/limbo/thirdparty/CThreadPool/CMakeFiles/CThreadPool_example.dir/depend
gmake[2]: Entering directory '/u5/w223zhan/macro-place-challenge-2026/external/DREAMPlace/build'
cd /u5/w223zhan/macro-place-challenge-2026/external/DREAMPlace/build && /usr/bin/cmake -E cmake_depends "Unix Makefiles" /u5/w223zhan/macro-place-challenge-2026/external/DREAMPlace /u5/w223zhan/macro-place-challenge-2026/external/DREAMPlace/dreamplace/ops/utility /u5/w223zhan/macro-place-challenge-2026/external/DREAMPlace/build /u5/w223zhan/macro-place-challenge-2026/external/DREAMPlace/build/dreamplace/ops/utility /u5/w223zhan/macro-place-challenge-2026/external/DREAMPlace/build/dreamplace/ops/utility/CMakeFiles/utility_cxx.dir/DependInfo.cmake --color=
[ 38%] Built target munkres
/usr/bin/gmake  -f thirdparty/Limbo/limbo/thirdparty/lefdef/5.8/lef/CMakeFiles/lef.dir/build.make thirdparty/Limbo/limbo/thirdparty/lefdef/5.8/lef/CMakeFiles/lef.dir/depend
gmake[2]: Entering directory '/u5/w223zhan/macro-place-challenge-2026/external/DREAMPlace/build'
cd /u5/w223zhan/macro-place-challenge-2026/external/DREAMPlace/build && /usr/bin/cmake -E cmake_depends "Unix Makefiles" /u5/w223zhan/macro-place-challenge-2026/external/DREAMPlace /u5/w223zhan/macro-place-challenge-2026/external/DREAMPlace/thirdparty/Limbo/limbo/thirdparty/CThreadPool /u5/w223zhan/macro-place-challenge-2026/external/DREAMPlace/build /u5/w223zhan/macro-place-challenge-2026/external/DREAMPlace/build/thirdparty/Limbo/limbo/thirdparty/CThreadPool /u5/w223zhan/macro-place-challenge-2026/external/DREAMPlace/build/thirdparty/Limbo/limbo/thirdparty/CThreadPool/CMakeFiles/CThreadPool_example.dir/DependInfo.cmake --color=
gmake[2]: Entering directory '/u5/w223zhan/macro-place-challenge-2026/external/DREAMPlace/build'
cd /u5/w223zhan/macro-place-challenge-2026/external/DREAMPlace/build && /usr/bin/cmake -E cmake_depends "Unix Makefiles" /u5/w223zhan/macro-place-challenge-2026/external/DREAMPlace /u5/w223zhan/macro-place-challenge-2026/external/DREAMPlace/thirdparty/Limbo/limbo/thirdparty/lefdef/5.8/lef /u5/w223zhan/macro-place-challenge-2026/external/DREAMPlace/build /u5/w223zhan/macro-place-challenge-2026/external/DREAMPlace/build/thirdparty/Limbo/limbo/thirdparty/lefdef/5.8/lef /u5/w223zhan/macro-place-challenge-2026/external/DREAMPlace/build/thirdparty/Limbo/limbo/thirdparty/lefdef/5.8/lef/CMakeFiles/lef.dir/DependInfo.cmake --color=
gmake[2]: Leaving directory '/u5/w223zhan/macro-place-challenge-2026/external/DREAMPlace/build'
/usr/bin/gmake  -f thirdparty/Limbo/limbo/thirdparty/lefdef/5.8/lef/CMakeFiles/lef.dir/build.make thirdparty/Limbo/limbo/thirdparty/lefdef/5.8/lef/CMakeFiles/lef.dir/build
Consolidate compiler generated dependencies of target utility_cxx
Consolidate compiler generated dependencies of target CThreadPool_example
gmake[2]: Leaving directory '/u5/w223zhan/macro-place-challenge-2026/external/DREAMPlace/build'
gmake[2]: Entering directory '/u5/w223zhan/macro-place-challenge-2026/external/DREAMPlace/build'
gmake[2]: Nothing to be done for 'thirdparty/Limbo/limbo/thirdparty/lefdef/5.8/lef/CMakeFiles/lef.dir/build'.
gmake[2]: Leaving directory '/u5/w223zhan/macro-place-challenge-2026/external/DREAMPlace/build'
/usr/bin/gmake  -f dreamplace/ops/utility/CMakeFiles/utility_cxx.dir/build.make dreamplace/ops/utility/CMakeFiles/utility_cxx.dir/build
gmake[2]: Leaving directory '/u5/w223zhan/macro-place-challenge-2026/external/DREAMPlace/build'
/usr/bin/gmake  -f thirdparty/Limbo/limbo/thirdparty/CThreadPool/CMakeFiles/CThreadPool_example.dir/build.make thirdparty/Limbo/limbo/thirdparty/CThreadPool/CMakeFiles/CThreadPool_example.dir/build
gmake[2]: Entering directory '/u5/w223zhan/macro-place-challenge-2026/external/DREAMPlace/build'
gmake[2]: Nothing to be done for 'dreamplace/ops/utility/CMakeFiles/utility_cxx.dir/build'.
gmake[2]: Entering directory '/u5/w223zhan/macro-place-challenge-2026/external/DREAMPlace/build'
gmake[2]: Leaving directory '/u5/w223zhan/macro-place-challenge-2026/external/DREAMPlace/build'
gmake[2]: Nothing to be done for 'thirdparty/Limbo/limbo/thirdparty/CThreadPool/CMakeFiles/CThreadPool_example.dir/build'.
gmake[2]: Leaving directory '/u5/w223zhan/macro-place-challenge-2026/external/DREAMPlace/build'
[ 38%] Built target lef
/usr/bin/gmake  -f thirdparty/Limbo/limbo/thirdparty/lefdef/5.8/def/CMakeFiles/def.dir/build.make thirdparty/Limbo/limbo/thirdparty/lefdef/5.8/def/CMakeFiles/def.dir/depend
gmake[2]: Entering directory '/u5/w223zhan/macro-place-challenge-2026/external/DREAMPlace/build'
cd /u5/w223zhan/macro-place-challenge-2026/external/DREAMPlace/build && /usr/bin/cmake -E cmake_depends "Unix Makefiles" /u5/w223zhan/macro-place-challenge-2026/external/DREAMPlace /u5/w223zhan/macro-place-challenge-2026/external/DREAMPlace/thirdparty/Limbo/limbo/thirdparty/lefdef/5.8/def /u5/w223zhan/macro-place-challenge-2026/external/DREAMPlace/build /u5/w223zhan/macro-place-challenge-2026/external/DREAMPlace/build/thirdparty/Limbo/limbo/thirdparty/lefdef/5.8/def /u5/w223zhan/macro-place-challenge-2026/external/DREAMPlace/build/thirdparty/Limbo/limbo/thirdparty/lefdef/5.8/def/CMakeFiles/def.dir/DependInfo.cmake --color=
[ 38%] Built target CThreadPool_example
/usr/bin/gmake  -f thirdparty/Limbo/limbo/parsers/def/adapt/CMakeFiles/defparseradapt.dir/build.make thirdparty/Limbo/limbo/parsers/def/adapt/CMakeFiles/defparseradapt.dir/depend
[ 39%] Built target utility_cxx
/usr/bin/gmake  -f thirdparty/Limbo/limbo/thirdparty/lefdef/5.8/lef/CMakeFiles/lefrw.dir/build.make thirdparty/Limbo/limbo/thirdparty/lefdef/5.8/lef/CMakeFiles/lefrw.dir/depend
gmake[2]: Entering directory '/u5/w223zhan/macro-place-challenge-2026/external/DREAMPlace/build'
cd /u5/w223zhan/macro-place-challenge-2026/external/DREAMPlace/build && /usr/bin/cmake -E cmake_depends "Unix Makefiles" /u5/w223zhan/macro-place-challenge-2026/external/DREAMPlace /u5/w223zhan/macro-place-challenge-2026/external/DREAMPlace/thirdparty/Limbo/limbo/parsers/def/adapt /u5/w223zhan/macro-place-challenge-2026/external/DREAMPlace/build /u5/w223zhan/macro-place-challenge-2026/external/DREAMPlace/build/thirdparty/Limbo/limbo/parsers/def/adapt /u5/w223zhan/macro-place-challenge-2026/external/DREAMPlace/build/thirdparty/Limbo/limbo/parsers/def/adapt/CMakeFiles/defparseradapt.dir/DependInfo.cmake --color=
gmake[2]: Entering directory '/u5/w223zhan/macro-place-challenge-2026/external/DREAMPlace/build'
cd /u5/w223zhan/macro-place-challenge-2026/external/DREAMPlace/build && /usr/bin/cmake -E cmake_depends "Unix Makefiles" /u5/w223zhan/macro-place-challenge-2026/external/DREAMPlace /u5/w223zhan/macro-place-challenge-2026/external/DREAMPlace/thirdparty/Limbo/limbo/thirdparty/lefdef/5.8/lef /u5/w223zhan/macro-place-challenge-2026/external/DREAMPlace/build /u5/w223zhan/macro-place-challenge-2026/external/DREAMPlace/build/thirdparty/Limbo/limbo/thirdparty/lefdef/5.8/lef /u5/w223zhan/macro-place-challenge-2026/external/DREAMPlace/build/thirdparty/Limbo/limbo/thirdparty/lefdef/5.8/lef/CMakeFiles/lefrw.dir/DependInfo.cmake --color=
gmake[2]: Leaving directory '/u5/w223zhan/macro-place-challenge-2026/external/DREAMPlace/build'
/usr/bin/gmake  -f thirdparty/Limbo/limbo/thirdparty/lefdef/5.8/def/CMakeFiles/def.dir/build.make thirdparty/Limbo/limbo/thirdparty/lefdef/5.8/def/CMakeFiles/def.dir/build
gmake[2]: Entering directory '/u5/w223zhan/macro-place-challenge-2026/external/DREAMPlace/build'
gmake[2]: Nothing to be done for 'thirdparty/Limbo/limbo/thirdparty/lefdef/5.8/def/CMakeFiles/def.dir/build'.
gmake[2]: Leaving directory '/u5/w223zhan/macro-place-challenge-2026/external/DREAMPlace/build'
Consolidate compiler generated dependencies of target defparseradapt
Consolidate compiler generated dependencies of target lefrw
gmake[2]: Leaving directory '/u5/w223zhan/macro-place-challenge-2026/external/DREAMPlace/build'
/usr/bin/gmake  -f thirdparty/Limbo/limbo/parsers/def/adapt/CMakeFiles/defparseradapt.dir/build.make thirdparty/Limbo/limbo/parsers/def/adapt/CMakeFiles/defparseradapt.dir/build
[ 39%] Built target def
gmake[2]: Leaving directory '/u5/w223zhan/macro-place-challenge-2026/external/DREAMPlace/build'
/usr/bin/gmake  -f thirdparty/Limbo/limbo/thirdparty/lefdef/5.8/lef/CMakeFiles/lefrw.dir/build.make thirdparty/Limbo/limbo/thirdparty/lefdef/5.8/lef/CMakeFiles/lefrw.dir/build
/usr/bin/gmake  -f thirdparty/Limbo/limbo/thirdparty/lefdef/5.8/lef/CMakeFiles/lefdiff.dir/build.make thirdparty/Limbo/limbo/thirdparty/lefdef/5.8/lef/CMakeFiles/lefdiff.dir/depend
gmake[2]: Entering directory '/u5/w223zhan/macro-place-challenge-2026/external/DREAMPlace/build'
cd /u5/w223zhan/macro-place-challenge-2026/external/DREAMPlace/build && /usr/bin/cmake -E cmake_depends "Unix Makefiles" /u5/w223zhan/macro-place-challenge-2026/external/DREAMPlace /u5/w223zhan/macro-place-challenge-2026/external/DREAMPlace/thirdparty/Limbo/limbo/thirdparty/lefdef/5.8/lef /u5/w223zhan/macro-place-challenge-2026/external/DREAMPlace/build /u5/w223zhan/macro-place-challenge-2026/external/DREAMPlace/build/thirdparty/Limbo/limbo/thirdparty/lefdef/5.8/lef /u5/w223zhan/macro-place-challenge-2026/external/DREAMPlace/build/thirdparty/Limbo/limbo/thirdparty/lefdef/5.8/lef/CMakeFiles/lefdiff.dir/DependInfo.cmake --color=
gmake[2]: Entering directory '/u5/w223zhan/macro-place-challenge-2026/external/DREAMPlace/build'
gmake[2]: Nothing to be done for 'thirdparty/Limbo/limbo/parsers/def/adapt/CMakeFiles/defparseradapt.dir/build'.
gmake[2]: Leaving directory '/u5/w223zhan/macro-place-challenge-2026/external/DREAMPlace/build'
gmake[2]: Entering directory '/u5/w223zhan/macro-place-challenge-2026/external/DREAMPlace/build'
gmake[2]: Nothing to be done for 'thirdparty/Limbo/limbo/thirdparty/lefdef/5.8/lef/CMakeFiles/lefrw.dir/build'.
gmake[2]: Leaving directory '/u5/w223zhan/macro-place-challenge-2026/external/DREAMPlace/build'
[ 40%] Built target lefrw
[ 41%] Built target defparseradapt
/usr/bin/gmake  -f thirdparty/Limbo/limbo/thirdparty/lefdef/5.8/lef/CMakeFiles/lefwrite.dir/build.make thirdparty/Limbo/limbo/thirdparty/lefdef/5.8/lef/CMakeFiles/lefwrite.dir/depend
/usr/bin/gmake  -f thirdparty/Limbo/limbo/thirdparty/lefdef/5.8/def/CMakeFiles/defrw.dir/build.make thirdparty/Limbo/limbo/thirdparty/lefdef/5.8/def/CMakeFiles/defrw.dir/depend
Consolidate compiler generated dependencies of target lefdiff
gmake[2]: Entering directory '/u5/w223zhan/macro-place-challenge-2026/external/DREAMPlace/build'
cd /u5/w223zhan/macro-place-challenge-2026/external/DREAMPlace/build && /usr/bin/cmake -E cmake_depends "Unix Makefiles" /u5/w223zhan/macro-place-challenge-2026/external/DREAMPlace /u5/w223zhan/macro-place-challenge-2026/external/DREAMPlace/thirdparty/Limbo/limbo/thirdparty/lefdef/5.8/lef /u5/w223zhan/macro-place-challenge-2026/external/DREAMPlace/build /u5/w223zhan/macro-place-challenge-2026/external/DREAMPlace/build/thirdparty/Limbo/limbo/thirdparty/lefdef/5.8/lef /u5/w223zhan/macro-place-challenge-2026/external/DREAMPlace/build/thirdparty/Limbo/limbo/thirdparty/lefdef/5.8/lef/CMakeFiles/lefwrite.dir/DependInfo.cmake --color=
gmake[2]: Leaving directory '/u5/w223zhan/macro-place-challenge-2026/external/DREAMPlace/build'
/usr/bin/gmake  -f thirdparty/Limbo/limbo/thirdparty/lefdef/5.8/lef/CMakeFiles/lefdiff.dir/build.make thirdparty/Limbo/limbo/thirdparty/lefdef/5.8/lef/CMakeFiles/lefdiff.dir/build
gmake[2]: Entering directory '/u5/w223zhan/macro-place-challenge-2026/external/DREAMPlace/build'
cd /u5/w223zhan/macro-place-challenge-2026/external/DREAMPlace/build && /usr/bin/cmake -E cmake_depends "Unix Makefiles" /u5/w223zhan/macro-place-challenge-2026/external/DREAMPlace /u5/w223zhan/macro-place-challenge-2026/external/DREAMPlace/thirdparty/Limbo/limbo/thirdparty/lefdef/5.8/def /u5/w223zhan/macro-place-challenge-2026/external/DREAMPlace/build /u5/w223zhan/macro-place-challenge-2026/external/DREAMPlace/build/thirdparty/Limbo/limbo/thirdparty/lefdef/5.8/def /u5/w223zhan/macro-place-challenge-2026/external/DREAMPlace/build/thirdparty/Limbo/limbo/thirdparty/lefdef/5.8/def/CMakeFiles/defrw.dir/DependInfo.cmake --color=
gmake[2]: Entering directory '/u5/w223zhan/macro-place-challenge-2026/external/DREAMPlace/build'
gmake[2]: Nothing to be done for 'thirdparty/Limbo/limbo/thirdparty/lefdef/5.8/lef/CMakeFiles/lefdiff.dir/build'.
gmake[2]: Leaving directory '/u5/w223zhan/macro-place-challenge-2026/external/DREAMPlace/build'
Consolidate compiler generated dependencies of target lefwrite
Consolidate compiler generated dependencies of target defrw
gmake[2]: Leaving directory '/u5/w223zhan/macro-place-challenge-2026/external/DREAMPlace/build'
gmake[2]: Leaving directory '/u5/w223zhan/macro-place-challenge-2026/external/DREAMPlace/build'
/usr/bin/gmake  -f thirdparty/Limbo/limbo/thirdparty/lefdef/5.8/lef/CMakeFiles/lefwrite.dir/build.make thirdparty/Limbo/limbo/thirdparty/lefdef/5.8/lef/CMakeFiles/lefwrite.dir/build
/usr/bin/gmake  -f thirdparty/Limbo/limbo/thirdparty/lefdef/5.8/def/CMakeFiles/defrw.dir/build.make thirdparty/Limbo/limbo/thirdparty/lefdef/5.8/def/CMakeFiles/defrw.dir/build
[ 42%] Built target lefdiff
gmake[2]: Entering directory '/u5/w223zhan/macro-place-challenge-2026/external/DREAMPlace/build'
gmake[2]: Nothing to be done for 'thirdparty/Limbo/limbo/thirdparty/lefdef/5.8/lef/CMakeFiles/lefwrite.dir/build'.
gmake[2]: Leaving directory '/u5/w223zhan/macro-place-challenge-2026/external/DREAMPlace/build'
gmake[2]: Entering directory '/u5/w223zhan/macro-place-challenge-2026/external/DREAMPlace/build'
gmake[2]: Nothing to be done for 'thirdparty/Limbo/limbo/thirdparty/lefdef/5.8/def/CMakeFiles/defrw.dir/build'.
gmake[2]: Leaving directory '/u5/w223zhan/macro-place-challenge-2026/external/DREAMPlace/build'
/usr/bin/gmake  -f thirdparty/Limbo/limbo/thirdparty/lefdef/5.8/def/CMakeFiles/defdiff.dir/build.make thirdparty/Limbo/limbo/thirdparty/lefdef/5.8/def/CMakeFiles/defdiff.dir/depend
gmake[2]: Entering directory '/u5/w223zhan/macro-place-challenge-2026/external/DREAMPlace/build'
cd /u5/w223zhan/macro-place-challenge-2026/external/DREAMPlace/build && /usr/bin/cmake -E cmake_depends "Unix Makefiles" /u5/w223zhan/macro-place-challenge-2026/external/DREAMPlace /u5/w223zhan/macro-place-challenge-2026/external/DREAMPlace/thirdparty/Limbo/limbo/thirdparty/lefdef/5.8/def /u5/w223zhan/macro-place-challenge-2026/external/DREAMPlace/build /u5/w223zhan/macro-place-challenge-2026/external/DREAMPlace/build/thirdparty/Limbo/limbo/thirdparty/lefdef/5.8/def /u5/w223zhan/macro-place-challenge-2026/external/DREAMPlace/build/thirdparty/Limbo/limbo/thirdparty/lefdef/5.8/def/CMakeFiles/defdiff.dir/DependInfo.cmake --color=
[ 42%] Built target defrw
[ 42%] Built target lefwrite
/usr/bin/gmake  -f thirdparty/Limbo/limbo/thirdparty/lefdef/5.8/def/CMakeFiles/defwrite.dir/build.make thirdparty/Limbo/limbo/thirdparty/lefdef/5.8/def/CMakeFiles/defwrite.dir/depend
/usr/bin/gmake  -f dreamplace/ops/place_io/CMakeFiles/place_io_cpp.dir/build.make dreamplace/ops/place_io/CMakeFiles/place_io_cpp.dir/depend
gmake[2]: Entering directory '/u5/w223zhan/macro-place-challenge-2026/external/DREAMPlace/build'
cd /u5/w223zhan/macro-place-challenge-2026/external/DREAMPlace/build && /usr/bin/cmake -E cmake_depends "Unix Makefiles" /u5/w223zhan/macro-place-challenge-2026/external/DREAMPlace /u5/w223zhan/macro-place-challenge-2026/external/DREAMPlace/thirdparty/Limbo/limbo/thirdparty/lefdef/5.8/def /u5/w223zhan/macro-place-challenge-2026/external/DREAMPlace/build /u5/w223zhan/macro-place-challenge-2026/external/DREAMPlace/build/thirdparty/Limbo/limbo/thirdparty/lefdef/5.8/def /u5/w223zhan/macro-place-challenge-2026/external/DREAMPlace/build/thirdparty/Limbo/limbo/thirdparty/lefdef/5.8/def/CMakeFiles/defwrite.dir/DependInfo.cmake --color=
gmake[2]: Entering directory '/u5/w223zhan/macro-place-challenge-2026/external/DREAMPlace/build'
cd /u5/w223zhan/macro-place-challenge-2026/external/DREAMPlace/build && /usr/bin/cmake -E cmake_depends "Unix Makefiles" /u5/w223zhan/macro-place-challenge-2026/external/DREAMPlace /u5/w223zhan/macro-place-challenge-2026/external/DREAMPlace/dreamplace/ops/place_io /u5/w223zhan/macro-place-challenge-2026/external/DREAMPlace/build /u5/w223zhan/macro-place-challenge-2026/external/DREAMPlace/build/dreamplace/ops/place_io /u5/w223zhan/macro-place-challenge-2026/external/DREAMPlace/build/dreamplace/ops/place_io/CMakeFiles/place_io_cpp.dir/DependInfo.cmake --color=
Consolidate compiler generated dependencies of target defdiff
gmake[2]: Leaving directory '/u5/w223zhan/macro-place-challenge-2026/external/DREAMPlace/build'
/usr/bin/gmake  -f thirdparty/Limbo/limbo/thirdparty/lefdef/5.8/def/CMakeFiles/defdiff.dir/build.make thirdparty/Limbo/limbo/thirdparty/lefdef/5.8/def/CMakeFiles/defdiff.dir/build
gmake[2]: Entering directory '/u5/w223zhan/macro-place-challenge-2026/external/DREAMPlace/build'
gmake[2]: Nothing to be done for 'thirdparty/Limbo/limbo/thirdparty/lefdef/5.8/def/CMakeFiles/defdiff.dir/build'.
gmake[2]: Leaving directory '/u5/w223zhan/macro-place-challenge-2026/external/DREAMPlace/build'
Consolidate compiler generated dependencies of target defwrite
gmake[2]: Leaving directory '/u5/w223zhan/macro-place-challenge-2026/external/DREAMPlace/build'
/usr/bin/gmake  -f thirdparty/Limbo/limbo/thirdparty/lefdef/5.8/def/CMakeFiles/defwrite.dir/build.make thirdparty/Limbo/limbo/thirdparty/lefdef/5.8/def/CMakeFiles/defwrite.dir/build
gmake[2]: Entering directory '/u5/w223zhan/macro-place-challenge-2026/external/DREAMPlace/build'
gmake[2]: Nothing to be done for 'thirdparty/Limbo/limbo/thirdparty/lefdef/5.8/def/CMakeFiles/defwrite.dir/build'.
gmake[2]: Leaving directory '/u5/w223zhan/macro-place-challenge-2026/external/DREAMPlace/build'
[ 43%] Built target defdiff
/usr/bin/gmake  -f dreamplace/ops/dct/CMakeFiles/dct_cpp.dir/build.make dreamplace/ops/dct/CMakeFiles/dct_cpp.dir/depend
gmake[2]: Entering directory '/u5/w223zhan/macro-place-challenge-2026/external/DREAMPlace/build'
cd /u5/w223zhan/macro-place-challenge-2026/external/DREAMPlace/build && /usr/bin/cmake -E cmake_depends "Unix Makefiles" /u5/w223zhan/macro-place-challenge-2026/external/DREAMPlace /u5/w223zhan/macro-place-challenge-2026/external/DREAMPlace/dreamplace/ops/dct /u5/w223zhan/macro-place-challenge-2026/external/DREAMPlace/build /u5/w223zhan/macro-place-challenge-2026/external/DREAMPlace/build/dreamplace/ops/dct /u5/w223zhan/macro-place-challenge-2026/external/DREAMPlace/build/dreamplace/ops/dct/CMakeFiles/dct_cpp.dir/DependInfo.cmake --color=
[ 43%] Built target defwrite
/usr/bin/gmake  -f dreamplace/ops/dct/CMakeFiles/dct_lee_cpp.dir/build.make dreamplace/ops/dct/CMakeFiles/dct_lee_cpp.dir/depend
gmake[2]: Entering directory '/u5/w223zhan/macro-place-challenge-2026/external/DREAMPlace/build'
cd /u5/w223zhan/macro-place-challenge-2026/external/DREAMPlace/build && /usr/bin/cmake -E cmake_depends "Unix Makefiles" /u5/w223zhan/macro-place-challenge-2026/external/DREAMPlace /u5/w223zhan/macro-place-challenge-2026/external/DREAMPlace/dreamplace/ops/dct /u5/w223zhan/macro-place-challenge-2026/external/DREAMPlace/build /u5/w223zhan/macro-place-challenge-2026/external/DREAMPlace/build/dreamplace/ops/dct /u5/w223zhan/macro-place-challenge-2026/external/DREAMPlace/build/dreamplace/ops/dct/CMakeFiles/dct_lee_cpp.dir/DependInfo.cmake --color=
Consolidate compiler generated dependencies of target dct_lee_cpp
gmake[2]: Leaving directory '/u5/w223zhan/macro-place-challenge-2026/external/DREAMPlace/build'
/usr/bin/gmake  -f dreamplace/ops/dct/CMakeFiles/dct_lee_cpp.dir/build.make dreamplace/ops/dct/CMakeFiles/dct_lee_cpp.dir/build
Consolidate compiler generated dependencies of target dct_cpp
gmake[2]: Leaving directory '/u5/w223zhan/macro-place-challenge-2026/external/DREAMPlace/build'
/usr/bin/gmake  -f dreamplace/ops/dct/CMakeFiles/dct_cpp.dir/build.make dreamplace/ops/dct/CMakeFiles/dct_cpp.dir/build
Consolidate compiler generated dependencies of target place_io_cpp
gmake[2]: Leaving directory '/u5/w223zhan/macro-place-challenge-2026/external/DREAMPlace/build'
/usr/bin/gmake  -f dreamplace/ops/place_io/CMakeFiles/place_io_cpp.dir/build.make dreamplace/ops/place_io/CMakeFiles/place_io_cpp.dir/build
Consolidate compiler generated dependencies of target OpenTimer
gmake[2]: Leaving directory '/u5/w223zhan/macro-place-challenge-2026/external/DREAMPlace/build'
/usr/bin/gmake  -f thirdparty/OpenTimer/CMakeFiles/OpenTimer.dir/build.make thirdparty/OpenTimer/CMakeFiles/OpenTimer.dir/build
gmake[2]: Entering directory '/u5/w223zhan/macro-place-challenge-2026/external/DREAMPlace/build'
gmake[2]: Nothing to be done for 'thirdparty/OpenTimer/CMakeFiles/OpenTimer.dir/build'.
gmake[2]: Leaving directory '/u5/w223zhan/macro-place-challenge-2026/external/DREAMPlace/build'
[ 51%] Built target OpenTimer
/usr/bin/gmake  -f dreamplace/ops/dct/CMakeFiles/dct2_fft2_cpp.dir/build.make dreamplace/ops/dct/CMakeFiles/dct2_fft2_cpp.dir/depend
gmake[2]: Entering directory '/u5/w223zhan/macro-place-challenge-2026/external/DREAMPlace/build'
cd /u5/w223zhan/macro-place-challenge-2026/external/DREAMPlace/build && /usr/bin/cmake -E cmake_depends "Unix Makefiles" /u5/w223zhan/macro-place-challenge-2026/external/DREAMPlace /u5/w223zhan/macro-place-challenge-2026/external/DREAMPlace/dreamplace/ops/dct /u5/w223zhan/macro-place-challenge-2026/external/DREAMPlace/build /u5/w223zhan/macro-place-challenge-2026/external/DREAMPlace/build/dreamplace/ops/dct /u5/w223zhan/macro-place-challenge-2026/external/DREAMPlace/build/dreamplace/ops/dct/CMakeFiles/dct2_fft2_cpp.dir/DependInfo.cmake --color=
Consolidate compiler generated dependencies of target dct2_fft2_cpp
gmake[2]: Leaving directory '/u5/w223zhan/macro-place-challenge-2026/external/DREAMPlace/build'
/usr/bin/gmake  -f dreamplace/ops/dct/CMakeFiles/dct2_fft2_cpp.dir/build.make dreamplace/ops/dct/CMakeFiles/dct2_fft2_cpp.dir/build
gmake[2]: Entering directory '/u5/w223zhan/macro-place-challenge-2026/external/DREAMPlace/build'
gmake[2]: Nothing to be done for 'dreamplace/ops/dct/CMakeFiles/dct2_fft2_cpp.dir/build'.
gmake[2]: Entering directory '/u5/w223zhan/macro-place-challenge-2026/external/DREAMPlace/build'
gmake[2]: Nothing to be done for 'dreamplace/ops/dct/CMakeFiles/dct_lee_cpp.dir/build'.
gmake[2]: Leaving directory '/u5/w223zhan/macro-place-challenge-2026/external/DREAMPlace/build'
gmake[2]: Leaving directory '/u5/w223zhan/macro-place-challenge-2026/external/DREAMPlace/build'
gmake[2]: Entering directory '/u5/w223zhan/macro-place-challenge-2026/external/DREAMPlace/build'
gmake[2]: Nothing to be done for 'dreamplace/ops/place_io/CMakeFiles/place_io_cpp.dir/build'.
gmake[2]: Leaving directory '/u5/w223zhan/macro-place-challenge-2026/external/DREAMPlace/build'
gmake[2]: Entering directory '/u5/w223zhan/macro-place-challenge-2026/external/DREAMPlace/build'
gmake[2]: Nothing to be done for 'dreamplace/ops/dct/CMakeFiles/dct_cpp.dir/build'.
gmake[2]: Leaving directory '/u5/w223zhan/macro-place-challenge-2026/external/DREAMPlace/build'
[ 53%] Built target dct_cpp
/usr/bin/gmake  -f dreamplace/ops/dct/CMakeFiles/dct_dst_kernel_cuda.dir/build.make dreamplace/ops/dct/CMakeFiles/dct_dst_kernel_cuda.dir/depend
[ 55%] Built target dct_lee_cpp
[ 55%] Built target dct2_fft2_cpp
[ 55%] Built target place_io_cpp
/usr/bin/gmake  -f dreamplace/ops/dct/CMakeFiles/dct2_fft2_cuda_cuda_tmp.dir/build.make dreamplace/ops/dct/CMakeFiles/dct2_fft2_cuda_cuda_tmp.dir/depend
/usr/bin/gmake  -f dreamplace/ops/pin_pos/CMakeFiles/pin_pos_cpp.dir/build.make dreamplace/ops/pin_pos/CMakeFiles/pin_pos_cpp.dir/depend
/usr/bin/gmake  -f dreamplace/ops/pin_pos/CMakeFiles/pin_pos_cuda_cuda_tmp.dir/build.make dreamplace/ops/pin_pos/CMakeFiles/pin_pos_cuda_cuda_tmp.dir/depend
gmake[2]: Entering directory '/u5/w223zhan/macro-place-challenge-2026/external/DREAMPlace/build'
cd /u5/w223zhan/macro-place-challenge-2026/external/DREAMPlace/build && /usr/bin/cmake -E cmake_depends "Unix Makefiles" /u5/w223zhan/macro-place-challenge-2026/external/DREAMPlace /u5/w223zhan/macro-place-challenge-2026/external/DREAMPlace/dreamplace/ops/pin_pos /u5/w223zhan/macro-place-challenge-2026/external/DREAMPlace/build /u5/w223zhan/macro-place-challenge-2026/external/DREAMPlace/build/dreamplace/ops/pin_pos /u5/w223zhan/macro-place-challenge-2026/external/DREAMPlace/build/dreamplace/ops/pin_pos/CMakeFiles/pin_pos_cpp.dir/DependInfo.cmake --color=
gmake[2]: Entering directory '/u5/w223zhan/macro-place-challenge-2026/external/DREAMPlace/build'
cd /u5/w223zhan/macro-place-challenge-2026/external/DREAMPlace/build && /usr/bin/cmake -E cmake_depends "Unix Makefiles" /u5/w223zhan/macro-place-challenge-2026/external/DREAMPlace /u5/w223zhan/macro-place-challenge-2026/external/DREAMPlace/dreamplace/ops/dct /u5/w223zhan/macro-place-challenge-2026/external/DREAMPlace/build /u5/w223zhan/macro-place-challenge-2026/external/DREAMPlace/build/dreamplace/ops/dct /u5/w223zhan/macro-place-challenge-2026/external/DREAMPlace/build/dreamplace/ops/dct/CMakeFiles/dct2_fft2_cuda_cuda_tmp.dir/DependInfo.cmake --color=
gmake[2]: Entering directory '/u5/w223zhan/macro-place-challenge-2026/external/DREAMPlace/build'
cd /u5/w223zhan/macro-place-challenge-2026/external/DREAMPlace/build && /usr/bin/cmake -E cmake_depends "Unix Makefiles" /u5/w223zhan/macro-place-challenge-2026/external/DREAMPlace /u5/w223zhan/macro-place-challenge-2026/external/DREAMPlace/dreamplace/ops/dct /u5/w223zhan/macro-place-challenge-2026/external/DREAMPlace/build /u5/w223zhan/macro-place-challenge-2026/external/DREAMPlace/build/dreamplace/ops/dct /u5/w223zhan/macro-place-challenge-2026/external/DREAMPlace/build/dreamplace/ops/dct/CMakeFiles/dct_dst_kernel_cuda.dir/DependInfo.cmake --color=
gmake[2]: Entering directory '/u5/w223zhan/macro-place-challenge-2026/external/DREAMPlace/build'
cd /u5/w223zhan/macro-place-challenge-2026/external/DREAMPlace/build && /usr/bin/cmake -E cmake_depends "Unix Makefiles" /u5/w223zhan/macro-place-challenge-2026/external/DREAMPlace /u5/w223zhan/macro-place-challenge-2026/external/DREAMPlace/dreamplace/ops/pin_pos /u5/w223zhan/macro-place-challenge-2026/external/DREAMPlace/build /u5/w223zhan/macro-place-challenge-2026/external/DREAMPlace/build/dreamplace/ops/pin_pos /u5/w223zhan/macro-place-challenge-2026/external/DREAMPlace/build/dreamplace/ops/pin_pos/CMakeFiles/pin_pos_cuda_cuda_tmp.dir/DependInfo.cmake --color=
gmake[2]: Leaving directory '/u5/w223zhan/macro-place-challenge-2026/external/DREAMPlace/build'
/usr/bin/gmake  -f dreamplace/ops/pin_pos/CMakeFiles/pin_pos_cuda_cuda_tmp.dir/build.make dreamplace/ops/pin_pos/CMakeFiles/pin_pos_cuda_cuda_tmp.dir/build
gmake[2]: Leaving directory '/u5/w223zhan/macro-place-challenge-2026/external/DREAMPlace/build'
/usr/bin/gmake  -f dreamplace/ops/dct/CMakeFiles/dct_dst_kernel_cuda.dir/build.make dreamplace/ops/dct/CMakeFiles/dct_dst_kernel_cuda.dir/build
gmake[2]: Leaving directory '/u5/w223zhan/macro-place-challenge-2026/external/DREAMPlace/build'
/usr/bin/gmake  -f dreamplace/ops/dct/CMakeFiles/dct2_fft2_cuda_cuda_tmp.dir/build.make dreamplace/ops/dct/CMakeFiles/dct2_fft2_cuda_cuda_tmp.dir/build
gmake[2]: Entering directory '/u5/w223zhan/macro-place-challenge-2026/external/DREAMPlace/build'
gmake[2]: Nothing to be done for 'dreamplace/ops/pin_pos/CMakeFiles/pin_pos_cuda_cuda_tmp.dir/build'.
gmake[2]: Leaving directory '/u5/w223zhan/macro-place-challenge-2026/external/DREAMPlace/build'
gmake[2]: Entering directory '/u5/w223zhan/macro-place-challenge-2026/external/DREAMPlace/build'
gmake[2]: Nothing to be done for 'dreamplace/ops/dct/CMakeFiles/dct_dst_kernel_cuda.dir/build'.
gmake[2]: Leaving directory '/u5/w223zhan/macro-place-challenge-2026/external/DREAMPlace/build'
gmake[2]: Entering directory '/u5/w223zhan/macro-place-challenge-2026/external/DREAMPlace/build'
gmake[2]: Nothing to be done for 'dreamplace/ops/dct/CMakeFiles/dct2_fft2_cuda_cuda_tmp.dir/build'.
gmake[2]: Leaving directory '/u5/w223zhan/macro-place-challenge-2026/external/DREAMPlace/build'
[ 57%] Built target pin_pos_cuda_cuda_tmp
[ 57%] Built target dct_dst_kernel_cuda
/usr/bin/gmake  -f dreamplace/ops/pin_pos/CMakeFiles/pin_pos_cuda_segment_cuda_tmp.dir/build.make dreamplace/ops/pin_pos/CMakeFiles/pin_pos_cuda_segment_cuda_tmp.dir/depend
/usr/bin/gmake  -f dreamplace/ops/move_boundary/CMakeFiles/move_boundary_cpp.dir/build.make dreamplace/ops/move_boundary/CMakeFiles/move_boundary_cpp.dir/depend
[ 57%] Built target dct2_fft2_cuda_cuda_tmp
/usr/bin/gmake  -f dreamplace/ops/move_boundary/CMakeFiles/move_boundary_cuda_cuda_tmp.dir/build.make dreamplace/ops/move_boundary/CMakeFiles/move_boundary_cuda_cuda_tmp.dir/depend
gmake[2]: Entering directory '/u5/w223zhan/macro-place-challenge-2026/external/DREAMPlace/build'
cd /u5/w223zhan/macro-place-challenge-2026/external/DREAMPlace/build && /usr/bin/cmake -E cmake_depends "Unix Makefiles" /u5/w223zhan/macro-place-challenge-2026/external/DREAMPlace /u5/w223zhan/macro-place-challenge-2026/external/DREAMPlace/dreamplace/ops/move_boundary /u5/w223zhan/macro-place-challenge-2026/external/DREAMPlace/build /u5/w223zhan/macro-place-challenge-2026/external/DREAMPlace/build/dreamplace/ops/move_boundary /u5/w223zhan/macro-place-challenge-2026/external/DREAMPlace/build/dreamplace/ops/move_boundary/CMakeFiles/move_boundary_cpp.dir/DependInfo.cmake --color=
gmake[2]: Entering directory '/u5/w223zhan/macro-place-challenge-2026/external/DREAMPlace/build'
cd /u5/w223zhan/macro-place-challenge-2026/external/DREAMPlace/build && /usr/bin/cmake -E cmake_depends "Unix Makefiles" /u5/w223zhan/macro-place-challenge-2026/external/DREAMPlace /u5/w223zhan/macro-place-challenge-2026/external/DREAMPlace/dreamplace/ops/move_boundary /u5/w223zhan/macro-place-challenge-2026/external/DREAMPlace/build /u5/w223zhan/macro-place-challenge-2026/external/DREAMPlace/build/dreamplace/ops/move_boundary /u5/w223zhan/macro-place-challenge-2026/external/DREAMPlace/build/dreamplace/ops/move_boundary/CMakeFiles/move_boundary_cuda_cuda_tmp.dir/DependInfo.cmake --color=
gmake[2]: Leaving directory '/u5/w223zhan/macro-place-challenge-2026/external/DREAMPlace/build'
/usr/bin/gmake  -f dreamplace/ops/move_boundary/CMakeFiles/move_boundary_cuda_cuda_tmp.dir/build.make dreamplace/ops/move_boundary/CMakeFiles/move_boundary_cuda_cuda_tmp.dir/build
gmake[2]: Entering directory '/u5/w223zhan/macro-place-challenge-2026/external/DREAMPlace/build'
gmake[2]: Nothing to be done for 'dreamplace/ops/move_boundary/CMakeFiles/move_boundary_cuda_cuda_tmp.dir/build'.
gmake[2]: Leaving directory '/u5/w223zhan/macro-place-challenge-2026/external/DREAMPlace/build'
[ 57%] Built target move_boundary_cuda_cuda_tmp
/usr/bin/gmake  -f dreamplace/ops/draw_place/CMakeFiles/draw_place_cpp.dir/build.make dreamplace/ops/draw_place/CMakeFiles/draw_place_cpp.dir/depend
gmake[2]: Entering directory '/u5/w223zhan/macro-place-challenge-2026/external/DREAMPlace/build'
cd /u5/w223zhan/macro-place-challenge-2026/external/DREAMPlace/build && /usr/bin/cmake -E cmake_depends "Unix Makefiles" /u5/w223zhan/macro-place-challenge-2026/external/DREAMPlace /u5/w223zhan/macro-place-challenge-2026/external/DREAMPlace/dreamplace/ops/draw_place /u5/w223zhan/macro-place-challenge-2026/external/DREAMPlace/build /u5/w223zhan/macro-place-challenge-2026/external/DREAMPlace/build/dreamplace/ops/draw_place /u5/w223zhan/macro-place-challenge-2026/external/DREAMPlace/build/dreamplace/ops/draw_place/CMakeFiles/draw_place_cpp.dir/DependInfo.cmake --color=
Consolidate compiler generated dependencies of target pin_pos_cpp
gmake[2]: Leaving directory '/u5/w223zhan/macro-place-challenge-2026/external/DREAMPlace/build'
/usr/bin/gmake  -f dreamplace/ops/pin_pos/CMakeFiles/pin_pos_cpp.dir/build.make dreamplace/ops/pin_pos/CMakeFiles/pin_pos_cpp.dir/build
gmake[2]: Entering directory '/u5/w223zhan/macro-place-challenge-2026/external/DREAMPlace/build'
cd /u5/w223zhan/macro-place-challenge-2026/external/DREAMPlace/build && /usr/bin/cmake -E cmake_depends "Unix Makefiles" /u5/w223zhan/macro-place-challenge-2026/external/DREAMPlace /u5/w223zhan/macro-place-challenge-2026/external/DREAMPlace/dreamplace/ops/pin_pos /u5/w223zhan/macro-place-challenge-2026/external/DREAMPlace/build /u5/w223zhan/macro-place-challenge-2026/external/DREAMPlace/build/dreamplace/ops/pin_pos /u5/w223zhan/macro-place-challenge-2026/external/DREAMPlace/build/dreamplace/ops/pin_pos/CMakeFiles/pin_pos_cuda_segment_cuda_tmp.dir/DependInfo.cmake --color=
gmake[2]: Leaving directory '/u5/w223zhan/macro-place-challenge-2026/external/DREAMPlace/build'
/usr/bin/gmake  -f dreamplace/ops/pin_pos/CMakeFiles/pin_pos_cuda_segment_cuda_tmp.dir/build.make dreamplace/ops/pin_pos/CMakeFiles/pin_pos_cuda_segment_cuda_tmp.dir/build
Consolidate compiler generated dependencies of target draw_place_cpp
gmake[2]: Leaving directory '/u5/w223zhan/macro-place-challenge-2026/external/DREAMPlace/build'
/usr/bin/gmake  -f dreamplace/ops/draw_place/CMakeFiles/draw_place_cpp.dir/build.make dreamplace/ops/draw_place/CMakeFiles/draw_place_cpp.dir/build
gmake[2]: Entering directory '/u5/w223zhan/macro-place-challenge-2026/external/DREAMPlace/build'
gmake[2]: Nothing to be done for 'dreamplace/ops/pin_pos/CMakeFiles/pin_pos_cuda_segment_cuda_tmp.dir/build'.
gmake[2]: Leaving directory '/u5/w223zhan/macro-place-challenge-2026/external/DREAMPlace/build'
[ 57%] Built target pin_pos_cuda_segment_cuda_tmp
/usr/bin/gmake  -f dreamplace/ops/density_map/CMakeFiles/density_map_cpp.dir/build.make dreamplace/ops/density_map/CMakeFiles/density_map_cpp.dir/depend
gmake[2]: Entering directory '/u5/w223zhan/macro-place-challenge-2026/external/DREAMPlace/build'
cd /u5/w223zhan/macro-place-challenge-2026/external/DREAMPlace/build && /usr/bin/cmake -E cmake_depends "Unix Makefiles" /u5/w223zhan/macro-place-challenge-2026/external/DREAMPlace /u5/w223zhan/macro-place-challenge-2026/external/DREAMPlace/dreamplace/ops/density_map /u5/w223zhan/macro-place-challenge-2026/external/DREAMPlace/build /u5/w223zhan/macro-place-challenge-2026/external/DREAMPlace/build/dreamplace/ops/density_map /u5/w223zhan/macro-place-challenge-2026/external/DREAMPlace/build/dreamplace/ops/density_map/CMakeFiles/density_map_cpp.dir/DependInfo.cmake --color=
gmake[2]: Entering directory '/u5/w223zhan/macro-place-challenge-2026/external/DREAMPlace/build'
gmake[2]: Nothing to be done for 'dreamplace/ops/pin_pos/CMakeFiles/pin_pos_cpp.dir/build'.
gmake[2]: Leaving directory '/u5/w223zhan/macro-place-challenge-2026/external/DREAMPlace/build'
[ 58%] Built target pin_pos_cpp
/usr/bin/gmake  -f dreamplace/ops/density_map/CMakeFiles/density_map_cuda_cuda_tmp.dir/build.make dreamplace/ops/density_map/CMakeFiles/density_map_cuda_cuda_tmp.dir/depend
gmake[2]: Entering directory '/u5/w223zhan/macro-place-challenge-2026/external/DREAMPlace/build'
cd /u5/w223zhan/macro-place-challenge-2026/external/DREAMPlace/build && /usr/bin/cmake -E cmake_depends "Unix Makefiles" /u5/w223zhan/macro-place-challenge-2026/external/DREAMPlace /u5/w223zhan/macro-place-challenge-2026/external/DREAMPlace/dreamplace/ops/density_map /u5/w223zhan/macro-place-challenge-2026/external/DREAMPlace/build /u5/w223zhan/macro-place-challenge-2026/external/DREAMPlace/build/dreamplace/ops/density_map /u5/w223zhan/macro-place-challenge-2026/external/DREAMPlace/build/dreamplace/ops/density_map/CMakeFiles/density_map_cuda_cuda_tmp.dir/DependInfo.cmake --color=
Consolidate compiler generated dependencies of target move_boundary_cpp
gmake[2]: Entering directory '/u5/w223zhan/macro-place-challenge-2026/external/DREAMPlace/build'
gmake[2]: Nothing to be done for 'dreamplace/ops/draw_place/CMakeFiles/draw_place_cpp.dir/build'.
gmake[2]: Leaving directory '/u5/w223zhan/macro-place-challenge-2026/external/DREAMPlace/build'
gmake[2]: Leaving directory '/u5/w223zhan/macro-place-challenge-2026/external/DREAMPlace/build'
/usr/bin/gmake  -f dreamplace/ops/move_boundary/CMakeFiles/move_boundary_cpp.dir/build.make dreamplace/ops/move_boundary/CMakeFiles/move_boundary_cpp.dir/build
[ 59%] Built target draw_place_cpp
/usr/bin/gmake  -f dreamplace/ops/density_potential/CMakeFiles/density_potential_cpp.dir/build.make dreamplace/ops/density_potential/CMakeFiles/density_potential_cpp.dir/depend
gmake[2]: Leaving directory '/u5/w223zhan/macro-place-challenge-2026/external/DREAMPlace/build'
/usr/bin/gmake  -f dreamplace/ops/density_map/CMakeFiles/density_map_cuda_cuda_tmp.dir/build.make dreamplace/ops/density_map/CMakeFiles/density_map_cuda_cuda_tmp.dir/build
gmake[2]: Entering directory '/u5/w223zhan/macro-place-challenge-2026/external/DREAMPlace/build'
cd /u5/w223zhan/macro-place-challenge-2026/external/DREAMPlace/build && /usr/bin/cmake -E cmake_depends "Unix Makefiles" /u5/w223zhan/macro-place-challenge-2026/external/DREAMPlace /u5/w223zhan/macro-place-challenge-2026/external/DREAMPlace/dreamplace/ops/density_potential /u5/w223zhan/macro-place-challenge-2026/external/DREAMPlace/build /u5/w223zhan/macro-place-challenge-2026/external/DREAMPlace/build/dreamplace/ops/density_potential /u5/w223zhan/macro-place-challenge-2026/external/DREAMPlace/build/dreamplace/ops/density_potential/CMakeFiles/density_potential_cpp.dir/DependInfo.cmake --color=
gmake[2]: Entering directory '/u5/w223zhan/macro-place-challenge-2026/external/DREAMPlace/build'
gmake[2]: Nothing to be done for 'dreamplace/ops/density_map/CMakeFiles/density_map_cuda_cuda_tmp.dir/build'.
gmake[2]: Leaving directory '/u5/w223zhan/macro-place-challenge-2026/external/DREAMPlace/build'
Consolidate compiler generated dependencies of target density_map_cpp
[ 59%] Built target density_map_cuda_cuda_tmp
gmake[2]: Leaving directory '/u5/w223zhan/macro-place-challenge-2026/external/DREAMPlace/build'
/usr/bin/gmake  -f dreamplace/ops/density_map/CMakeFiles/density_map_cpp.dir/build.make dreamplace/ops/density_map/CMakeFiles/density_map_cpp.dir/build
/usr/bin/gmake  -f dreamplace/ops/density_potential/CMakeFiles/density_potential_cuda_cuda_tmp.dir/build.make dreamplace/ops/density_potential/CMakeFiles/density_potential_cuda_cuda_tmp.dir/depend
gmake[2]: Entering directory '/u5/w223zhan/macro-place-challenge-2026/external/DREAMPlace/build'
cd /u5/w223zhan/macro-place-challenge-2026/external/DREAMPlace/build && /usr/bin/cmake -E cmake_depends "Unix Makefiles" /u5/w223zhan/macro-place-challenge-2026/external/DREAMPlace /u5/w223zhan/macro-place-challenge-2026/external/DREAMPlace/dreamplace/ops/density_potential /u5/w223zhan/macro-place-challenge-2026/external/DREAMPlace/build /u5/w223zhan/macro-place-challenge-2026/external/DREAMPlace/build/dreamplace/ops/density_potential /u5/w223zhan/macro-place-challenge-2026/external/DREAMPlace/build/dreamplace/ops/density_potential/CMakeFiles/density_potential_cuda_cuda_tmp.dir/DependInfo.cmake --color=
gmake[2]: Leaving directory '/u5/w223zhan/macro-place-challenge-2026/external/DREAMPlace/build'
/usr/bin/gmake  -f dreamplace/ops/density_potential/CMakeFiles/density_potential_cuda_cuda_tmp.dir/build.make dreamplace/ops/density_potential/CMakeFiles/density_potential_cuda_cuda_tmp.dir/build
gmake[2]: Entering directory '/u5/w223zhan/macro-place-challenge-2026/external/DREAMPlace/build'
gmake[2]: Nothing to be done for 'dreamplace/ops/density_potential/CMakeFiles/density_potential_cuda_cuda_tmp.dir/build'.
gmake[2]: Leaving directory '/u5/w223zhan/macro-place-challenge-2026/external/DREAMPlace/build'
[ 59%] Built target density_potential_cuda_cuda_tmp
/usr/bin/gmake  -f dreamplace/ops/electric_potential/CMakeFiles/electric_potential_cpp.dir/build.make dreamplace/ops/electric_potential/CMakeFiles/electric_potential_cpp.dir/depend
gmake[2]: Entering directory '/u5/w223zhan/macro-place-challenge-2026/external/DREAMPlace/build'
gmake[2]: Nothing to be done for 'dreamplace/ops/move_boundary/CMakeFiles/move_boundary_cpp.dir/build'.
gmake[2]: Leaving directory '/u5/w223zhan/macro-place-challenge-2026/external/DREAMPlace/build'
gmake[2]: Entering directory '/u5/w223zhan/macro-place-challenge-2026/external/DREAMPlace/build'
cd /u5/w223zhan/macro-place-challenge-2026/external/DREAMPlace/build && /usr/bin/cmake -E cmake_depends "Unix Makefiles" /u5/w223zhan/macro-place-challenge-2026/external/DREAMPlace /u5/w223zhan/macro-place-challenge-2026/external/DREAMPlace/dreamplace/ops/electric_potential /u5/w223zhan/macro-place-challenge-2026/external/DREAMPlace/build /u5/w223zhan/macro-place-challenge-2026/external/DREAMPlace/build/dreamplace/ops/electric_potential /u5/w223zhan/macro-place-challenge-2026/external/DREAMPlace/build/dreamplace/ops/electric_potential/CMakeFiles/electric_potential_cpp.dir/DependInfo.cmake --color=
[ 59%] Built target move_boundary_cpp
/usr/bin/gmake  -f dreamplace/ops/electric_potential/CMakeFiles/electric_potential_cuda_cuda_tmp.dir/build.make dreamplace/ops/electric_potential/CMakeFiles/electric_potential_cuda_cuda_tmp.dir/depend
gmake[2]: Entering directory '/u5/w223zhan/macro-place-challenge-2026/external/DREAMPlace/build'
cd /u5/w223zhan/macro-place-challenge-2026/external/DREAMPlace/build && /usr/bin/cmake -E cmake_depends "Unix Makefiles" /u5/w223zhan/macro-place-challenge-2026/external/DREAMPlace /u5/w223zhan/macro-place-challenge-2026/external/DREAMPlace/dreamplace/ops/electric_potential /u5/w223zhan/macro-place-challenge-2026/external/DREAMPlace/build /u5/w223zhan/macro-place-challenge-2026/external/DREAMPlace/build/dreamplace/ops/electric_potential /u5/w223zhan/macro-place-challenge-2026/external/DREAMPlace/build/dreamplace/ops/electric_potential/CMakeFiles/electric_potential_cuda_cuda_tmp.dir/DependInfo.cmake --color=
gmake[2]: Entering directory '/u5/w223zhan/macro-place-challenge-2026/external/DREAMPlace/build'
gmake[2]: Nothing to be done for 'dreamplace/ops/density_map/CMakeFiles/density_map_cpp.dir/build'.
gmake[2]: Leaving directory '/u5/w223zhan/macro-place-challenge-2026/external/DREAMPlace/build'
gmake[2]: Leaving directory '/u5/w223zhan/macro-place-challenge-2026/external/DREAMPlace/build'
/usr/bin/gmake  -f dreamplace/ops/electric_potential/CMakeFiles/electric_potential_cuda_cuda_tmp.dir/build.make dreamplace/ops/electric_potential/CMakeFiles/electric_potential_cuda_cuda_tmp.dir/build
[ 59%] Built target density_map_cpp
/usr/bin/gmake  -f dreamplace/ops/hpwl/CMakeFiles/hpwl_cpp.dir/build.make dreamplace/ops/hpwl/CMakeFiles/hpwl_cpp.dir/depend
gmake[2]: Entering directory '/u5/w223zhan/macro-place-challenge-2026/external/DREAMPlace/build'
gmake[2]: Nothing to be done for 'dreamplace/ops/electric_potential/CMakeFiles/electric_potential_cuda_cuda_tmp.dir/build'.
gmake[2]: Leaving directory '/u5/w223zhan/macro-place-challenge-2026/external/DREAMPlace/build'
gmake[2]: Entering directory '/u5/w223zhan/macro-place-challenge-2026/external/DREAMPlace/build'
cd /u5/w223zhan/macro-place-challenge-2026/external/DREAMPlace/build && /usr/bin/cmake -E cmake_depends "Unix Makefiles" /u5/w223zhan/macro-place-challenge-2026/external/DREAMPlace /u5/w223zhan/macro-place-challenge-2026/external/DREAMPlace/dreamplace/ops/hpwl /u5/w223zhan/macro-place-challenge-2026/external/DREAMPlace/build /u5/w223zhan/macro-place-challenge-2026/external/DREAMPlace/build/dreamplace/ops/hpwl /u5/w223zhan/macro-place-challenge-2026/external/DREAMPlace/build/dreamplace/ops/hpwl/CMakeFiles/hpwl_cpp.dir/DependInfo.cmake --color=
[ 60%] Built target electric_potential_cuda_cuda_tmp
/usr/bin/gmake  -f dreamplace/ops/hpwl/CMakeFiles/hpwl_cpp_atomic.dir/build.make dreamplace/ops/hpwl/CMakeFiles/hpwl_cpp_atomic.dir/depend
gmake[2]: Entering directory '/u5/w223zhan/macro-place-challenge-2026/external/DREAMPlace/build'
cd /u5/w223zhan/macro-place-challenge-2026/external/DREAMPlace/build && /usr/bin/cmake -E cmake_depends "Unix Makefiles" /u5/w223zhan/macro-place-challenge-2026/external/DREAMPlace /u5/w223zhan/macro-place-challenge-2026/external/DREAMPlace/dreamplace/ops/hpwl /u5/w223zhan/macro-place-challenge-2026/external/DREAMPlace/build /u5/w223zhan/macro-place-challenge-2026/external/DREAMPlace/build/dreamplace/ops/hpwl /u5/w223zhan/macro-place-challenge-2026/external/DREAMPlace/build/dreamplace/ops/hpwl/CMakeFiles/hpwl_cpp_atomic.dir/DependInfo.cmake --color=
Consolidate compiler generated dependencies of target density_potential_cpp
gmake[2]: Leaving directory '/u5/w223zhan/macro-place-challenge-2026/external/DREAMPlace/build'
/usr/bin/gmake  -f dreamplace/ops/density_potential/CMakeFiles/density_potential_cpp.dir/build.make dreamplace/ops/density_potential/CMakeFiles/density_potential_cpp.dir/build
Consolidate compiler generated dependencies of target hpwl_cpp_atomic
gmake[2]: Leaving directory '/u5/w223zhan/macro-place-challenge-2026/external/DREAMPlace/build'
/usr/bin/gmake  -f dreamplace/ops/hpwl/CMakeFiles/hpwl_cpp_atomic.dir/build.make dreamplace/ops/hpwl/CMakeFiles/hpwl_cpp_atomic.dir/build
Consolidate compiler generated dependencies of target hpwl_cpp
gmake[2]: Leaving directory '/u5/w223zhan/macro-place-challenge-2026/external/DREAMPlace/build'
/usr/bin/gmake  -f dreamplace/ops/hpwl/CMakeFiles/hpwl_cpp.dir/build.make dreamplace/ops/hpwl/CMakeFiles/hpwl_cpp.dir/build
gmake[2]: Entering directory '/u5/w223zhan/macro-place-challenge-2026/external/DREAMPlace/build'
gmake[2]: Nothing to be done for 'dreamplace/ops/density_potential/CMakeFiles/density_potential_cpp.dir/build'.
gmake[2]: Leaving directory '/u5/w223zhan/macro-place-challenge-2026/external/DREAMPlace/build'
[ 60%] Built target density_potential_cpp
/usr/bin/gmake  -f dreamplace/ops/hpwl/CMakeFiles/hpwl_cuda_cuda_tmp.dir/build.make dreamplace/ops/hpwl/CMakeFiles/hpwl_cuda_cuda_tmp.dir/depend
gmake[2]: Entering directory '/u5/w223zhan/macro-place-challenge-2026/external/DREAMPlace/build'
cd /u5/w223zhan/macro-place-challenge-2026/external/DREAMPlace/build && /usr/bin/cmake -E cmake_depends "Unix Makefiles" /u5/w223zhan/macro-place-challenge-2026/external/DREAMPlace /u5/w223zhan/macro-place-challenge-2026/external/DREAMPlace/dreamplace/ops/hpwl /u5/w223zhan/macro-place-challenge-2026/external/DREAMPlace/build /u5/w223zhan/macro-place-challenge-2026/external/DREAMPlace/build/dreamplace/ops/hpwl /u5/w223zhan/macro-place-challenge-2026/external/DREAMPlace/build/dreamplace/ops/hpwl/CMakeFiles/hpwl_cuda_cuda_tmp.dir/DependInfo.cmake --color=
Consolidate compiler generated dependencies of target electric_potential_cpp
gmake[2]: Leaving directory '/u5/w223zhan/macro-place-challenge-2026/external/DREAMPlace/build'
/usr/bin/gmake  -f dreamplace/ops/electric_potential/CMakeFiles/electric_potential_cpp.dir/build.make dreamplace/ops/electric_potential/CMakeFiles/electric_potential_cpp.dir/build
gmake[2]: Leaving directory '/u5/w223zhan/macro-place-challenge-2026/external/DREAMPlace/build'
/usr/bin/gmake  -f dreamplace/ops/hpwl/CMakeFiles/hpwl_cuda_cuda_tmp.dir/build.make dreamplace/ops/hpwl/CMakeFiles/hpwl_cuda_cuda_tmp.dir/build
gmake[2]: Entering directory '/u5/w223zhan/macro-place-challenge-2026/external/DREAMPlace/build'
gmake[2]: Nothing to be done for 'dreamplace/ops/hpwl/CMakeFiles/hpwl_cuda_cuda_tmp.dir/build'.
gmake[2]: Leaving directory '/u5/w223zhan/macro-place-challenge-2026/external/DREAMPlace/build'
gmake[2]: Entering directory '/u5/w223zhan/macro-place-challenge-2026/external/DREAMPlace/build'
gmake[2]: Nothing to be done for 'dreamplace/ops/hpwl/CMakeFiles/hpwl_cpp_atomic.dir/build'.
gmake[2]: Leaving directory '/u5/w223zhan/macro-place-challenge-2026/external/DREAMPlace/build'
gmake[2]: Entering directory '/u5/w223zhan/macro-place-challenge-2026/external/DREAMPlace/build'
gmake[2]: Nothing to be done for 'dreamplace/ops/hpwl/CMakeFiles/hpwl_cpp.dir/build'.
gmake[2]: Leaving directory '/u5/w223zhan/macro-place-challenge-2026/external/DREAMPlace/build'
[ 60%] Built target hpwl_cuda_cuda_tmp
/usr/bin/gmake  -f dreamplace/ops/hpwl/CMakeFiles/hpwl_cuda_atomic_cuda_tmp.dir/build.make dreamplace/ops/hpwl/CMakeFiles/hpwl_cuda_atomic_cuda_tmp.dir/depend
gmake[2]: Entering directory '/u5/w223zhan/macro-place-challenge-2026/external/DREAMPlace/build'
cd /u5/w223zhan/macro-place-challenge-2026/external/DREAMPlace/build && /usr/bin/cmake -E cmake_depends "Unix Makefiles" /u5/w223zhan/macro-place-challenge-2026/external/DREAMPlace /u5/w223zhan/macro-place-challenge-2026/external/DREAMPlace/dreamplace/ops/hpwl /u5/w223zhan/macro-place-challenge-2026/external/DREAMPlace/build /u5/w223zhan/macro-place-challenge-2026/external/DREAMPlace/build/dreamplace/ops/hpwl /u5/w223zhan/macro-place-challenge-2026/external/DREAMPlace/build/dreamplace/ops/hpwl/CMakeFiles/hpwl_cuda_atomic_cuda_tmp.dir/DependInfo.cmake --color=
[ 61%] Built target hpwl_cpp
[ 61%] Built target hpwl_cpp_atomic
/usr/bin/gmake  -f dreamplace/ops/weighted_average_wirelength/CMakeFiles/weighted_average_wirelength_cpp.dir/build.make dreamplace/ops/weighted_average_wirelength/CMakeFiles/weighted_average_wirelength_cpp.dir/depend
/usr/bin/gmake  -f dreamplace/ops/weighted_average_wirelength/CMakeFiles/weighted_average_wirelength_cpp_atomic.dir/build.make dreamplace/ops/weighted_average_wirelength/CMakeFiles/weighted_average_wirelength_cpp_atomic.dir/depend
gmake[2]: Entering directory '/u5/w223zhan/macro-place-challenge-2026/external/DREAMPlace/build'
cd /u5/w223zhan/macro-place-challenge-2026/external/DREAMPlace/build && /usr/bin/cmake -E cmake_depends "Unix Makefiles" /u5/w223zhan/macro-place-challenge-2026/external/DREAMPlace /u5/w223zhan/macro-place-challenge-2026/external/DREAMPlace/dreamplace/ops/weighted_average_wirelength /u5/w223zhan/macro-place-challenge-2026/external/DREAMPlace/build /u5/w223zhan/macro-place-challenge-2026/external/DREAMPlace/build/dreamplace/ops/weighted_average_wirelength /u5/w223zhan/macro-place-challenge-2026/external/DREAMPlace/build/dreamplace/ops/weighted_average_wirelength/CMakeFiles/weighted_average_wirelength_cpp_atomic.dir/DependInfo.cmake --color=
gmake[2]: Leaving directory '/u5/w223zhan/macro-place-challenge-2026/external/DREAMPlace/build'
/usr/bin/gmake  -f dreamplace/ops/hpwl/CMakeFiles/hpwl_cuda_atomic_cuda_tmp.dir/build.make dreamplace/ops/hpwl/CMakeFiles/hpwl_cuda_atomic_cuda_tmp.dir/build
gmake[2]: Entering directory '/u5/w223zhan/macro-place-challenge-2026/external/DREAMPlace/build'
cd /u5/w223zhan/macro-place-challenge-2026/external/DREAMPlace/build && /usr/bin/cmake -E cmake_depends "Unix Makefiles" /u5/w223zhan/macro-place-challenge-2026/external/DREAMPlace /u5/w223zhan/macro-place-challenge-2026/external/DREAMPlace/dreamplace/ops/weighted_average_wirelength /u5/w223zhan/macro-place-challenge-2026/external/DREAMPlace/build /u5/w223zhan/macro-place-challenge-2026/external/DREAMPlace/build/dreamplace/ops/weighted_average_wirelength /u5/w223zhan/macro-place-challenge-2026/external/DREAMPlace/build/dreamplace/ops/weighted_average_wirelength/CMakeFiles/weighted_average_wirelength_cpp.dir/DependInfo.cmake --color=
gmake[2]: Entering directory '/u5/w223zhan/macro-place-challenge-2026/external/DREAMPlace/build'
gmake[2]: Nothing to be done for 'dreamplace/ops/hpwl/CMakeFiles/hpwl_cuda_atomic_cuda_tmp.dir/build'.
gmake[2]: Leaving directory '/u5/w223zhan/macro-place-challenge-2026/external/DREAMPlace/build'
[ 61%] Built target hpwl_cuda_atomic_cuda_tmp
/usr/bin/gmake  -f dreamplace/ops/weighted_average_wirelength/CMakeFiles/weighted_average_wirelength_cpp_merged.dir/build.make dreamplace/ops/weighted_average_wirelength/CMakeFiles/weighted_average_wirelength_cpp_merged.dir/depend
gmake[2]: Entering directory '/u5/w223zhan/macro-place-challenge-2026/external/DREAMPlace/build'
cd /u5/w223zhan/macro-place-challenge-2026/external/DREAMPlace/build && /usr/bin/cmake -E cmake_depends "Unix Makefiles" /u5/w223zhan/macro-place-challenge-2026/external/DREAMPlace /u5/w223zhan/macro-place-challenge-2026/external/DREAMPlace/dreamplace/ops/weighted_average_wirelength /u5/w223zhan/macro-place-challenge-2026/external/DREAMPlace/build /u5/w223zhan/macro-place-challenge-2026/external/DREAMPlace/build/dreamplace/ops/weighted_average_wirelength /u5/w223zhan/macro-place-challenge-2026/external/DREAMPlace/build/dreamplace/ops/weighted_average_wirelength/CMakeFiles/weighted_average_wirelength_cpp_merged.dir/DependInfo.cmake --color=
gmake[2]: Entering directory '/u5/w223zhan/macro-place-challenge-2026/external/DREAMPlace/build'
gmake[2]: Nothing to be done for 'dreamplace/ops/electric_potential/CMakeFiles/electric_potential_cpp.dir/build'.
gmake[2]: Leaving directory '/u5/w223zhan/macro-place-challenge-2026/external/DREAMPlace/build'
[ 61%] Built target electric_potential_cpp
/usr/bin/gmake  -f dreamplace/ops/weighted_average_wirelength/CMakeFiles/integrate_net_weights_cuda.dir/build.make dreamplace/ops/weighted_average_wirelength/CMakeFiles/integrate_net_weights_cuda.dir/depend
gmake[2]: Entering directory '/u5/w223zhan/macro-place-challenge-2026/external/DREAMPlace/build'
cd /u5/w223zhan/macro-place-challenge-2026/external/DREAMPlace/build && /usr/bin/cmake -E cmake_depends "Unix Makefiles" /u5/w223zhan/macro-place-challenge-2026/external/DREAMPlace /u5/w223zhan/macro-place-challenge-2026/external/DREAMPlace/dreamplace/ops/weighted_average_wirelength /u5/w223zhan/macro-place-challenge-2026/external/DREAMPlace/build /u5/w223zhan/macro-place-challenge-2026/external/DREAMPlace/build/dreamplace/ops/weighted_average_wirelength /u5/w223zhan/macro-place-challenge-2026/external/DREAMPlace/build/dreamplace/ops/weighted_average_wirelength/CMakeFiles/integrate_net_weights_cuda.dir/DependInfo.cmake --color=
gmake[2]: Leaving directory '/u5/w223zhan/macro-place-challenge-2026/external/DREAMPlace/build'
/usr/bin/gmake  -f dreamplace/ops/weighted_average_wirelength/CMakeFiles/integrate_net_weights_cuda.dir/build.make dreamplace/ops/weighted_average_wirelength/CMakeFiles/integrate_net_weights_cuda.dir/build
gmake[2]: Entering directory '/u5/w223zhan/macro-place-challenge-2026/external/DREAMPlace/build'
gmake[2]: Nothing to be done for 'dreamplace/ops/weighted_average_wirelength/CMakeFiles/integrate_net_weights_cuda.dir/build'.
gmake[2]: Leaving directory '/u5/w223zhan/macro-place-challenge-2026/external/DREAMPlace/build'
Consolidate compiler generated dependencies of target weighted_average_wirelength_cpp_atomic
Consolidate compiler generated dependencies of target weighted_average_wirelength_cpp
gmake[2]: Leaving directory '/u5/w223zhan/macro-place-challenge-2026/external/DREAMPlace/build'
/usr/bin/gmake  -f dreamplace/ops/weighted_average_wirelength/CMakeFiles/weighted_average_wirelength_cpp_atomic.dir/build.make dreamplace/ops/weighted_average_wirelength/CMakeFiles/weighted_average_wirelength_cpp_atomic.dir/build
gmake[2]: Leaving directory '/u5/w223zhan/macro-place-challenge-2026/external/DREAMPlace/build'
/usr/bin/gmake  -f dreamplace/ops/weighted_average_wirelength/CMakeFiles/weighted_average_wirelength_cpp.dir/build.make dreamplace/ops/weighted_average_wirelength/CMakeFiles/weighted_average_wirelength_cpp.dir/build
[ 61%] Built target integrate_net_weights_cuda
/usr/bin/gmake  -f dreamplace/ops/logsumexp_wirelength/CMakeFiles/logsumexp_wirelength_cpp_merged.dir/build.make dreamplace/ops/logsumexp_wirelength/CMakeFiles/logsumexp_wirelength_cpp_merged.dir/depend
Consolidate compiler generated dependencies of target weighted_average_wirelength_cpp_merged
gmake[2]: Leaving directory '/u5/w223zhan/macro-place-challenge-2026/external/DREAMPlace/build'
/usr/bin/gmake  -f dreamplace/ops/weighted_average_wirelength/CMakeFiles/weighted_average_wirelength_cpp_merged.dir/build.make dreamplace/ops/weighted_average_wirelength/CMakeFiles/weighted_average_wirelength_cpp_merged.dir/build
gmake[2]: Entering directory '/u5/w223zhan/macro-place-challenge-2026/external/DREAMPlace/build'
cd /u5/w223zhan/macro-place-challenge-2026/external/DREAMPlace/build && /usr/bin/cmake -E cmake_depends "Unix Makefiles" /u5/w223zhan/macro-place-challenge-2026/external/DREAMPlace /u5/w223zhan/macro-place-challenge-2026/external/DREAMPlace/dreamplace/ops/logsumexp_wirelength /u5/w223zhan/macro-place-challenge-2026/external/DREAMPlace/build /u5/w223zhan/macro-place-challenge-2026/external/DREAMPlace/build/dreamplace/ops/logsumexp_wirelength /u5/w223zhan/macro-place-challenge-2026/external/DREAMPlace/build/dreamplace/ops/logsumexp_wirelength/CMakeFiles/logsumexp_wirelength_cpp_merged.dir/DependInfo.cmake --color=
gmake[2]: Entering directory '/u5/w223zhan/macro-place-challenge-2026/external/DREAMPlace/build'
gmake[2]: Entering directory '/u5/w223zhan/macro-place-challenge-2026/external/DREAMPlace/build'
gmake[2]: Nothing to be done for 'dreamplace/ops/weighted_average_wirelength/CMakeFiles/weighted_average_wirelength_cpp_atomic.dir/build'.
gmake[2]: Nothing to be done for 'dreamplace/ops/weighted_average_wirelength/CMakeFiles/weighted_average_wirelength_cpp.dir/build'.
gmake[2]: Leaving directory '/u5/w223zhan/macro-place-challenge-2026/external/DREAMPlace/build'
gmake[2]: Leaving directory '/u5/w223zhan/macro-place-challenge-2026/external/DREAMPlace/build'
[ 62%] Built target weighted_average_wirelength_cpp
[ 62%] Built target weighted_average_wirelength_cpp_atomic
/usr/bin/gmake  -f dreamplace/ops/logsumexp_wirelength/CMakeFiles/logsumexp_wirelength_cuda_merged_cuda_tmp.dir/build.make dreamplace/ops/logsumexp_wirelength/CMakeFiles/logsumexp_wirelength_cuda_merged_cuda_tmp.dir/depend
/usr/bin/gmake  -f dreamplace/ops/logsumexp_wirelength/CMakeFiles/logsumexp_wirelength_cuda_atomic_cuda_tmp.dir/build.make dreamplace/ops/logsumexp_wirelength/CMakeFiles/logsumexp_wirelength_cuda_atomic_cuda_tmp.dir/depend
gmake[2]: Entering directory '/u5/w223zhan/macro-place-challenge-2026/external/DREAMPlace/build'
gmake[2]: Entering directory '/u5/w223zhan/macro-place-challenge-2026/external/DREAMPlace/build'
cd /u5/w223zhan/macro-place-challenge-2026/external/DREAMPlace/build && /usr/bin/cmake -E cmake_depends "Unix Makefiles" /u5/w223zhan/macro-place-challenge-2026/external/DREAMPlace /u5/w223zhan/macro-place-challenge-2026/external/DREAMPlace/dreamplace/ops/logsumexp_wirelength /u5/w223zhan/macro-place-challenge-2026/external/DREAMPlace/build /u5/w223zhan/macro-place-challenge-2026/external/DREAMPlace/build/dreamplace/ops/logsumexp_wirelength /u5/w223zhan/macro-place-challenge-2026/external/DREAMPlace/build/dreamplace/ops/logsumexp_wirelength/CMakeFiles/logsumexp_wirelength_cuda_merged_cuda_tmp.dir/DependInfo.cmake --color=
cd /u5/w223zhan/macro-place-challenge-2026/external/DREAMPlace/build && /usr/bin/cmake -E cmake_depends "Unix Makefiles" /u5/w223zhan/macro-place-challenge-2026/external/DREAMPlace /u5/w223zhan/macro-place-challenge-2026/external/DREAMPlace/dreamplace/ops/logsumexp_wirelength /u5/w223zhan/macro-place-challenge-2026/external/DREAMPlace/build /u5/w223zhan/macro-place-challenge-2026/external/DREAMPlace/build/dreamplace/ops/logsumexp_wirelength /u5/w223zhan/macro-place-challenge-2026/external/DREAMPlace/build/dreamplace/ops/logsumexp_wirelength/CMakeFiles/logsumexp_wirelength_cuda_atomic_cuda_tmp.dir/DependInfo.cmake --color=
gmake[2]: Entering directory '/u5/w223zhan/macro-place-challenge-2026/external/DREAMPlace/build'
gmake[2]: Nothing to be done for 'dreamplace/ops/weighted_average_wirelength/CMakeFiles/weighted_average_wirelength_cpp_merged.dir/build'.
gmake[2]: Leaving directory '/u5/w223zhan/macro-place-challenge-2026/external/DREAMPlace/build'
Consolidate compiler generated dependencies of target logsumexp_wirelength_cpp_merged
gmake[2]: Leaving directory '/u5/w223zhan/macro-place-challenge-2026/external/DREAMPlace/build'
/usr/bin/gmake  -f dreamplace/ops/logsumexp_wirelength/CMakeFiles/logsumexp_wirelength_cuda_merged_cuda_tmp.dir/build.make dreamplace/ops/logsumexp_wirelength/CMakeFiles/logsumexp_wirelength_cuda_merged_cuda_tmp.dir/build
[ 62%] Built target weighted_average_wirelength_cpp_merged
gmake[2]: Leaving directory '/u5/w223zhan/macro-place-challenge-2026/external/DREAMPlace/build'
gmake[2]: Leaving directory '/u5/w223zhan/macro-place-challenge-2026/external/DREAMPlace/build'
/usr/bin/gmake  -f dreamplace/ops/logsumexp_wirelength/CMakeFiles/logsumexp_wirelength_cuda_atomic_cuda_tmp.dir/build.make dreamplace/ops/logsumexp_wirelength/CMakeFiles/logsumexp_wirelength_cuda_atomic_cuda_tmp.dir/build
/usr/bin/gmake  -f dreamplace/ops/logsumexp_wirelength/CMakeFiles/logsumexp_wirelength_cpp_merged.dir/build.make dreamplace/ops/logsumexp_wirelength/CMakeFiles/logsumexp_wirelength_cpp_merged.dir/build
/usr/bin/gmake  -f dreamplace/ops/legality_check/CMakeFiles/legality_check_cpp.dir/build.make dreamplace/ops/legality_check/CMakeFiles/legality_check_cpp.dir/depend
gmake[2]: Entering directory '/u5/w223zhan/macro-place-challenge-2026/external/DREAMPlace/build'
cd /u5/w223zhan/macro-place-challenge-2026/external/DREAMPlace/build && /usr/bin/cmake -E cmake_depends "Unix Makefiles" /u5/w223zhan/macro-place-challenge-2026/external/DREAMPlace /u5/w223zhan/macro-place-challenge-2026/external/DREAMPlace/dreamplace/ops/legality_check /u5/w223zhan/macro-place-challenge-2026/external/DREAMPlace/build /u5/w223zhan/macro-place-challenge-2026/external/DREAMPlace/build/dreamplace/ops/legality_check /u5/w223zhan/macro-place-challenge-2026/external/DREAMPlace/build/dreamplace/ops/legality_check/CMakeFiles/legality_check_cpp.dir/DependInfo.cmake --color=
gmake[2]: Entering directory '/u5/w223zhan/macro-place-challenge-2026/external/DREAMPlace/build'
gmake[2]: Nothing to be done for 'dreamplace/ops/logsumexp_wirelength/CMakeFiles/logsumexp_wirelength_cuda_merged_cuda_tmp.dir/build'.
gmake[2]: Leaving directory '/u5/w223zhan/macro-place-challenge-2026/external/DREAMPlace/build'
gmake[2]: Entering directory '/u5/w223zhan/macro-place-challenge-2026/external/DREAMPlace/build'
gmake[2]: Nothing to be done for 'dreamplace/ops/logsumexp_wirelength/CMakeFiles/logsumexp_wirelength_cuda_atomic_cuda_tmp.dir/build'.
gmake[2]: Leaving directory '/u5/w223zhan/macro-place-challenge-2026/external/DREAMPlace/build'
[ 62%] Built target logsumexp_wirelength_cuda_merged_cuda_tmp
/usr/bin/gmake  -f dreamplace/ops/macro_legalize/CMakeFiles/macro_legalize_cpp.dir/build.make dreamplace/ops/macro_legalize/CMakeFiles/macro_legalize_cpp.dir/depend
gmake[2]: Entering directory '/u5/w223zhan/macro-place-challenge-2026/external/DREAMPlace/build'
cd /u5/w223zhan/macro-place-challenge-2026/external/DREAMPlace/build && /usr/bin/cmake -E cmake_depends "Unix Makefiles" /u5/w223zhan/macro-place-challenge-2026/external/DREAMPlace /u5/w223zhan/macro-place-challenge-2026/external/DREAMPlace/dreamplace/ops/macro_legalize /u5/w223zhan/macro-place-challenge-2026/external/DREAMPlace/build /u5/w223zhan/macro-place-challenge-2026/external/DREAMPlace/build/dreamplace/ops/macro_legalize /u5/w223zhan/macro-place-challenge-2026/external/DREAMPlace/build/dreamplace/ops/macro_legalize/CMakeFiles/macro_legalize_cpp.dir/DependInfo.cmake --color=
gmake[2]: Entering directory '/u5/w223zhan/macro-place-challenge-2026/external/DREAMPlace/build'
gmake[2]: Nothing to be done for 'dreamplace/ops/logsumexp_wirelength/CMakeFiles/logsumexp_wirelength_cpp_merged.dir/build'.
gmake[2]: Leaving directory '/u5/w223zhan/macro-place-challenge-2026/external/DREAMPlace/build'
Consolidate compiler generated dependencies of target legality_check_cpp
gmake[2]: Leaving directory '/u5/w223zhan/macro-place-challenge-2026/external/DREAMPlace/build'
/usr/bin/gmake  -f dreamplace/ops/legality_check/CMakeFiles/legality_check_cpp.dir/build.make dreamplace/ops/legality_check/CMakeFiles/legality_check_cpp.dir/build
[ 63%] Built target logsumexp_wirelength_cpp_merged
/usr/bin/gmake  -f dreamplace/ops/greedy_legalize/CMakeFiles/greedy_legalize_cpp.dir/build.make dreamplace/ops/greedy_legalize/CMakeFiles/greedy_legalize_cpp.dir/depend
gmake[2]: Entering directory '/u5/w223zhan/macro-place-challenge-2026/external/DREAMPlace/build'
cd /u5/w223zhan/macro-place-challenge-2026/external/DREAMPlace/build && /usr/bin/cmake -E cmake_depends "Unix Makefiles" /u5/w223zhan/macro-place-challenge-2026/external/DREAMPlace /u5/w223zhan/macro-place-challenge-2026/external/DREAMPlace/dreamplace/ops/greedy_legalize /u5/w223zhan/macro-place-challenge-2026/external/DREAMPlace/build /u5/w223zhan/macro-place-challenge-2026/external/DREAMPlace/build/dreamplace/ops/greedy_legalize /u5/w223zhan/macro-place-challenge-2026/external/DREAMPlace/build/dreamplace/ops/greedy_legalize/CMakeFiles/greedy_legalize_cpp.dir/DependInfo.cmake --color=
gmake[2]: Entering directory '/u5/w223zhan/macro-place-challenge-2026/external/DREAMPlace/build'
gmake[2]: Nothing to be done for 'dreamplace/ops/legality_check/CMakeFiles/legality_check_cpp.dir/build'.
gmake[2]: Leaving directory '/u5/w223zhan/macro-place-challenge-2026/external/DREAMPlace/build'
[ 64%] Built target legality_check_cpp
/usr/bin/gmake  -f dreamplace/ops/abacus_legalize/CMakeFiles/abacus_legalize_cpp.dir/build.make dreamplace/ops/abacus_legalize/CMakeFiles/abacus_legalize_cpp.dir/depend
gmake[2]: Entering directory '/u5/w223zhan/macro-place-challenge-2026/external/DREAMPlace/build'
cd /u5/w223zhan/macro-place-challenge-2026/external/DREAMPlace/build && /usr/bin/cmake -E cmake_depends "Unix Makefiles" /u5/w223zhan/macro-place-challenge-2026/external/DREAMPlace /u5/w223zhan/macro-place-challenge-2026/external/DREAMPlace/dreamplace/ops/abacus_legalize /u5/w223zhan/macro-place-challenge-2026/external/DREAMPlace/build /u5/w223zhan/macro-place-challenge-2026/external/DREAMPlace/build/dreamplace/ops/abacus_legalize /u5/w223zhan/macro-place-challenge-2026/external/DREAMPlace/build/dreamplace/ops/abacus_legalize/CMakeFiles/abacus_legalize_cpp.dir/DependInfo.cmake --color=
Consolidate compiler generated dependencies of target macro_legalize_cpp
gmake[2]: Leaving directory '/u5/w223zhan/macro-place-challenge-2026/external/DREAMPlace/build'
/usr/bin/gmake  -f dreamplace/ops/macro_legalize/CMakeFiles/macro_legalize_cpp.dir/build.make dreamplace/ops/macro_legalize/CMakeFiles/macro_legalize_cpp.dir/build
Consolidate compiler generated dependencies of target abacus_legalize_cpp
gmake[2]: Entering directory '/u5/w223zhan/macro-place-challenge-2026/external/DREAMPlace/build'
gmake[2]: Nothing to be done for 'dreamplace/ops/macro_legalize/CMakeFiles/macro_legalize_cpp.dir/build'.
gmake[2]: Leaving directory '/u5/w223zhan/macro-place-challenge-2026/external/DREAMPlace/build'
gmake[2]: Leaving directory '/u5/w223zhan/macro-place-challenge-2026/external/DREAMPlace/build'
/usr/bin/gmake  -f dreamplace/ops/abacus_legalize/CMakeFiles/abacus_legalize_cpp.dir/build.make dreamplace/ops/abacus_legalize/CMakeFiles/abacus_legalize_cpp.dir/build
[ 65%] Built target macro_legalize_cpp
/usr/bin/gmake  -f dreamplace/ops/global_swap/CMakeFiles/global_swap_cpp.dir/build.make dreamplace/ops/global_swap/CMakeFiles/global_swap_cpp.dir/depend
gmake[2]: Entering directory '/u5/w223zhan/macro-place-challenge-2026/external/DREAMPlace/build'
cd /u5/w223zhan/macro-place-challenge-2026/external/DREAMPlace/build && /usr/bin/cmake -E cmake_depends "Unix Makefiles" /u5/w223zhan/macro-place-challenge-2026/external/DREAMPlace /u5/w223zhan/macro-place-challenge-2026/external/DREAMPlace/dreamplace/ops/global_swap /u5/w223zhan/macro-place-challenge-2026/external/DREAMPlace/build /u5/w223zhan/macro-place-challenge-2026/external/DREAMPlace/build/dreamplace/ops/global_swap /u5/w223zhan/macro-place-challenge-2026/external/DREAMPlace/build/dreamplace/ops/global_swap/CMakeFiles/global_swap_cpp.dir/DependInfo.cmake --color=
Consolidate compiler generated dependencies of target greedy_legalize_cpp
gmake[2]: Leaving directory '/u5/w223zhan/macro-place-challenge-2026/external/DREAMPlace/build'
/usr/bin/gmake  -f dreamplace/ops/greedy_legalize/CMakeFiles/greedy_legalize_cpp.dir/build.make dreamplace/ops/greedy_legalize/CMakeFiles/greedy_legalize_cpp.dir/build
gmake[2]: Entering directory '/u5/w223zhan/macro-place-challenge-2026/external/DREAMPlace/build'
gmake[2]: Nothing to be done for 'dreamplace/ops/abacus_legalize/CMakeFiles/abacus_legalize_cpp.dir/build'.
gmake[2]: Leaving directory '/u5/w223zhan/macro-place-challenge-2026/external/DREAMPlace/build'
[ 65%] Built target abacus_legalize_cpp
/usr/bin/gmake  -f dreamplace/ops/global_swap/CMakeFiles/global_swap_concurrent_cpp.dir/build.make dreamplace/ops/global_swap/CMakeFiles/global_swap_concurrent_cpp.dir/depend
gmake[2]: Entering directory '/u5/w223zhan/macro-place-challenge-2026/external/DREAMPlace/build'
cd /u5/w223zhan/macro-place-challenge-2026/external/DREAMPlace/build && /usr/bin/cmake -E cmake_depends "Unix Makefiles" /u5/w223zhan/macro-place-challenge-2026/external/DREAMPlace /u5/w223zhan/macro-place-challenge-2026/external/DREAMPlace/dreamplace/ops/global_swap /u5/w223zhan/macro-place-challenge-2026/external/DREAMPlace/build /u5/w223zhan/macro-place-challenge-2026/external/DREAMPlace/build/dreamplace/ops/global_swap /u5/w223zhan/macro-place-challenge-2026/external/DREAMPlace/build/dreamplace/ops/global_swap/CMakeFiles/global_swap_concurrent_cpp.dir/DependInfo.cmake --color=
Consolidate compiler generated dependencies of target global_swap_cpp
gmake[2]: Leaving directory '/u5/w223zhan/macro-place-challenge-2026/external/DREAMPlace/build'
/usr/bin/gmake  -f dreamplace/ops/global_swap/CMakeFiles/global_swap_cpp.dir/build.make dreamplace/ops/global_swap/CMakeFiles/global_swap_cpp.dir/build
Consolidate compiler generated dependencies of target global_swap_concurrent_cpp
gmake[2]: Leaving directory '/u5/w223zhan/macro-place-challenge-2026/external/DREAMPlace/build'
/usr/bin/gmake  -f dreamplace/ops/global_swap/CMakeFiles/global_swap_concurrent_cpp.dir/build.make dreamplace/ops/global_swap/CMakeFiles/global_swap_concurrent_cpp.dir/build
gmake[2]: Entering directory '/u5/w223zhan/macro-place-challenge-2026/external/DREAMPlace/build'
gmake[2]: Nothing to be done for 'dreamplace/ops/greedy_legalize/CMakeFiles/greedy_legalize_cpp.dir/build'.
gmake[2]: Leaving directory '/u5/w223zhan/macro-place-challenge-2026/external/DREAMPlace/build'
gmake[2]: Entering directory '/u5/w223zhan/macro-place-challenge-2026/external/DREAMPlace/build'
gmake[2]: Nothing to be done for 'dreamplace/ops/global_swap/CMakeFiles/global_swap_cpp.dir/build'.
gmake[2]: Leaving directory '/u5/w223zhan/macro-place-challenge-2026/external/DREAMPlace/build'
[ 66%] Built target greedy_legalize_cpp
/usr/bin/gmake  -f dreamplace/ops/global_swap/CMakeFiles/global_swap_cuda_cuda_tmp.dir/build.make dreamplace/ops/global_swap/CMakeFiles/global_swap_cuda_cuda_tmp.dir/depend
[ 67%] Built target global_swap_cpp
/usr/bin/gmake  -f dreamplace/ops/independent_set_matching/CMakeFiles/independent_set_matching_cpp.dir/build.make dreamplace/ops/independent_set_matching/CMakeFiles/independent_set_matching_cpp.dir/depend
gmake[2]: Entering directory '/u5/w223zhan/macro-place-challenge-2026/external/DREAMPlace/build'
cd /u5/w223zhan/macro-place-challenge-2026/external/DREAMPlace/build && /usr/bin/cmake -E cmake_depends "Unix Makefiles" /u5/w223zhan/macro-place-challenge-2026/external/DREAMPlace /u5/w223zhan/macro-place-challenge-2026/external/DREAMPlace/dreamplace/ops/independent_set_matching /u5/w223zhan/macro-place-challenge-2026/external/DREAMPlace/build /u5/w223zhan/macro-place-challenge-2026/external/DREAMPlace/build/dreamplace/ops/independent_set_matching /u5/w223zhan/macro-place-challenge-2026/external/DREAMPlace/build/dreamplace/ops/independent_set_matching/CMakeFiles/independent_set_matching_cpp.dir/DependInfo.cmake --color=
gmake[2]: Entering directory '/u5/w223zhan/macro-place-challenge-2026/external/DREAMPlace/build'
cd /u5/w223zhan/macro-place-challenge-2026/external/DREAMPlace/build && /usr/bin/cmake -E cmake_depends "Unix Makefiles" /u5/w223zhan/macro-place-challenge-2026/external/DREAMPlace /u5/w223zhan/macro-place-challenge-2026/external/DREAMPlace/dreamplace/ops/global_swap /u5/w223zhan/macro-place-challenge-2026/external/DREAMPlace/build /u5/w223zhan/macro-place-challenge-2026/external/DREAMPlace/build/dreamplace/ops/global_swap /u5/w223zhan/macro-place-challenge-2026/external/DREAMPlace/build/dreamplace/ops/global_swap/CMakeFiles/global_swap_cuda_cuda_tmp.dir/DependInfo.cmake --color=
gmake[2]: Leaving directory '/u5/w223zhan/macro-place-challenge-2026/external/DREAMPlace/build'
/usr/bin/gmake  -f dreamplace/ops/global_swap/CMakeFiles/global_swap_cuda_cuda_tmp.dir/build.make dreamplace/ops/global_swap/CMakeFiles/global_swap_cuda_cuda_tmp.dir/build
gmake[2]: Entering directory '/u5/w223zhan/macro-place-challenge-2026/external/DREAMPlace/build'
gmake[2]: Nothing to be done for 'dreamplace/ops/global_swap/CMakeFiles/global_swap_cuda_cuda_tmp.dir/build'.
gmake[2]: Leaving directory '/u5/w223zhan/macro-place-challenge-2026/external/DREAMPlace/build'
gmake[2]: Entering directory '/u5/w223zhan/macro-place-challenge-2026/external/DREAMPlace/build'
gmake[2]: Nothing to be done for 'dreamplace/ops/global_swap/CMakeFiles/global_swap_concurrent_cpp.dir/build'.
gmake[2]: Leaving directory '/u5/w223zhan/macro-place-challenge-2026/external/DREAMPlace/build'
[ 68%] Built target global_swap_cuda_cuda_tmp
[ 68%] Built target global_swap_concurrent_cpp
/usr/bin/gmake  -f dreamplace/ops/independent_set_matching/CMakeFiles/independent_set_matching_sequential_cpp.dir/build.make dreamplace/ops/independent_set_matching/CMakeFiles/independent_set_matching_sequential_cpp.dir/depend
/usr/bin/gmake  -f dreamplace/ops/independent_set_matching/CMakeFiles/independent_set_matching_cuda_cuda_tmp.dir/build.make dreamplace/ops/independent_set_matching/CMakeFiles/independent_set_matching_cuda_cuda_tmp.dir/depend
gmake[2]: Entering directory '/u5/w223zhan/macro-place-challenge-2026/external/DREAMPlace/build'
cd /u5/w223zhan/macro-place-challenge-2026/external/DREAMPlace/build && /usr/bin/cmake -E cmake_depends "Unix Makefiles" /u5/w223zhan/macro-place-challenge-2026/external/DREAMPlace /u5/w223zhan/macro-place-challenge-2026/external/DREAMPlace/dreamplace/ops/independent_set_matching /u5/w223zhan/macro-place-challenge-2026/external/DREAMPlace/build /u5/w223zhan/macro-place-challenge-2026/external/DREAMPlace/build/dreamplace/ops/independent_set_matching /u5/w223zhan/macro-place-challenge-2026/external/DREAMPlace/build/dreamplace/ops/independent_set_matching/CMakeFiles/independent_set_matching_sequential_cpp.dir/DependInfo.cmake --color=
gmake[2]: Entering directory '/u5/w223zhan/macro-place-challenge-2026/external/DREAMPlace/build'
cd /u5/w223zhan/macro-place-challenge-2026/external/DREAMPlace/build && /usr/bin/cmake -E cmake_depends "Unix Makefiles" /u5/w223zhan/macro-place-challenge-2026/external/DREAMPlace /u5/w223zhan/macro-place-challenge-2026/external/DREAMPlace/dreamplace/ops/independent_set_matching /u5/w223zhan/macro-place-challenge-2026/external/DREAMPlace/build /u5/w223zhan/macro-place-challenge-2026/external/DREAMPlace/build/dreamplace/ops/independent_set_matching /u5/w223zhan/macro-place-challenge-2026/external/DREAMPlace/build/dreamplace/ops/independent_set_matching/CMakeFiles/independent_set_matching_cuda_cuda_tmp.dir/DependInfo.cmake --color=
gmake[2]: Leaving directory '/u5/w223zhan/macro-place-challenge-2026/external/DREAMPlace/build'
/usr/bin/gmake  -f dreamplace/ops/independent_set_matching/CMakeFiles/independent_set_matching_cuda_cuda_tmp.dir/build.make dreamplace/ops/independent_set_matching/CMakeFiles/independent_set_matching_cuda_cuda_tmp.dir/build
gmake[2]: Entering directory '/u5/w223zhan/macro-place-challenge-2026/external/DREAMPlace/build'
gmake[2]: Nothing to be done for 'dreamplace/ops/independent_set_matching/CMakeFiles/independent_set_matching_cuda_cuda_tmp.dir/build'.
gmake[2]: Leaving directory '/u5/w223zhan/macro-place-challenge-2026/external/DREAMPlace/build'
[ 68%] Built target independent_set_matching_cuda_cuda_tmp
/usr/bin/gmake  -f dreamplace/ops/k_reorder/CMakeFiles/k_reorder_cpp.dir/build.make dreamplace/ops/k_reorder/CMakeFiles/k_reorder_cpp.dir/depend
gmake[2]: Entering directory '/u5/w223zhan/macro-place-challenge-2026/external/DREAMPlace/build'
cd /u5/w223zhan/macro-place-challenge-2026/external/DREAMPlace/build && /usr/bin/cmake -E cmake_depends "Unix Makefiles" /u5/w223zhan/macro-place-challenge-2026/external/DREAMPlace /u5/w223zhan/macro-place-challenge-2026/external/DREAMPlace/dreamplace/ops/k_reorder /u5/w223zhan/macro-place-challenge-2026/external/DREAMPlace/build /u5/w223zhan/macro-place-challenge-2026/external/DREAMPlace/build/dreamplace/ops/k_reorder /u5/w223zhan/macro-place-challenge-2026/external/DREAMPlace/build/dreamplace/ops/k_reorder/CMakeFiles/k_reorder_cpp.dir/DependInfo.cmake --color=
Consolidate compiler generated dependencies of target independent_set_matching_cpp
gmake[2]: Leaving directory '/u5/w223zhan/macro-place-challenge-2026/external/DREAMPlace/build'
/usr/bin/gmake  -f dreamplace/ops/independent_set_matching/CMakeFiles/independent_set_matching_cpp.dir/build.make dreamplace/ops/independent_set_matching/CMakeFiles/independent_set_matching_cpp.dir/build
Consolidate compiler generated dependencies of target k_reorder_cpp
Consolidate compiler generated dependencies of target independent_set_matching_sequential_cpp
gmake[2]: Leaving directory '/u5/w223zhan/macro-place-challenge-2026/external/DREAMPlace/build'
/usr/bin/gmake  -f dreamplace/ops/k_reorder/CMakeFiles/k_reorder_cpp.dir/build.make dreamplace/ops/k_reorder/CMakeFiles/k_reorder_cpp.dir/build
gmake[2]: Entering directory '/u5/w223zhan/macro-place-challenge-2026/external/DREAMPlace/build'
gmake[2]: Nothing to be done for 'dreamplace/ops/independent_set_matching/CMakeFiles/independent_set_matching_cpp.dir/build'.
gmake[2]: Leaving directory '/u5/w223zhan/macro-place-challenge-2026/external/DREAMPlace/build'
gmake[2]: Leaving directory '/u5/w223zhan/macro-place-challenge-2026/external/DREAMPlace/build'
/usr/bin/gmake  -f dreamplace/ops/independent_set_matching/CMakeFiles/independent_set_matching_sequential_cpp.dir/build.make dreamplace/ops/independent_set_matching/CMakeFiles/independent_set_matching_sequential_cpp.dir/build
[ 68%] Built target independent_set_matching_cpp
/usr/bin/gmake  -f dreamplace/ops/k_reorder/CMakeFiles/k_reorder_cuda_cuda_tmp.dir/build.make dreamplace/ops/k_reorder/CMakeFiles/k_reorder_cuda_cuda_tmp.dir/depend
gmake[2]: Entering directory '/u5/w223zhan/macro-place-challenge-2026/external/DREAMPlace/build'
cd /u5/w223zhan/macro-place-challenge-2026/external/DREAMPlace/build && /usr/bin/cmake -E cmake_depends "Unix Makefiles" /u5/w223zhan/macro-place-challenge-2026/external/DREAMPlace /u5/w223zhan/macro-place-challenge-2026/external/DREAMPlace/dreamplace/ops/k_reorder /u5/w223zhan/macro-place-challenge-2026/external/DREAMPlace/build /u5/w223zhan/macro-place-challenge-2026/external/DREAMPlace/build/dreamplace/ops/k_reorder /u5/w223zhan/macro-place-challenge-2026/external/DREAMPlace/build/dreamplace/ops/k_reorder/CMakeFiles/k_reorder_cuda_cuda_tmp.dir/DependInfo.cmake --color=
gmake[2]: Leaving directory '/u5/w223zhan/macro-place-challenge-2026/external/DREAMPlace/build'
/usr/bin/gmake  -f dreamplace/ops/k_reorder/CMakeFiles/k_reorder_cuda_cuda_tmp.dir/build.make dreamplace/ops/k_reorder/CMakeFiles/k_reorder_cuda_cuda_tmp.dir/build
gmake[2]: Entering directory '/u5/w223zhan/macro-place-challenge-2026/external/DREAMPlace/build'
gmake[2]: Nothing to be done for 'dreamplace/ops/k_reorder/CMakeFiles/k_reorder_cuda_cuda_tmp.dir/build'.
gmake[2]: Leaving directory '/u5/w223zhan/macro-place-challenge-2026/external/DREAMPlace/build'
[ 68%] Built target k_reorder_cuda_cuda_tmp
gmake[2]: Entering directory '/u5/w223zhan/macro-place-challenge-2026/external/DREAMPlace/build'
gmake[2]: Nothing to be done for 'dreamplace/ops/k_reorder/CMakeFiles/k_reorder_cpp.dir/build'.
gmake[2]: Leaving directory '/u5/w223zhan/macro-place-challenge-2026/external/DREAMPlace/build'
gmake[2]: Entering directory '/u5/w223zhan/macro-place-challenge-2026/external/DREAMPlace/build'
gmake[2]: Nothing to be done for 'dreamplace/ops/independent_set_matching/CMakeFiles/independent_set_matching_sequential_cpp.dir/build'.
gmake[2]: Leaving directory '/u5/w223zhan/macro-place-challenge-2026/external/DREAMPlace/build'
/usr/bin/gmake  -f dreamplace/ops/pin_utilization/CMakeFiles/pin_utilization_cpp.dir/build.make dreamplace/ops/pin_utilization/CMakeFiles/pin_utilization_cpp.dir/depend
gmake[2]: Entering directory '/u5/w223zhan/macro-place-challenge-2026/external/DREAMPlace/build'
cd /u5/w223zhan/macro-place-challenge-2026/external/DREAMPlace/build && /usr/bin/cmake -E cmake_depends "Unix Makefiles" /u5/w223zhan/macro-place-challenge-2026/external/DREAMPlace /u5/w223zhan/macro-place-challenge-2026/external/DREAMPlace/dreamplace/ops/pin_utilization /u5/w223zhan/macro-place-challenge-2026/external/DREAMPlace/build /u5/w223zhan/macro-place-challenge-2026/external/DREAMPlace/build/dreamplace/ops/pin_utilization /u5/w223zhan/macro-place-challenge-2026/external/DREAMPlace/build/dreamplace/ops/pin_utilization/CMakeFiles/pin_utilization_cpp.dir/DependInfo.cmake --color=
[ 69%] Built target independent_set_matching_sequential_cpp
[ 69%] Built target k_reorder_cpp
/usr/bin/gmake  -f dreamplace/ops/pin_utilization/CMakeFiles/pin_utilization_cuda_cuda_tmp.dir/build.make dreamplace/ops/pin_utilization/CMakeFiles/pin_utilization_cuda_cuda_tmp.dir/depend
/usr/bin/gmake  -f dreamplace/ops/rudy/CMakeFiles/rudy_cpp.dir/build.make dreamplace/ops/rudy/CMakeFiles/rudy_cpp.dir/depend
gmake[2]: Entering directory '/u5/w223zhan/macro-place-challenge-2026/external/DREAMPlace/build'
cd /u5/w223zhan/macro-place-challenge-2026/external/DREAMPlace/build && /usr/bin/cmake -E cmake_depends "Unix Makefiles" /u5/w223zhan/macro-place-challenge-2026/external/DREAMPlace /u5/w223zhan/macro-place-challenge-2026/external/DREAMPlace/dreamplace/ops/rudy /u5/w223zhan/macro-place-challenge-2026/external/DREAMPlace/build /u5/w223zhan/macro-place-challenge-2026/external/DREAMPlace/build/dreamplace/ops/rudy /u5/w223zhan/macro-place-challenge-2026/external/DREAMPlace/build/dreamplace/ops/rudy/CMakeFiles/rudy_cpp.dir/DependInfo.cmake --color=
gmake[2]: Entering directory '/u5/w223zhan/macro-place-challenge-2026/external/DREAMPlace/build'
cd /u5/w223zhan/macro-place-challenge-2026/external/DREAMPlace/build && /usr/bin/cmake -E cmake_depends "Unix Makefiles" /u5/w223zhan/macro-place-challenge-2026/external/DREAMPlace /u5/w223zhan/macro-place-challenge-2026/external/DREAMPlace/dreamplace/ops/pin_utilization /u5/w223zhan/macro-place-challenge-2026/external/DREAMPlace/build /u5/w223zhan/macro-place-challenge-2026/external/DREAMPlace/build/dreamplace/ops/pin_utilization /u5/w223zhan/macro-place-challenge-2026/external/DREAMPlace/build/dreamplace/ops/pin_utilization/CMakeFiles/pin_utilization_cuda_cuda_tmp.dir/DependInfo.cmake --color=
gmake[2]: Leaving directory '/u5/w223zhan/macro-place-challenge-2026/external/DREAMPlace/build'
/usr/bin/gmake  -f dreamplace/ops/pin_utilization/CMakeFiles/pin_utilization_cuda_cuda_tmp.dir/build.make dreamplace/ops/pin_utilization/CMakeFiles/pin_utilization_cuda_cuda_tmp.dir/build
gmake[2]: Entering directory '/u5/w223zhan/macro-place-challenge-2026/external/DREAMPlace/build'
gmake[2]: Nothing to be done for 'dreamplace/ops/pin_utilization/CMakeFiles/pin_utilization_cuda_cuda_tmp.dir/build'.
gmake[2]: Leaving directory '/u5/w223zhan/macro-place-challenge-2026/external/DREAMPlace/build'
[ 70%] Built target pin_utilization_cuda_cuda_tmp
/usr/bin/gmake  -f dreamplace/ops/rudy/CMakeFiles/rudy_cuda_cuda_tmp.dir/build.make dreamplace/ops/rudy/CMakeFiles/rudy_cuda_cuda_tmp.dir/depend
gmake[2]: Entering directory '/u5/w223zhan/macro-place-challenge-2026/external/DREAMPlace/build'
cd /u5/w223zhan/macro-place-challenge-2026/external/DREAMPlace/build && /usr/bin/cmake -E cmake_depends "Unix Makefiles" /u5/w223zhan/macro-place-challenge-2026/external/DREAMPlace /u5/w223zhan/macro-place-challenge-2026/external/DREAMPlace/dreamplace/ops/rudy /u5/w223zhan/macro-place-challenge-2026/external/DREAMPlace/build /u5/w223zhan/macro-place-challenge-2026/external/DREAMPlace/build/dreamplace/ops/rudy /u5/w223zhan/macro-place-challenge-2026/external/DREAMPlace/build/dreamplace/ops/rudy/CMakeFiles/rudy_cuda_cuda_tmp.dir/DependInfo.cmake --color=
gmake[2]: Leaving directory '/u5/w223zhan/macro-place-challenge-2026/external/DREAMPlace/build'
/usr/bin/gmake  -f dreamplace/ops/rudy/CMakeFiles/rudy_cuda_cuda_tmp.dir/build.make dreamplace/ops/rudy/CMakeFiles/rudy_cuda_cuda_tmp.dir/build
gmake[2]: Entering directory '/u5/w223zhan/macro-place-challenge-2026/external/DREAMPlace/build'
gmake[2]: Nothing to be done for 'dreamplace/ops/rudy/CMakeFiles/rudy_cuda_cuda_tmp.dir/build'.
gmake[2]: Leaving directory '/u5/w223zhan/macro-place-challenge-2026/external/DREAMPlace/build'
[ 71%] Built target rudy_cuda_cuda_tmp
/usr/bin/gmake  -f dreamplace/ops/pinrudy/CMakeFiles/pinrudy_cpp.dir/build.make dreamplace/ops/pinrudy/CMakeFiles/pinrudy_cpp.dir/depend
Consolidate compiler generated dependencies of target pin_utilization_cpp
gmake[2]: Entering directory '/u5/w223zhan/macro-place-challenge-2026/external/DREAMPlace/build'
cd /u5/w223zhan/macro-place-challenge-2026/external/DREAMPlace/build && /usr/bin/cmake -E cmake_depends "Unix Makefiles" /u5/w223zhan/macro-place-challenge-2026/external/DREAMPlace /u5/w223zhan/macro-place-challenge-2026/external/DREAMPlace/dreamplace/ops/pinrudy /u5/w223zhan/macro-place-challenge-2026/external/DREAMPlace/build /u5/w223zhan/macro-place-challenge-2026/external/DREAMPlace/build/dreamplace/ops/pinrudy /u5/w223zhan/macro-place-challenge-2026/external/DREAMPlace/build/dreamplace/ops/pinrudy/CMakeFiles/pinrudy_cpp.dir/DependInfo.cmake --color=
gmake[2]: Leaving directory '/u5/w223zhan/macro-place-challenge-2026/external/DREAMPlace/build'
/usr/bin/gmake  -f dreamplace/ops/pin_utilization/CMakeFiles/pin_utilization_cpp.dir/build.make dreamplace/ops/pin_utilization/CMakeFiles/pin_utilization_cpp.dir/build
Consolidate compiler generated dependencies of target rudy_cpp
gmake[2]: Leaving directory '/u5/w223zhan/macro-place-challenge-2026/external/DREAMPlace/build'
/usr/bin/gmake  -f dreamplace/ops/rudy/CMakeFiles/rudy_cpp.dir/build.make dreamplace/ops/rudy/CMakeFiles/rudy_cpp.dir/build
Consolidate compiler generated dependencies of target pinrudy_cpp
gmake[2]: Leaving directory '/u5/w223zhan/macro-place-challenge-2026/external/DREAMPlace/build'
/usr/bin/gmake  -f dreamplace/ops/pinrudy/CMakeFiles/pinrudy_cpp.dir/build.make dreamplace/ops/pinrudy/CMakeFiles/pinrudy_cpp.dir/build
gmake[2]: Entering directory '/u5/w223zhan/macro-place-challenge-2026/external/DREAMPlace/build'
gmake[2]: Nothing to be done for 'dreamplace/ops/pin_utilization/CMakeFiles/pin_utilization_cpp.dir/build'.
gmake[2]: Leaving directory '/u5/w223zhan/macro-place-challenge-2026/external/DREAMPlace/build'
[ 72%] Built target pin_utilization_cpp
/usr/bin/gmake  -f dreamplace/ops/pinrudy/CMakeFiles/pinrudy_cuda_cuda_tmp.dir/build.make dreamplace/ops/pinrudy/CMakeFiles/pinrudy_cuda_cuda_tmp.dir/depend
gmake[2]: Entering directory '/u5/w223zhan/macro-place-challenge-2026/external/DREAMPlace/build'
cd /u5/w223zhan/macro-place-challenge-2026/external/DREAMPlace/build && /usr/bin/cmake -E cmake_depends "Unix Makefiles" /u5/w223zhan/macro-place-challenge-2026/external/DREAMPlace /u5/w223zhan/macro-place-challenge-2026/external/DREAMPlace/dreamplace/ops/pinrudy /u5/w223zhan/macro-place-challenge-2026/external/DREAMPlace/build /u5/w223zhan/macro-place-challenge-2026/external/DREAMPlace/build/dreamplace/ops/pinrudy /u5/w223zhan/macro-place-challenge-2026/external/DREAMPlace/build/dreamplace/ops/pinrudy/CMakeFiles/pinrudy_cuda_cuda_tmp.dir/DependInfo.cmake --color=
gmake[2]: Entering directory '/u5/w223zhan/macro-place-challenge-2026/external/DREAMPlace/build'
gmake[2]: Nothing to be done for 'dreamplace/ops/rudy/CMakeFiles/rudy_cpp.dir/build'.
gmake[2]: Leaving directory '/u5/w223zhan/macro-place-challenge-2026/external/DREAMPlace/build'
gmake[2]: Leaving directory '/u5/w223zhan/macro-place-challenge-2026/external/DREAMPlace/build'
/usr/bin/gmake  -f dreamplace/ops/pinrudy/CMakeFiles/pinrudy_cuda_cuda_tmp.dir/build.make dreamplace/ops/pinrudy/CMakeFiles/pinrudy_cuda_cuda_tmp.dir/build
gmake[2]: Entering directory '/u5/w223zhan/macro-place-challenge-2026/external/DREAMPlace/build'
gmake[2]: Nothing to be done for 'dreamplace/ops/pinrudy/CMakeFiles/pinrudy_cuda_cuda_tmp.dir/build'.
gmake[2]: Leaving directory '/u5/w223zhan/macro-place-challenge-2026/external/DREAMPlace/build'
[ 73%] Built target rudy_cpp
/usr/bin/gmake  -f dreamplace/ops/adjust_node_area/CMakeFiles/adjust_node_area_cpp.dir/build.make dreamplace/ops/adjust_node_area/CMakeFiles/adjust_node_area_cpp.dir/depend
gmake[2]: Entering directory '/u5/w223zhan/macro-place-challenge-2026/external/DREAMPlace/build'
cd /u5/w223zhan/macro-place-challenge-2026/external/DREAMPlace/build && /usr/bin/cmake -E cmake_depends "Unix Makefiles" /u5/w223zhan/macro-place-challenge-2026/external/DREAMPlace /u5/w223zhan/macro-place-challenge-2026/external/DREAMPlace/dreamplace/ops/adjust_node_area /u5/w223zhan/macro-place-challenge-2026/external/DREAMPlace/build /u5/w223zhan/macro-place-challenge-2026/external/DREAMPlace/build/dreamplace/ops/adjust_node_area /u5/w223zhan/macro-place-challenge-2026/external/DREAMPlace/build/dreamplace/ops/adjust_node_area/CMakeFiles/adjust_node_area_cpp.dir/DependInfo.cmake --color=
[ 74%] Built target pinrudy_cuda_cuda_tmp
/usr/bin/gmake  -f dreamplace/ops/adjust_node_area/CMakeFiles/update_pin_offset_cpp.dir/build.make dreamplace/ops/adjust_node_area/CMakeFiles/update_pin_offset_cpp.dir/depend
gmake[2]: Entering directory '/u5/w223zhan/macro-place-challenge-2026/external/DREAMPlace/build'
cd /u5/w223zhan/macro-place-challenge-2026/external/DREAMPlace/build && /usr/bin/cmake -E cmake_depends "Unix Makefiles" /u5/w223zhan/macro-place-challenge-2026/external/DREAMPlace /u5/w223zhan/macro-place-challenge-2026/external/DREAMPlace/dreamplace/ops/adjust_node_area /u5/w223zhan/macro-place-challenge-2026/external/DREAMPlace/build /u5/w223zhan/macro-place-challenge-2026/external/DREAMPlace/build/dreamplace/ops/adjust_node_area /u5/w223zhan/macro-place-challenge-2026/external/DREAMPlace/build/dreamplace/ops/adjust_node_area/CMakeFiles/update_pin_offset_cpp.dir/DependInfo.cmake --color=
gmake[2]: Entering directory '/u5/w223zhan/macro-place-challenge-2026/external/DREAMPlace/build'
gmake[2]: Nothing to be done for 'dreamplace/ops/pinrudy/CMakeFiles/pinrudy_cpp.dir/build'.
gmake[2]: Leaving directory '/u5/w223zhan/macro-place-challenge-2026/external/DREAMPlace/build'
[ 74%] Built target pinrudy_cpp
/usr/bin/gmake  -f dreamplace/ops/adjust_node_area/CMakeFiles/adjust_node_area_cuda_cuda_tmp.dir/build.make dreamplace/ops/adjust_node_area/CMakeFiles/adjust_node_area_cuda_cuda_tmp.dir/depend
gmake[2]: Entering directory '/u5/w223zhan/macro-place-challenge-2026/external/DREAMPlace/build'
cd /u5/w223zhan/macro-place-challenge-2026/external/DREAMPlace/build && /usr/bin/cmake -E cmake_depends "Unix Makefiles" /u5/w223zhan/macro-place-challenge-2026/external/DREAMPlace /u5/w223zhan/macro-place-challenge-2026/external/DREAMPlace/dreamplace/ops/adjust_node_area /u5/w223zhan/macro-place-challenge-2026/external/DREAMPlace/build /u5/w223zhan/macro-place-challenge-2026/external/DREAMPlace/build/dreamplace/ops/adjust_node_area /u5/w223zhan/macro-place-challenge-2026/external/DREAMPlace/build/dreamplace/ops/adjust_node_area/CMakeFiles/adjust_node_area_cuda_cuda_tmp.dir/DependInfo.cmake --color=
gmake[2]: Leaving directory '/u5/w223zhan/macro-place-challenge-2026/external/DREAMPlace/build'
/usr/bin/gmake  -f dreamplace/ops/adjust_node_area/CMakeFiles/adjust_node_area_cuda_cuda_tmp.dir/build.make dreamplace/ops/adjust_node_area/CMakeFiles/adjust_node_area_cuda_cuda_tmp.dir/build
gmake[2]: Entering directory '/u5/w223zhan/macro-place-challenge-2026/external/DREAMPlace/build'
gmake[2]: Nothing to be done for 'dreamplace/ops/adjust_node_area/CMakeFiles/adjust_node_area_cuda_cuda_tmp.dir/build'.
gmake[2]: Leaving directory '/u5/w223zhan/macro-place-challenge-2026/external/DREAMPlace/build'
[ 75%] Built target adjust_node_area_cuda_cuda_tmp
/usr/bin/gmake  -f dreamplace/ops/adjust_node_area/CMakeFiles/update_pin_offset_cuda_cuda_tmp.dir/build.make dreamplace/ops/adjust_node_area/CMakeFiles/update_pin_offset_cuda_cuda_tmp.dir/depend
gmake[2]: Entering directory '/u5/w223zhan/macro-place-challenge-2026/external/DREAMPlace/build'
cd /u5/w223zhan/macro-place-challenge-2026/external/DREAMPlace/build && /usr/bin/cmake -E cmake_depends "Unix Makefiles" /u5/w223zhan/macro-place-challenge-2026/external/DREAMPlace /u5/w223zhan/macro-place-challenge-2026/external/DREAMPlace/dreamplace/ops/adjust_node_area /u5/w223zhan/macro-place-challenge-2026/external/DREAMPlace/build /u5/w223zhan/macro-place-challenge-2026/external/DREAMPlace/build/dreamplace/ops/adjust_node_area /u5/w223zhan/macro-place-challenge-2026/external/DREAMPlace/build/dreamplace/ops/adjust_node_area/CMakeFiles/update_pin_offset_cuda_cuda_tmp.dir/DependInfo.cmake --color=
gmake[2]: Leaving directory '/u5/w223zhan/macro-place-challenge-2026/external/DREAMPlace/build'
/usr/bin/gmake  -f dreamplace/ops/adjust_node_area/CMakeFiles/update_pin_offset_cuda_cuda_tmp.dir/build.make dreamplace/ops/adjust_node_area/CMakeFiles/update_pin_offset_cuda_cuda_tmp.dir/build
gmake[2]: Entering directory '/u5/w223zhan/macro-place-challenge-2026/external/DREAMPlace/build'
gmake[2]: Nothing to be done for 'dreamplace/ops/adjust_node_area/CMakeFiles/update_pin_offset_cuda_cuda_tmp.dir/build'.
gmake[2]: Leaving directory '/u5/w223zhan/macro-place-challenge-2026/external/DREAMPlace/build'
Consolidate compiler generated dependencies of target adjust_node_area_cpp
gmake[2]: Leaving directory '/u5/w223zhan/macro-place-challenge-2026/external/DREAMPlace/build'
/usr/bin/gmake  -f dreamplace/ops/adjust_node_area/CMakeFiles/adjust_node_area_cpp.dir/build.make dreamplace/ops/adjust_node_area/CMakeFiles/adjust_node_area_cpp.dir/build
Consolidate compiler generated dependencies of target update_pin_offset_cpp
[ 76%] Built target update_pin_offset_cuda_cuda_tmp
gmake[2]: Leaving directory '/u5/w223zhan/macro-place-challenge-2026/external/DREAMPlace/build'
/usr/bin/gmake  -f dreamplace/ops/adjust_node_area/CMakeFiles/update_pin_offset_cpp.dir/build.make dreamplace/ops/adjust_node_area/CMakeFiles/update_pin_offset_cpp.dir/build
/usr/bin/gmake  -f dreamplace/ops/pin_weight_sum/CMakeFiles/pws_cpp.dir/build.make dreamplace/ops/pin_weight_sum/CMakeFiles/pws_cpp.dir/depend
gmake[2]: Entering directory '/u5/w223zhan/macro-place-challenge-2026/external/DREAMPlace/build'
cd /u5/w223zhan/macro-place-challenge-2026/external/DREAMPlace/build && /usr/bin/cmake -E cmake_depends "Unix Makefiles" /u5/w223zhan/macro-place-challenge-2026/external/DREAMPlace /u5/w223zhan/macro-place-challenge-2026/external/DREAMPlace/dreamplace/ops/pin_weight_sum /u5/w223zhan/macro-place-challenge-2026/external/DREAMPlace/build /u5/w223zhan/macro-place-challenge-2026/external/DREAMPlace/build/dreamplace/ops/pin_weight_sum /u5/w223zhan/macro-place-challenge-2026/external/DREAMPlace/build/dreamplace/ops/pin_weight_sum/CMakeFiles/pws_cpp.dir/DependInfo.cmake --color=
gmake[2]: Entering directory '/u5/w223zhan/macro-place-challenge-2026/external/DREAMPlace/build'
gmake[2]: Nothing to be done for 'dreamplace/ops/adjust_node_area/CMakeFiles/adjust_node_area_cpp.dir/build'.
gmake[2]: Leaving directory '/u5/w223zhan/macro-place-challenge-2026/external/DREAMPlace/build'
gmake[2]: Entering directory '/u5/w223zhan/macro-place-challenge-2026/external/DREAMPlace/build'
gmake[2]: Nothing to be done for 'dreamplace/ops/adjust_node_area/CMakeFiles/update_pin_offset_cpp.dir/build'.
gmake[2]: Leaving directory '/u5/w223zhan/macro-place-challenge-2026/external/DREAMPlace/build'
[ 76%] Built target update_pin_offset_cpp
[ 76%] Built target adjust_node_area_cpp
Consolidate compiler generated dependencies of target pws_cpp
/usr/bin/gmake  -f dreamplace/ops/pin_weight_sum/CMakeFiles/pws_cuda_cuda_tmp.dir/build.make dreamplace/ops/pin_weight_sum/CMakeFiles/pws_cuda_cuda_tmp.dir/depend
gmake[2]: Leaving directory '/u5/w223zhan/macro-place-challenge-2026/external/DREAMPlace/build'
/usr/bin/gmake  -f dreamplace/ops/pin_weight_sum/CMakeFiles/pws_cpp.dir/build.make dreamplace/ops/pin_weight_sum/CMakeFiles/pws_cpp.dir/build
/usr/bin/gmake  -f dreamplace/ops/timing/CMakeFiles/timing_cpp.dir/build.make dreamplace/ops/timing/CMakeFiles/timing_cpp.dir/depend
gmake[2]: Entering directory '/u5/w223zhan/macro-place-challenge-2026/external/DREAMPlace/build'
cd /u5/w223zhan/macro-place-challenge-2026/external/DREAMPlace/build && /usr/bin/cmake -E cmake_depends "Unix Makefiles" /u5/w223zhan/macro-place-challenge-2026/external/DREAMPlace /u5/w223zhan/macro-place-challenge-2026/external/DREAMPlace/dreamplace/ops/timing /u5/w223zhan/macro-place-challenge-2026/external/DREAMPlace/build /u5/w223zhan/macro-place-challenge-2026/external/DREAMPlace/build/dreamplace/ops/timing /u5/w223zhan/macro-place-challenge-2026/external/DREAMPlace/build/dreamplace/ops/timing/CMakeFiles/timing_cpp.dir/DependInfo.cmake --color=
gmake[2]: Entering directory '/u5/w223zhan/macro-place-challenge-2026/external/DREAMPlace/build'
cd /u5/w223zhan/macro-place-challenge-2026/external/DREAMPlace/build && /usr/bin/cmake -E cmake_depends "Unix Makefiles" /u5/w223zhan/macro-place-challenge-2026/external/DREAMPlace /u5/w223zhan/macro-place-challenge-2026/external/DREAMPlace/dreamplace/ops/pin_weight_sum /u5/w223zhan/macro-place-challenge-2026/external/DREAMPlace/build /u5/w223zhan/macro-place-challenge-2026/external/DREAMPlace/build/dreamplace/ops/pin_weight_sum /u5/w223zhan/macro-place-challenge-2026/external/DREAMPlace/build/dreamplace/ops/pin_weight_sum/CMakeFiles/pws_cuda_cuda_tmp.dir/DependInfo.cmake --color=
gmake[2]: Leaving directory '/u5/w223zhan/macro-place-challenge-2026/external/DREAMPlace/build'
/usr/bin/gmake  -f dreamplace/ops/pin_weight_sum/CMakeFiles/pws_cuda_cuda_tmp.dir/build.make dreamplace/ops/pin_weight_sum/CMakeFiles/pws_cuda_cuda_tmp.dir/build
gmake[2]: Entering directory '/u5/w223zhan/macro-place-challenge-2026/external/DREAMPlace/build'
gmake[2]: Nothing to be done for 'dreamplace/ops/pin_weight_sum/CMakeFiles/pws_cuda_cuda_tmp.dir/build'.
gmake[2]: Leaving directory '/u5/w223zhan/macro-place-challenge-2026/external/DREAMPlace/build'
[ 76%] Built target pws_cuda_cuda_tmp
/usr/bin/gmake  -f dreamplace/ops/timing_heterosta/CMakeFiles/timing_heterosta_cpp_cuda_tmp.dir/build.make dreamplace/ops/timing_heterosta/CMakeFiles/timing_heterosta_cpp_cuda_tmp.dir/depend
gmake[2]: Entering directory '/u5/w223zhan/macro-place-challenge-2026/external/DREAMPlace/build'
cd /u5/w223zhan/macro-place-challenge-2026/external/DREAMPlace/build && /usr/bin/cmake -E cmake_depends "Unix Makefiles" /u5/w223zhan/macro-place-challenge-2026/external/DREAMPlace /u5/w223zhan/macro-place-challenge-2026/external/DREAMPlace/dreamplace/ops/timing_heterosta /u5/w223zhan/macro-place-challenge-2026/external/DREAMPlace/build /u5/w223zhan/macro-place-challenge-2026/external/DREAMPlace/build/dreamplace/ops/timing_heterosta /u5/w223zhan/macro-place-challenge-2026/external/DREAMPlace/build/dreamplace/ops/timing_heterosta/CMakeFiles/timing_heterosta_cpp_cuda_tmp.dir/DependInfo.cmake --color=
gmake[2]: Leaving directory '/u5/w223zhan/macro-place-challenge-2026/external/DREAMPlace/build'
/usr/bin/gmake  -f dreamplace/ops/timing_heterosta/CMakeFiles/timing_heterosta_cpp_cuda_tmp.dir/build.make dreamplace/ops/timing_heterosta/CMakeFiles/timing_heterosta_cpp_cuda_tmp.dir/build
gmake[2]: Entering directory '/u5/w223zhan/macro-place-challenge-2026/external/DREAMPlace/build'
gmake[2]: Nothing to be done for 'dreamplace/ops/pin_weight_sum/CMakeFiles/pws_cpp.dir/build'.
gmake[2]: Leaving directory '/u5/w223zhan/macro-place-challenge-2026/external/DREAMPlace/build'
gmake[2]: Entering directory '/u5/w223zhan/macro-place-challenge-2026/external/DREAMPlace/build'
gmake[2]: Nothing to be done for 'dreamplace/ops/timing_heterosta/CMakeFiles/timing_heterosta_cpp_cuda_tmp.dir/build'.
gmake[2]: Leaving directory '/u5/w223zhan/macro-place-challenge-2026/external/DREAMPlace/build'
[ 77%] Built target pws_cpp
/usr/bin/gmake  -f dreamplace/ops/gift_init/CMakeFiles/gift_init_cpp.dir/build.make dreamplace/ops/gift_init/CMakeFiles/gift_init_cpp.dir/depend
gmake[2]: Entering directory '/u5/w223zhan/macro-place-challenge-2026/external/DREAMPlace/build'
cd /u5/w223zhan/macro-place-challenge-2026/external/DREAMPlace/build && /usr/bin/cmake -E cmake_depends "Unix Makefiles" /u5/w223zhan/macro-place-challenge-2026/external/DREAMPlace /u5/w223zhan/macro-place-challenge-2026/external/DREAMPlace/dreamplace/ops/gift_init /u5/w223zhan/macro-place-challenge-2026/external/DREAMPlace/build /u5/w223zhan/macro-place-challenge-2026/external/DREAMPlace/build/dreamplace/ops/gift_init /u5/w223zhan/macro-place-challenge-2026/external/DREAMPlace/build/dreamplace/ops/gift_init/CMakeFiles/gift_init_cpp.dir/DependInfo.cmake --color=
[ 77%] Built target timing_heterosta_cpp_cuda_tmp
/usr/bin/gmake  -f unittest/ops/abacus_legalize_unittest/CMakeFiles/abacus_unittest.dir/build.make unittest/ops/abacus_legalize_unittest/CMakeFiles/abacus_unittest.dir/depend
gmake[2]: Entering directory '/u5/w223zhan/macro-place-challenge-2026/external/DREAMPlace/build'
cd /u5/w223zhan/macro-place-challenge-2026/external/DREAMPlace/build && /usr/bin/cmake -E cmake_depends "Unix Makefiles" /u5/w223zhan/macro-place-challenge-2026/external/DREAMPlace /u5/w223zhan/macro-place-challenge-2026/external/DREAMPlace/unittest/ops/abacus_legalize_unittest /u5/w223zhan/macro-place-challenge-2026/external/DREAMPlace/build /u5/w223zhan/macro-place-challenge-2026/external/DREAMPlace/build/unittest/ops/abacus_legalize_unittest /u5/w223zhan/macro-place-challenge-2026/external/DREAMPlace/build/unittest/ops/abacus_legalize_unittest/CMakeFiles/abacus_unittest.dir/DependInfo.cmake --color=
Consolidate compiler generated dependencies of target abacus_unittest
gmake[2]: Leaving directory '/u5/w223zhan/macro-place-challenge-2026/external/DREAMPlace/build'
/usr/bin/gmake  -f unittest/ops/abacus_legalize_unittest/CMakeFiles/abacus_unittest.dir/build.make unittest/ops/abacus_legalize_unittest/CMakeFiles/abacus_unittest.dir/build
gmake[2]: Entering directory '/u5/w223zhan/macro-place-challenge-2026/external/DREAMPlace/build'
gmake[2]: Nothing to be done for 'unittest/ops/abacus_legalize_unittest/CMakeFiles/abacus_unittest.dir/build'.
gmake[2]: Leaving directory '/u5/w223zhan/macro-place-challenge-2026/external/DREAMPlace/build'
[ 78%] Built target abacus_unittest
/usr/bin/gmake  -f thirdparty/OpenTimer/CMakeFiles/ot-tau15.dir/build.make thirdparty/OpenTimer/CMakeFiles/ot-tau15.dir/depend
gmake[2]: Entering directory '/u5/w223zhan/macro-place-challenge-2026/external/DREAMPlace/build'
cd /u5/w223zhan/macro-place-challenge-2026/external/DREAMPlace/build && /usr/bin/cmake -E cmake_depends "Unix Makefiles" /u5/w223zhan/macro-place-challenge-2026/external/DREAMPlace /u5/w223zhan/macro-place-challenge-2026/external/DREAMPlace/thirdparty/OpenTimer /u5/w223zhan/macro-place-challenge-2026/external/DREAMPlace/build /u5/w223zhan/macro-place-challenge-2026/external/DREAMPlace/build/thirdparty/OpenTimer /u5/w223zhan/macro-place-challenge-2026/external/DREAMPlace/build/thirdparty/OpenTimer/CMakeFiles/ot-tau15.dir/DependInfo.cmake --color=
Consolidate compiler generated dependencies of target ot-tau15
gmake[2]: Leaving directory '/u5/w223zhan/macro-place-challenge-2026/external/DREAMPlace/build'
/usr/bin/gmake  -f thirdparty/OpenTimer/CMakeFiles/ot-tau15.dir/build.make thirdparty/OpenTimer/CMakeFiles/ot-tau15.dir/build
Consolidate compiler generated dependencies of target gift_init_cpp
gmake[2]: Leaving directory '/u5/w223zhan/macro-place-challenge-2026/external/DREAMPlace/build'
/usr/bin/gmake  -f dreamplace/ops/gift_init/CMakeFiles/gift_init_cpp.dir/build.make dreamplace/ops/gift_init/CMakeFiles/gift_init_cpp.dir/build
gmake[2]: Entering directory '/u5/w223zhan/macro-place-challenge-2026/external/DREAMPlace/build'
gmake[2]: Nothing to be done for 'thirdparty/OpenTimer/CMakeFiles/ot-tau15.dir/build'.
gmake[2]: Leaving directory '/u5/w223zhan/macro-place-challenge-2026/external/DREAMPlace/build'
[ 78%] Built target ot-tau15
/usr/bin/gmake  -f thirdparty/OpenTimer/CMakeFiles/ot-tau18.dir/build.make thirdparty/OpenTimer/CMakeFiles/ot-tau18.dir/depend
gmake[2]: Entering directory '/u5/w223zhan/macro-place-challenge-2026/external/DREAMPlace/build'
cd /u5/w223zhan/macro-place-challenge-2026/external/DREAMPlace/build && /usr/bin/cmake -E cmake_depends "Unix Makefiles" /u5/w223zhan/macro-place-challenge-2026/external/DREAMPlace /u5/w223zhan/macro-place-challenge-2026/external/DREAMPlace/thirdparty/OpenTimer /u5/w223zhan/macro-place-challenge-2026/external/DREAMPlace/build /u5/w223zhan/macro-place-challenge-2026/external/DREAMPlace/build/thirdparty/OpenTimer /u5/w223zhan/macro-place-challenge-2026/external/DREAMPlace/build/thirdparty/OpenTimer/CMakeFiles/ot-tau18.dir/DependInfo.cmake --color=
Consolidate compiler generated dependencies of target ot-tau18
gmake[2]: Leaving directory '/u5/w223zhan/macro-place-challenge-2026/external/DREAMPlace/build'
/usr/bin/gmake  -f thirdparty/OpenTimer/CMakeFiles/ot-tau18.dir/build.make thirdparty/OpenTimer/CMakeFiles/ot-tau18.dir/build
gmake[2]: Entering directory '/u5/w223zhan/macro-place-challenge-2026/external/DREAMPlace/build'
gmake[2]: Nothing to be done for 'thirdparty/OpenTimer/CMakeFiles/ot-tau18.dir/build'.
gmake[2]: Leaving directory '/u5/w223zhan/macro-place-challenge-2026/external/DREAMPlace/build'
Consolidate compiler generated dependencies of target timing_cpp
gmake[2]: Entering directory '/u5/w223zhan/macro-place-challenge-2026/external/DREAMPlace/build'
gmake[2]: Nothing to be done for 'dreamplace/ops/gift_init/CMakeFiles/gift_init_cpp.dir/build'.
gmake[2]: Leaving directory '/u5/w223zhan/macro-place-challenge-2026/external/DREAMPlace/build'
[ 79%] Built target ot-tau18
/usr/bin/gmake  -f thirdparty/OpenTimer/CMakeFiles/ot-utility.dir/build.make thirdparty/OpenTimer/CMakeFiles/ot-utility.dir/depend
gmake[2]: Leaving directory '/u5/w223zhan/macro-place-challenge-2026/external/DREAMPlace/build'
/usr/bin/gmake  -f dreamplace/ops/timing/CMakeFiles/timing_cpp.dir/build.make dreamplace/ops/timing/CMakeFiles/timing_cpp.dir/build
gmake[2]: Entering directory '/u5/w223zhan/macro-place-challenge-2026/external/DREAMPlace/build'
cd /u5/w223zhan/macro-place-challenge-2026/external/DREAMPlace/build && /usr/bin/cmake -E cmake_depends "Unix Makefiles" /u5/w223zhan/macro-place-challenge-2026/external/DREAMPlace /u5/w223zhan/macro-place-challenge-2026/external/DREAMPlace/thirdparty/OpenTimer /u5/w223zhan/macro-place-challenge-2026/external/DREAMPlace/build /u5/w223zhan/macro-place-challenge-2026/external/DREAMPlace/build/thirdparty/OpenTimer /u5/w223zhan/macro-place-challenge-2026/external/DREAMPlace/build/thirdparty/OpenTimer/CMakeFiles/ot-utility.dir/DependInfo.cmake --color=
[ 79%] Built target gift_init_cpp
/usr/bin/gmake  -f thirdparty/OpenTimer/CMakeFiles/ot-shell.dir/build.make thirdparty/OpenTimer/CMakeFiles/ot-shell.dir/depend
gmake[2]: Entering directory '/u5/w223zhan/macro-place-challenge-2026/external/DREAMPlace/build'
cd /u5/w223zhan/macro-place-challenge-2026/external/DREAMPlace/build && /usr/bin/cmake -E cmake_depends "Unix Makefiles" /u5/w223zhan/macro-place-challenge-2026/external/DREAMPlace /u5/w223zhan/macro-place-challenge-2026/external/DREAMPlace/thirdparty/OpenTimer /u5/w223zhan/macro-place-challenge-2026/external/DREAMPlace/build /u5/w223zhan/macro-place-challenge-2026/external/DREAMPlace/build/thirdparty/OpenTimer /u5/w223zhan/macro-place-challenge-2026/external/DREAMPlace/build/thirdparty/OpenTimer/CMakeFiles/ot-shell.dir/DependInfo.cmake --color=
Consolidate compiler generated dependencies of target ot-utility
gmake[2]: Leaving directory '/u5/w223zhan/macro-place-challenge-2026/external/DREAMPlace/build'
/usr/bin/gmake  -f thirdparty/OpenTimer/CMakeFiles/ot-utility.dir/build.make thirdparty/OpenTimer/CMakeFiles/ot-utility.dir/build
Consolidate compiler generated dependencies of target ot-shell
gmake[2]: Leaving directory '/u5/w223zhan/macro-place-challenge-2026/external/DREAMPlace/build'
/usr/bin/gmake  -f thirdparty/OpenTimer/CMakeFiles/ot-shell.dir/build.make thirdparty/OpenTimer/CMakeFiles/ot-shell.dir/build
gmake[2]: Entering directory '/u5/w223zhan/macro-place-challenge-2026/external/DREAMPlace/build'
gmake[2]: Nothing to be done for 'thirdparty/OpenTimer/CMakeFiles/ot-utility.dir/build'.
gmake[2]: Leaving directory '/u5/w223zhan/macro-place-challenge-2026/external/DREAMPlace/build'
gmake[2]: Entering directory '/u5/w223zhan/macro-place-challenge-2026/external/DREAMPlace/build'
gmake[2]: Nothing to be done for 'thirdparty/OpenTimer/CMakeFiles/ot-shell.dir/build'.
gmake[2]: Leaving directory '/u5/w223zhan/macro-place-challenge-2026/external/DREAMPlace/build'
[ 79%] Built target ot-utility
/usr/bin/gmake  -f thirdparty/OpenTimer/CMakeFiles/simple.dir/build.make thirdparty/OpenTimer/CMakeFiles/simple.dir/depend
gmake[2]: Entering directory '/u5/w223zhan/macro-place-challenge-2026/external/DREAMPlace/build'
cd /u5/w223zhan/macro-place-challenge-2026/external/DREAMPlace/build && /usr/bin/cmake -E cmake_depends "Unix Makefiles" /u5/w223zhan/macro-place-challenge-2026/external/DREAMPlace /u5/w223zhan/macro-place-challenge-2026/external/DREAMPlace/thirdparty/OpenTimer /u5/w223zhan/macro-place-challenge-2026/external/DREAMPlace/build /u5/w223zhan/macro-place-challenge-2026/external/DREAMPlace/build/thirdparty/OpenTimer /u5/w223zhan/macro-place-challenge-2026/external/DREAMPlace/build/thirdparty/OpenTimer/CMakeFiles/simple.dir/DependInfo.cmake --color=
[ 80%] Built target ot-shell
/usr/bin/gmake  -f thirdparty/OpenTimer/CMakeFiles/incremental.dir/build.make thirdparty/OpenTimer/CMakeFiles/incremental.dir/depend
gmake[2]: Entering directory '/u5/w223zhan/macro-place-challenge-2026/external/DREAMPlace/build'
cd /u5/w223zhan/macro-place-challenge-2026/external/DREAMPlace/build && /usr/bin/cmake -E cmake_depends "Unix Makefiles" /u5/w223zhan/macro-place-challenge-2026/external/DREAMPlace /u5/w223zhan/macro-place-challenge-2026/external/DREAMPlace/thirdparty/OpenTimer /u5/w223zhan/macro-place-challenge-2026/external/DREAMPlace/build /u5/w223zhan/macro-place-challenge-2026/external/DREAMPlace/build/thirdparty/OpenTimer /u5/w223zhan/macro-place-challenge-2026/external/DREAMPlace/build/thirdparty/OpenTimer/CMakeFiles/incremental.dir/DependInfo.cmake --color=
Consolidate compiler generated dependencies of target simple
gmake[2]: Leaving directory '/u5/w223zhan/macro-place-challenge-2026/external/DREAMPlace/build'
/usr/bin/gmake  -f thirdparty/OpenTimer/CMakeFiles/simple.dir/build.make thirdparty/OpenTimer/CMakeFiles/simple.dir/build
Consolidate compiler generated dependencies of target incremental
gmake[2]: Leaving directory '/u5/w223zhan/macro-place-challenge-2026/external/DREAMPlace/build'
/usr/bin/gmake  -f thirdparty/OpenTimer/CMakeFiles/incremental.dir/build.make thirdparty/OpenTimer/CMakeFiles/incremental.dir/build
gmake[2]: Entering directory '/u5/w223zhan/macro-place-challenge-2026/external/DREAMPlace/build'
gmake[2]: Nothing to be done for 'thirdparty/OpenTimer/CMakeFiles/simple.dir/build'.
gmake[2]: Leaving directory '/u5/w223zhan/macro-place-challenge-2026/external/DREAMPlace/build'
gmake[2]: Entering directory '/u5/w223zhan/macro-place-challenge-2026/external/DREAMPlace/build'
gmake[2]: Nothing to be done for 'thirdparty/OpenTimer/CMakeFiles/incremental.dir/build'.
gmake[2]: Leaving directory '/u5/w223zhan/macro-place-challenge-2026/external/DREAMPlace/build'
[ 80%] Built target simple
/usr/bin/gmake  -f thirdparty/OpenTimer/CMakeFiles/unit.dir/build.make thirdparty/OpenTimer/CMakeFiles/unit.dir/depend
gmake[2]: Entering directory '/u5/w223zhan/macro-place-challenge-2026/external/DREAMPlace/build'
cd /u5/w223zhan/macro-place-challenge-2026/external/DREAMPlace/build && /usr/bin/cmake -E cmake_depends "Unix Makefiles" /u5/w223zhan/macro-place-challenge-2026/external/DREAMPlace /u5/w223zhan/macro-place-challenge-2026/external/DREAMPlace/thirdparty/OpenTimer /u5/w223zhan/macro-place-challenge-2026/external/DREAMPlace/build /u5/w223zhan/macro-place-challenge-2026/external/DREAMPlace/build/thirdparty/OpenTimer /u5/w223zhan/macro-place-challenge-2026/external/DREAMPlace/build/thirdparty/OpenTimer/CMakeFiles/unit.dir/DependInfo.cmake --color=
[ 81%] Built target incremental
/usr/bin/gmake  -f thirdparty/OpenTimer/CMakeFiles/optimizer.dir/build.make thirdparty/OpenTimer/CMakeFiles/optimizer.dir/depend
gmake[2]: Entering directory '/u5/w223zhan/macro-place-challenge-2026/external/DREAMPlace/build'
cd /u5/w223zhan/macro-place-challenge-2026/external/DREAMPlace/build && /usr/bin/cmake -E cmake_depends "Unix Makefiles" /u5/w223zhan/macro-place-challenge-2026/external/DREAMPlace /u5/w223zhan/macro-place-challenge-2026/external/DREAMPlace/thirdparty/OpenTimer /u5/w223zhan/macro-place-challenge-2026/external/DREAMPlace/build /u5/w223zhan/macro-place-challenge-2026/external/DREAMPlace/build/thirdparty/OpenTimer /u5/w223zhan/macro-place-challenge-2026/external/DREAMPlace/build/thirdparty/OpenTimer/CMakeFiles/optimizer.dir/DependInfo.cmake --color=
Consolidate compiler generated dependencies of target unit
gmake[2]: Leaving directory '/u5/w223zhan/macro-place-challenge-2026/external/DREAMPlace/build'
/usr/bin/gmake  -f thirdparty/OpenTimer/CMakeFiles/unit.dir/build.make thirdparty/OpenTimer/CMakeFiles/unit.dir/build
Consolidate compiler generated dependencies of target optimizer
gmake[2]: Leaving directory '/u5/w223zhan/macro-place-challenge-2026/external/DREAMPlace/build'
/usr/bin/gmake  -f thirdparty/OpenTimer/CMakeFiles/optimizer.dir/build.make thirdparty/OpenTimer/CMakeFiles/optimizer.dir/build
gmake[2]: Entering directory '/u5/w223zhan/macro-place-challenge-2026/external/DREAMPlace/build'
gmake[2]: Entering directory '/u5/w223zhan/macro-place-challenge-2026/external/DREAMPlace/build'
gmake[2]: Nothing to be done for 'thirdparty/OpenTimer/CMakeFiles/unit.dir/build'.
gmake[2]: Leaving directory '/u5/w223zhan/macro-place-challenge-2026/external/DREAMPlace/build'
gmake[2]: Nothing to be done for 'thirdparty/OpenTimer/CMakeFiles/optimizer.dir/build'.
gmake[2]: Leaving directory '/u5/w223zhan/macro-place-challenge-2026/external/DREAMPlace/build'
[ 81%] Built target optimizer
/usr/bin/gmake  -f thirdparty/OpenTimer/CMakeFiles/sizer.dir/build.make thirdparty/OpenTimer/CMakeFiles/sizer.dir/depend
[ 82%] Built target unit
/usr/bin/gmake  -f thirdparty/OpenTimer/CMakeFiles/util.dir/build.make thirdparty/OpenTimer/CMakeFiles/util.dir/depend
gmake[2]: Entering directory '/u5/w223zhan/macro-place-challenge-2026/external/DREAMPlace/build'
cd /u5/w223zhan/macro-place-challenge-2026/external/DREAMPlace/build && /usr/bin/cmake -E cmake_depends "Unix Makefiles" /u5/w223zhan/macro-place-challenge-2026/external/DREAMPlace /u5/w223zhan/macro-place-challenge-2026/external/DREAMPlace/thirdparty/OpenTimer /u5/w223zhan/macro-place-challenge-2026/external/DREAMPlace/build /u5/w223zhan/macro-place-challenge-2026/external/DREAMPlace/build/thirdparty/OpenTimer /u5/w223zhan/macro-place-challenge-2026/external/DREAMPlace/build/thirdparty/OpenTimer/CMakeFiles/sizer.dir/DependInfo.cmake --color=
gmake[2]: Entering directory '/u5/w223zhan/macro-place-challenge-2026/external/DREAMPlace/build'
cd /u5/w223zhan/macro-place-challenge-2026/external/DREAMPlace/build && /usr/bin/cmake -E cmake_depends "Unix Makefiles" /u5/w223zhan/macro-place-challenge-2026/external/DREAMPlace /u5/w223zhan/macro-place-challenge-2026/external/DREAMPlace/thirdparty/OpenTimer /u5/w223zhan/macro-place-challenge-2026/external/DREAMPlace/build /u5/w223zhan/macro-place-challenge-2026/external/DREAMPlace/build/thirdparty/OpenTimer /u5/w223zhan/macro-place-challenge-2026/external/DREAMPlace/build/thirdparty/OpenTimer/CMakeFiles/util.dir/DependInfo.cmake --color=
Consolidate compiler generated dependencies of target sizer
Consolidate compiler generated dependencies of target util
gmake[2]: Leaving directory '/u5/w223zhan/macro-place-challenge-2026/external/DREAMPlace/build'
gmake[2]: Leaving directory '/u5/w223zhan/macro-place-challenge-2026/external/DREAMPlace/build'
/usr/bin/gmake  -f thirdparty/OpenTimer/CMakeFiles/sizer.dir/build.make thirdparty/OpenTimer/CMakeFiles/sizer.dir/build
/usr/bin/gmake  -f thirdparty/OpenTimer/CMakeFiles/util.dir/build.make thirdparty/OpenTimer/CMakeFiles/util.dir/build
gmake[2]: Entering directory '/u5/w223zhan/macro-place-challenge-2026/external/DREAMPlace/build'
gmake[2]: Nothing to be done for 'thirdparty/OpenTimer/CMakeFiles/util.dir/build'.
gmake[2]: Leaving directory '/u5/w223zhan/macro-place-challenge-2026/external/DREAMPlace/build'
gmake[2]: Entering directory '/u5/w223zhan/macro-place-challenge-2026/external/DREAMPlace/build'
gmake[2]: Nothing to be done for 'thirdparty/OpenTimer/CMakeFiles/sizer.dir/build'.
gmake[2]: Leaving directory '/u5/w223zhan/macro-place-challenge-2026/external/DREAMPlace/build'
[ 82%] Built target sizer
[ 82%] Built target util
/usr/bin/gmake  -f thirdparty/OpenTimer/CMakeFiles/path.dir/build.make thirdparty/OpenTimer/CMakeFiles/path.dir/depend
/usr/bin/gmake  -f dreamplace/ops/dct/CMakeFiles/dct_cuda.dir/build.make dreamplace/ops/dct/CMakeFiles/dct_cuda.dir/depend
gmake[2]: Entering directory '/u5/w223zhan/macro-place-challenge-2026/external/DREAMPlace/build'
cd /u5/w223zhan/macro-place-challenge-2026/external/DREAMPlace/build && /usr/bin/cmake -E cmake_depends "Unix Makefiles" /u5/w223zhan/macro-place-challenge-2026/external/DREAMPlace /u5/w223zhan/macro-place-challenge-2026/external/DREAMPlace/thirdparty/OpenTimer /u5/w223zhan/macro-place-challenge-2026/external/DREAMPlace/build /u5/w223zhan/macro-place-challenge-2026/external/DREAMPlace/build/thirdparty/OpenTimer /u5/w223zhan/macro-place-challenge-2026/external/DREAMPlace/build/thirdparty/OpenTimer/CMakeFiles/path.dir/DependInfo.cmake --color=
gmake[2]: Entering directory '/u5/w223zhan/macro-place-challenge-2026/external/DREAMPlace/build'
cd /u5/w223zhan/macro-place-challenge-2026/external/DREAMPlace/build && /usr/bin/cmake -E cmake_depends "Unix Makefiles" /u5/w223zhan/macro-place-challenge-2026/external/DREAMPlace /u5/w223zhan/macro-place-challenge-2026/external/DREAMPlace/dreamplace/ops/dct /u5/w223zhan/macro-place-challenge-2026/external/DREAMPlace/build /u5/w223zhan/macro-place-challenge-2026/external/DREAMPlace/build/dreamplace/ops/dct /u5/w223zhan/macro-place-challenge-2026/external/DREAMPlace/build/dreamplace/ops/dct/CMakeFiles/dct_cuda.dir/DependInfo.cmake --color=
Consolidate compiler generated dependencies of target path
gmake[2]: Leaving directory '/u5/w223zhan/macro-place-challenge-2026/external/DREAMPlace/build'
/usr/bin/gmake  -f thirdparty/OpenTimer/CMakeFiles/path.dir/build.make thirdparty/OpenTimer/CMakeFiles/path.dir/build
gmake[2]: Entering directory '/u5/w223zhan/macro-place-challenge-2026/external/DREAMPlace/build'
gmake[2]: Nothing to be done for 'thirdparty/OpenTimer/CMakeFiles/path.dir/build'.
gmake[2]: Leaving directory '/u5/w223zhan/macro-place-challenge-2026/external/DREAMPlace/build'
[ 82%] Built target path
/usr/bin/gmake  -f dreamplace/ops/dct/CMakeFiles/dct_lee_cuda_cuda_tmp.dir/build.make dreamplace/ops/dct/CMakeFiles/dct_lee_cuda_cuda_tmp.dir/depend
gmake[2]: Entering directory '/u5/w223zhan/macro-place-challenge-2026/external/DREAMPlace/build'
cd /u5/w223zhan/macro-place-challenge-2026/external/DREAMPlace/build && /usr/bin/cmake -E cmake_depends "Unix Makefiles" /u5/w223zhan/macro-place-challenge-2026/external/DREAMPlace /u5/w223zhan/macro-place-challenge-2026/external/DREAMPlace/dreamplace/ops/dct /u5/w223zhan/macro-place-challenge-2026/external/DREAMPlace/build /u5/w223zhan/macro-place-challenge-2026/external/DREAMPlace/build/dreamplace/ops/dct /u5/w223zhan/macro-place-challenge-2026/external/DREAMPlace/build/dreamplace/ops/dct/CMakeFiles/dct_lee_cuda_cuda_tmp.dir/DependInfo.cmake --color=
gmake[2]: Leaving directory '/u5/w223zhan/macro-place-challenge-2026/external/DREAMPlace/build'
/usr/bin/gmake  -f dreamplace/ops/dct/CMakeFiles/dct_lee_cuda_cuda_tmp.dir/build.make dreamplace/ops/dct/CMakeFiles/dct_lee_cuda_cuda_tmp.dir/build
gmake[2]: Entering directory '/u5/w223zhan/macro-place-challenge-2026/external/DREAMPlace/build'
gmake[2]: Nothing to be done for 'dreamplace/ops/dct/CMakeFiles/dct_lee_cuda_cuda_tmp.dir/build'.
gmake[2]: Leaving directory '/u5/w223zhan/macro-place-challenge-2026/external/DREAMPlace/build'
[ 82%] Built target dct_lee_cuda_cuda_tmp
/usr/bin/gmake  -f dreamplace/ops/dct/CMakeFiles/dct2_fft2_cuda.dir/build.make dreamplace/ops/dct/CMakeFiles/dct2_fft2_cuda.dir/depend
gmake[2]: Entering directory '/u5/w223zhan/macro-place-challenge-2026/external/DREAMPlace/build'
cd /u5/w223zhan/macro-place-challenge-2026/external/DREAMPlace/build && /usr/bin/cmake -E cmake_depends "Unix Makefiles" /u5/w223zhan/macro-place-challenge-2026/external/DREAMPlace /u5/w223zhan/macro-place-challenge-2026/external/DREAMPlace/dreamplace/ops/dct /u5/w223zhan/macro-place-challenge-2026/external/DREAMPlace/build /u5/w223zhan/macro-place-challenge-2026/external/DREAMPlace/build/dreamplace/ops/dct /u5/w223zhan/macro-place-challenge-2026/external/DREAMPlace/build/dreamplace/ops/dct/CMakeFiles/dct2_fft2_cuda.dir/DependInfo.cmake --color=
Consolidate compiler generated dependencies of target dct_cuda
gmake[2]: Leaving directory '/u5/w223zhan/macro-place-challenge-2026/external/DREAMPlace/build'
/usr/bin/gmake  -f dreamplace/ops/dct/CMakeFiles/dct_cuda.dir/build.make dreamplace/ops/dct/CMakeFiles/dct_cuda.dir/build
gmake[2]: Entering directory '/u5/w223zhan/macro-place-challenge-2026/external/DREAMPlace/build'
gmake[2]: Nothing to be done for 'dreamplace/ops/timing/CMakeFiles/timing_cpp.dir/build'.
gmake[2]: Leaving directory '/u5/w223zhan/macro-place-challenge-2026/external/DREAMPlace/build'
[ 83%] Built target timing_cpp
/usr/bin/gmake  -f dreamplace/ops/pin_pos/CMakeFiles/pin_pos_cuda.dir/build.make dreamplace/ops/pin_pos/CMakeFiles/pin_pos_cuda.dir/depend
gmake[2]: Entering directory '/u5/w223zhan/macro-place-challenge-2026/external/DREAMPlace/build'
cd /u5/w223zhan/macro-place-challenge-2026/external/DREAMPlace/build && /usr/bin/cmake -E cmake_depends "Unix Makefiles" /u5/w223zhan/macro-place-challenge-2026/external/DREAMPlace /u5/w223zhan/macro-place-challenge-2026/external/DREAMPlace/dreamplace/ops/pin_pos /u5/w223zhan/macro-place-challenge-2026/external/DREAMPlace/build /u5/w223zhan/macro-place-challenge-2026/external/DREAMPlace/build/dreamplace/ops/pin_pos /u5/w223zhan/macro-place-challenge-2026/external/DREAMPlace/build/dreamplace/ops/pin_pos/CMakeFiles/pin_pos_cuda.dir/DependInfo.cmake --color=
Consolidate compiler generated dependencies of target dct2_fft2_cuda
gmake[2]: Leaving directory '/u5/w223zhan/macro-place-challenge-2026/external/DREAMPlace/build'
/usr/bin/gmake  -f dreamplace/ops/dct/CMakeFiles/dct2_fft2_cuda.dir/build.make dreamplace/ops/dct/CMakeFiles/dct2_fft2_cuda.dir/build
gmake[2]: Entering directory '/u5/w223zhan/macro-place-challenge-2026/external/DREAMPlace/build'
gmake[2]: Nothing to be done for 'dreamplace/ops/dct/CMakeFiles/dct_cuda.dir/build'.
gmake[2]: Leaving directory '/u5/w223zhan/macro-place-challenge-2026/external/DREAMPlace/build'
[ 84%] Built target dct_cuda
/usr/bin/gmake  -f dreamplace/ops/pin_pos/CMakeFiles/pin_pos_cuda_segment.dir/build.make dreamplace/ops/pin_pos/CMakeFiles/pin_pos_cuda_segment.dir/depend
gmake[2]: Entering directory '/u5/w223zhan/macro-place-challenge-2026/external/DREAMPlace/build'
cd /u5/w223zhan/macro-place-challenge-2026/external/DREAMPlace/build && /usr/bin/cmake -E cmake_depends "Unix Makefiles" /u5/w223zhan/macro-place-challenge-2026/external/DREAMPlace /u5/w223zhan/macro-place-challenge-2026/external/DREAMPlace/dreamplace/ops/pin_pos /u5/w223zhan/macro-place-challenge-2026/external/DREAMPlace/build /u5/w223zhan/macro-place-challenge-2026/external/DREAMPlace/build/dreamplace/ops/pin_pos /u5/w223zhan/macro-place-challenge-2026/external/DREAMPlace/build/dreamplace/ops/pin_pos/CMakeFiles/pin_pos_cuda_segment.dir/DependInfo.cmake --color=
gmake[2]: Entering directory '/u5/w223zhan/macro-place-challenge-2026/external/DREAMPlace/build'
gmake[2]: Nothing to be done for 'dreamplace/ops/dct/CMakeFiles/dct2_fft2_cuda.dir/build'.
gmake[2]: Leaving directory '/u5/w223zhan/macro-place-challenge-2026/external/DREAMPlace/build'
[ 85%] Built target dct2_fft2_cuda
/usr/bin/gmake  -f dreamplace/ops/move_boundary/CMakeFiles/move_boundary_cuda.dir/build.make dreamplace/ops/move_boundary/CMakeFiles/move_boundary_cuda.dir/depend
gmake[2]: Entering directory '/u5/w223zhan/macro-place-challenge-2026/external/DREAMPlace/build'
cd /u5/w223zhan/macro-place-challenge-2026/external/DREAMPlace/build && /usr/bin/cmake -E cmake_depends "Unix Makefiles" /u5/w223zhan/macro-place-challenge-2026/external/DREAMPlace /u5/w223zhan/macro-place-challenge-2026/external/DREAMPlace/dreamplace/ops/move_boundary /u5/w223zhan/macro-place-challenge-2026/external/DREAMPlace/build /u5/w223zhan/macro-place-challenge-2026/external/DREAMPlace/build/dreamplace/ops/move_boundary /u5/w223zhan/macro-place-challenge-2026/external/DREAMPlace/build/dreamplace/ops/move_boundary/CMakeFiles/move_boundary_cuda.dir/DependInfo.cmake --color=
Consolidate compiler generated dependencies of target pin_pos_cuda
gmake[2]: Leaving directory '/u5/w223zhan/macro-place-challenge-2026/external/DREAMPlace/build'
/usr/bin/gmake  -f dreamplace/ops/pin_pos/CMakeFiles/pin_pos_cuda.dir/build.make dreamplace/ops/pin_pos/CMakeFiles/pin_pos_cuda.dir/build
gmake[2]: Entering directory '/u5/w223zhan/macro-place-challenge-2026/external/DREAMPlace/build'
gmake[2]: Nothing to be done for 'dreamplace/ops/pin_pos/CMakeFiles/pin_pos_cuda.dir/build'.
gmake[2]: Leaving directory '/u5/w223zhan/macro-place-challenge-2026/external/DREAMPlace/build'
Consolidate compiler generated dependencies of target move_boundary_cuda
gmake[2]: Leaving directory '/u5/w223zhan/macro-place-challenge-2026/external/DREAMPlace/build'
/usr/bin/gmake  -f dreamplace/ops/move_boundary/CMakeFiles/move_boundary_cuda.dir/build.make dreamplace/ops/move_boundary/CMakeFiles/move_boundary_cuda.dir/build
[ 85%] Built target pin_pos_cuda
/usr/bin/gmake  -f dreamplace/ops/density_map/CMakeFiles/density_map_cuda.dir/build.make dreamplace/ops/density_map/CMakeFiles/density_map_cuda.dir/depend
gmake[2]: Entering directory '/u5/w223zhan/macro-place-challenge-2026/external/DREAMPlace/build'
cd /u5/w223zhan/macro-place-challenge-2026/external/DREAMPlace/build && /usr/bin/cmake -E cmake_depends "Unix Makefiles" /u5/w223zhan/macro-place-challenge-2026/external/DREAMPlace /u5/w223zhan/macro-place-challenge-2026/external/DREAMPlace/dreamplace/ops/density_map /u5/w223zhan/macro-place-challenge-2026/external/DREAMPlace/build /u5/w223zhan/macro-place-challenge-2026/external/DREAMPlace/build/dreamplace/ops/density_map /u5/w223zhan/macro-place-challenge-2026/external/DREAMPlace/build/dreamplace/ops/density_map/CMakeFiles/density_map_cuda.dir/DependInfo.cmake --color=
gmake[2]: Entering directory '/u5/w223zhan/macro-place-challenge-2026/external/DREAMPlace/build'
gmake[2]: Nothing to be done for 'dreamplace/ops/move_boundary/CMakeFiles/move_boundary_cuda.dir/build'.
gmake[2]: Leaving directory '/u5/w223zhan/macro-place-challenge-2026/external/DREAMPlace/build'
Consolidate compiler generated dependencies of target density_map_cuda
gmake[2]: Leaving directory '/u5/w223zhan/macro-place-challenge-2026/external/DREAMPlace/build'
/usr/bin/gmake  -f dreamplace/ops/density_map/CMakeFiles/density_map_cuda.dir/build.make dreamplace/ops/density_map/CMakeFiles/density_map_cuda.dir/build
[ 86%] Built target move_boundary_cuda
Consolidate compiler generated dependencies of target pin_pos_cuda_segment
gmake[2]: Leaving directory '/u5/w223zhan/macro-place-challenge-2026/external/DREAMPlace/build'
/usr/bin/gmake  -f dreamplace/ops/pin_pos/CMakeFiles/pin_pos_cuda_segment.dir/build.make dreamplace/ops/pin_pos/CMakeFiles/pin_pos_cuda_segment.dir/build
/usr/bin/gmake  -f dreamplace/ops/density_potential/CMakeFiles/density_potential_cuda.dir/build.make dreamplace/ops/density_potential/CMakeFiles/density_potential_cuda.dir/depend
gmake[2]: Entering directory '/u5/w223zhan/macro-place-challenge-2026/external/DREAMPlace/build'
cd /u5/w223zhan/macro-place-challenge-2026/external/DREAMPlace/build && /usr/bin/cmake -E cmake_depends "Unix Makefiles" /u5/w223zhan/macro-place-challenge-2026/external/DREAMPlace /u5/w223zhan/macro-place-challenge-2026/external/DREAMPlace/dreamplace/ops/density_potential /u5/w223zhan/macro-place-challenge-2026/external/DREAMPlace/build /u5/w223zhan/macro-place-challenge-2026/external/DREAMPlace/build/dreamplace/ops/density_potential /u5/w223zhan/macro-place-challenge-2026/external/DREAMPlace/build/dreamplace/ops/density_potential/CMakeFiles/density_potential_cuda.dir/DependInfo.cmake --color=
gmake[2]: Entering directory '/u5/w223zhan/macro-place-challenge-2026/external/DREAMPlace/build'
gmake[2]: Nothing to be done for 'dreamplace/ops/density_map/CMakeFiles/density_map_cuda.dir/build'.
gmake[2]: Leaving directory '/u5/w223zhan/macro-place-challenge-2026/external/DREAMPlace/build'
[ 87%] Built target density_map_cuda
/usr/bin/gmake  -f dreamplace/ops/electric_potential/CMakeFiles/electric_potential_cuda.dir/build.make dreamplace/ops/electric_potential/CMakeFiles/electric_potential_cuda.dir/depend
gmake[2]: Entering directory '/u5/w223zhan/macro-place-challenge-2026/external/DREAMPlace/build'
cd /u5/w223zhan/macro-place-challenge-2026/external/DREAMPlace/build && /usr/bin/cmake -E cmake_depends "Unix Makefiles" /u5/w223zhan/macro-place-challenge-2026/external/DREAMPlace /u5/w223zhan/macro-place-challenge-2026/external/DREAMPlace/dreamplace/ops/electric_potential /u5/w223zhan/macro-place-challenge-2026/external/DREAMPlace/build /u5/w223zhan/macro-place-challenge-2026/external/DREAMPlace/build/dreamplace/ops/electric_potential /u5/w223zhan/macro-place-challenge-2026/external/DREAMPlace/build/dreamplace/ops/electric_potential/CMakeFiles/electric_potential_cuda.dir/DependInfo.cmake --color=
gmake[2]: Entering directory '/u5/w223zhan/macro-place-challenge-2026/external/DREAMPlace/build'
gmake[2]: Nothing to be done for 'dreamplace/ops/pin_pos/CMakeFiles/pin_pos_cuda_segment.dir/build'.
gmake[2]: Leaving directory '/u5/w223zhan/macro-place-challenge-2026/external/DREAMPlace/build'
[ 87%] Built target pin_pos_cuda_segment
/usr/bin/gmake  -f dreamplace/ops/hpwl/CMakeFiles/hpwl_cuda.dir/build.make dreamplace/ops/hpwl/CMakeFiles/hpwl_cuda.dir/depend
gmake[2]: Entering directory '/u5/w223zhan/macro-place-challenge-2026/external/DREAMPlace/build'
cd /u5/w223zhan/macro-place-challenge-2026/external/DREAMPlace/build && /usr/bin/cmake -E cmake_depends "Unix Makefiles" /u5/w223zhan/macro-place-challenge-2026/external/DREAMPlace /u5/w223zhan/macro-place-challenge-2026/external/DREAMPlace/dreamplace/ops/hpwl /u5/w223zhan/macro-place-challenge-2026/external/DREAMPlace/build /u5/w223zhan/macro-place-challenge-2026/external/DREAMPlace/build/dreamplace/ops/hpwl /u5/w223zhan/macro-place-challenge-2026/external/DREAMPlace/build/dreamplace/ops/hpwl/CMakeFiles/hpwl_cuda.dir/DependInfo.cmake --color=
Consolidate compiler generated dependencies of target density_potential_cuda
gmake[2]: Leaving directory '/u5/w223zhan/macro-place-challenge-2026/external/DREAMPlace/build'
/usr/bin/gmake  -f dreamplace/ops/density_potential/CMakeFiles/density_potential_cuda.dir/build.make dreamplace/ops/density_potential/CMakeFiles/density_potential_cuda.dir/build
Consolidate compiler generated dependencies of target electric_potential_cuda
gmake[2]: Leaving directory '/u5/w223zhan/macro-place-challenge-2026/external/DREAMPlace/build'
/usr/bin/gmake  -f dreamplace/ops/electric_potential/CMakeFiles/electric_potential_cuda.dir/build.make dreamplace/ops/electric_potential/CMakeFiles/electric_potential_cuda.dir/build
Consolidate compiler generated dependencies of target hpwl_cuda
gmake[2]: Leaving directory '/u5/w223zhan/macro-place-challenge-2026/external/DREAMPlace/build'
gmake[2]: Entering directory '/u5/w223zhan/macro-place-challenge-2026/external/DREAMPlace/build'
gmake[2]: Nothing to be done for 'dreamplace/ops/density_potential/CMakeFiles/density_potential_cuda.dir/build'.
gmake[2]: Leaving directory '/u5/w223zhan/macro-place-challenge-2026/external/DREAMPlace/build'
/usr/bin/gmake  -f dreamplace/ops/hpwl/CMakeFiles/hpwl_cuda.dir/build.make dreamplace/ops/hpwl/CMakeFiles/hpwl_cuda.dir/build
[ 88%] Built target density_potential_cuda
/usr/bin/gmake  -f dreamplace/ops/hpwl/CMakeFiles/hpwl_cuda_atomic.dir/build.make dreamplace/ops/hpwl/CMakeFiles/hpwl_cuda_atomic.dir/depend
gmake[2]: Entering directory '/u5/w223zhan/macro-place-challenge-2026/external/DREAMPlace/build'
gmake[2]: Nothing to be done for 'dreamplace/ops/electric_potential/CMakeFiles/electric_potential_cuda.dir/build'.
gmake[2]: Leaving directory '/u5/w223zhan/macro-place-challenge-2026/external/DREAMPlace/build'
gmake[2]: Entering directory '/u5/w223zhan/macro-place-challenge-2026/external/DREAMPlace/build'
cd /u5/w223zhan/macro-place-challenge-2026/external/DREAMPlace/build && /usr/bin/cmake -E cmake_depends "Unix Makefiles" /u5/w223zhan/macro-place-challenge-2026/external/DREAMPlace /u5/w223zhan/macro-place-challenge-2026/external/DREAMPlace/dreamplace/ops/hpwl /u5/w223zhan/macro-place-challenge-2026/external/DREAMPlace/build /u5/w223zhan/macro-place-challenge-2026/external/DREAMPlace/build/dreamplace/ops/hpwl /u5/w223zhan/macro-place-challenge-2026/external/DREAMPlace/build/dreamplace/ops/hpwl/CMakeFiles/hpwl_cuda_atomic.dir/DependInfo.cmake --color=
[ 89%] Built target electric_potential_cuda
/usr/bin/gmake  -f dreamplace/ops/weighted_average_wirelength/CMakeFiles/weighted_average_wirelength_cuda_cuda_tmp.dir/build.make dreamplace/ops/weighted_average_wirelength/CMakeFiles/weighted_average_wirelength_cuda_cuda_tmp.dir/depend
gmake[2]: Entering directory '/u5/w223zhan/macro-place-challenge-2026/external/DREAMPlace/build'
cd /u5/w223zhan/macro-place-challenge-2026/external/DREAMPlace/build && /usr/bin/cmake -E cmake_depends "Unix Makefiles" /u5/w223zhan/macro-place-challenge-2026/external/DREAMPlace /u5/w223zhan/macro-place-challenge-2026/external/DREAMPlace/dreamplace/ops/weighted_average_wirelength /u5/w223zhan/macro-place-challenge-2026/external/DREAMPlace/build /u5/w223zhan/macro-place-challenge-2026/external/DREAMPlace/build/dreamplace/ops/weighted_average_wirelength /u5/w223zhan/macro-place-challenge-2026/external/DREAMPlace/build/dreamplace/ops/weighted_average_wirelength/CMakeFiles/weighted_average_wirelength_cuda_cuda_tmp.dir/DependInfo.cmake --color=
gmake[2]: Leaving directory '/u5/w223zhan/macro-place-challenge-2026/external/DREAMPlace/build'
/usr/bin/gmake  -f dreamplace/ops/weighted_average_wirelength/CMakeFiles/weighted_average_wirelength_cuda_cuda_tmp.dir/build.make dreamplace/ops/weighted_average_wirelength/CMakeFiles/weighted_average_wirelength_cuda_cuda_tmp.dir/build
gmake[2]: Entering directory '/u5/w223zhan/macro-place-challenge-2026/external/DREAMPlace/build'
gmake[2]: Nothing to be done for 'dreamplace/ops/weighted_average_wirelength/CMakeFiles/weighted_average_wirelength_cuda_cuda_tmp.dir/build'.
gmake[2]: Leaving directory '/u5/w223zhan/macro-place-challenge-2026/external/DREAMPlace/build'
gmake[2]: Entering directory '/u5/w223zhan/macro-place-challenge-2026/external/DREAMPlace/build'
gmake[2]: Nothing to be done for 'dreamplace/ops/hpwl/CMakeFiles/hpwl_cuda.dir/build'.
gmake[2]: Leaving directory '/u5/w223zhan/macro-place-challenge-2026/external/DREAMPlace/build'
[ 90%] Built target weighted_average_wirelength_cuda_cuda_tmp
/usr/bin/gmake  -f dreamplace/ops/weighted_average_wirelength/CMakeFiles/weighted_average_wirelength_cuda_atomic_cuda_tmp.dir/build.make dreamplace/ops/weighted_average_wirelength/CMakeFiles/weighted_average_wirelength_cuda_atomic_cuda_tmp.dir/depend
gmake[2]: Entering directory '/u5/w223zhan/macro-place-challenge-2026/external/DREAMPlace/build'
cd /u5/w223zhan/macro-place-challenge-2026/external/DREAMPlace/build && /usr/bin/cmake -E cmake_depends "Unix Makefiles" /u5/w223zhan/macro-place-challenge-2026/external/DREAMPlace /u5/w223zhan/macro-place-challenge-2026/external/DREAMPlace/dreamplace/ops/weighted_average_wirelength /u5/w223zhan/macro-place-challenge-2026/external/DREAMPlace/build /u5/w223zhan/macro-place-challenge-2026/external/DREAMPlace/build/dreamplace/ops/weighted_average_wirelength /u5/w223zhan/macro-place-challenge-2026/external/DREAMPlace/build/dreamplace/ops/weighted_average_wirelength/CMakeFiles/weighted_average_wirelength_cuda_atomic_cuda_tmp.dir/DependInfo.cmake --color=
[ 90%] Built target hpwl_cuda
/usr/bin/gmake  -f dreamplace/ops/weighted_average_wirelength/CMakeFiles/weighted_average_wirelength_cuda_merged_cuda_tmp.dir/build.make dreamplace/ops/weighted_average_wirelength/CMakeFiles/weighted_average_wirelength_cuda_merged_cuda_tmp.dir/depend
gmake[2]: Entering directory '/u5/w223zhan/macro-place-challenge-2026/external/DREAMPlace/build'
cd /u5/w223zhan/macro-place-challenge-2026/external/DREAMPlace/build && /usr/bin/cmake -E cmake_depends "Unix Makefiles" /u5/w223zhan/macro-place-challenge-2026/external/DREAMPlace /u5/w223zhan/macro-place-challenge-2026/external/DREAMPlace/dreamplace/ops/weighted_average_wirelength /u5/w223zhan/macro-place-challenge-2026/external/DREAMPlace/build /u5/w223zhan/macro-place-challenge-2026/external/DREAMPlace/build/dreamplace/ops/weighted_average_wirelength /u5/w223zhan/macro-place-challenge-2026/external/DREAMPlace/build/dreamplace/ops/weighted_average_wirelength/CMakeFiles/weighted_average_wirelength_cuda_merged_cuda_tmp.dir/DependInfo.cmake --color=
gmake[2]: Leaving directory '/u5/w223zhan/macro-place-challenge-2026/external/DREAMPlace/build'
/usr/bin/gmake  -f dreamplace/ops/weighted_average_wirelength/CMakeFiles/weighted_average_wirelength_cuda_atomic_cuda_tmp.dir/build.make dreamplace/ops/weighted_average_wirelength/CMakeFiles/weighted_average_wirelength_cuda_atomic_cuda_tmp.dir/build
gmake[2]: Entering directory '/u5/w223zhan/macro-place-challenge-2026/external/DREAMPlace/build'
gmake[2]: Nothing to be done for 'dreamplace/ops/weighted_average_wirelength/CMakeFiles/weighted_average_wirelength_cuda_atomic_cuda_tmp.dir/build'.
gmake[2]: Leaving directory '/u5/w223zhan/macro-place-challenge-2026/external/DREAMPlace/build'
gmake[2]: Leaving directory '/u5/w223zhan/macro-place-challenge-2026/external/DREAMPlace/build'
/usr/bin/gmake  -f dreamplace/ops/weighted_average_wirelength/CMakeFiles/weighted_average_wirelength_cuda_merged_cuda_tmp.dir/build.make dreamplace/ops/weighted_average_wirelength/CMakeFiles/weighted_average_wirelength_cuda_merged_cuda_tmp.dir/build
gmake[2]: Entering directory '/u5/w223zhan/macro-place-challenge-2026/external/DREAMPlace/build'
gmake[2]: Nothing to be done for 'dreamplace/ops/weighted_average_wirelength/CMakeFiles/weighted_average_wirelength_cuda_merged_cuda_tmp.dir/build'.
gmake[2]: Leaving directory '/u5/w223zhan/macro-place-challenge-2026/external/DREAMPlace/build'
[ 90%] Built target weighted_average_wirelength_cuda_atomic_cuda_tmp
/usr/bin/gmake  -f dreamplace/ops/logsumexp_wirelength/CMakeFiles/logsumexp_wirelength_cuda_merged.dir/build.make dreamplace/ops/logsumexp_wirelength/CMakeFiles/logsumexp_wirelength_cuda_merged.dir/depend
gmake[2]: Entering directory '/u5/w223zhan/macro-place-challenge-2026/external/DREAMPlace/build'
cd /u5/w223zhan/macro-place-challenge-2026/external/DREAMPlace/build && /usr/bin/cmake -E cmake_depends "Unix Makefiles" /u5/w223zhan/macro-place-challenge-2026/external/DREAMPlace /u5/w223zhan/macro-place-challenge-2026/external/DREAMPlace/dreamplace/ops/logsumexp_wirelength /u5/w223zhan/macro-place-challenge-2026/external/DREAMPlace/build /u5/w223zhan/macro-place-challenge-2026/external/DREAMPlace/build/dreamplace/ops/logsumexp_wirelength /u5/w223zhan/macro-place-challenge-2026/external/DREAMPlace/build/dreamplace/ops/logsumexp_wirelength/CMakeFiles/logsumexp_wirelength_cuda_merged.dir/DependInfo.cmake --color=
[ 91%] Built target weighted_average_wirelength_cuda_merged_cuda_tmp
/usr/bin/gmake  -f dreamplace/ops/global_swap/CMakeFiles/global_swap_cuda.dir/build.make dreamplace/ops/global_swap/CMakeFiles/global_swap_cuda.dir/depend
gmake[2]: Entering directory '/u5/w223zhan/macro-place-challenge-2026/external/DREAMPlace/build'
cd /u5/w223zhan/macro-place-challenge-2026/external/DREAMPlace/build && /usr/bin/cmake -E cmake_depends "Unix Makefiles" /u5/w223zhan/macro-place-challenge-2026/external/DREAMPlace /u5/w223zhan/macro-place-challenge-2026/external/DREAMPlace/dreamplace/ops/global_swap /u5/w223zhan/macro-place-challenge-2026/external/DREAMPlace/build /u5/w223zhan/macro-place-challenge-2026/external/DREAMPlace/build/dreamplace/ops/global_swap /u5/w223zhan/macro-place-challenge-2026/external/DREAMPlace/build/dreamplace/ops/global_swap/CMakeFiles/global_swap_cuda.dir/DependInfo.cmake --color=
Consolidate compiler generated dependencies of target hpwl_cuda_atomic
gmake[2]: Leaving directory '/u5/w223zhan/macro-place-challenge-2026/external/DREAMPlace/build'
/usr/bin/gmake  -f dreamplace/ops/hpwl/CMakeFiles/hpwl_cuda_atomic.dir/build.make dreamplace/ops/hpwl/CMakeFiles/hpwl_cuda_atomic.dir/build
Consolidate compiler generated dependencies of target global_swap_cuda
gmake[2]: Leaving directory '/u5/w223zhan/macro-place-challenge-2026/external/DREAMPlace/build'
/usr/bin/gmake  -f dreamplace/ops/global_swap/CMakeFiles/global_swap_cuda.dir/build.make dreamplace/ops/global_swap/CMakeFiles/global_swap_cuda.dir/build
Consolidate compiler generated dependencies of target logsumexp_wirelength_cuda_merged
gmake[2]: Leaving directory '/u5/w223zhan/macro-place-challenge-2026/external/DREAMPlace/build'
/usr/bin/gmake  -f dreamplace/ops/logsumexp_wirelength/CMakeFiles/logsumexp_wirelength_cuda_merged.dir/build.make dreamplace/ops/logsumexp_wirelength/CMakeFiles/logsumexp_wirelength_cuda_merged.dir/build
gmake[2]: Entering directory '/u5/w223zhan/macro-place-challenge-2026/external/DREAMPlace/build'
gmake[2]: Nothing to be done for 'dreamplace/ops/hpwl/CMakeFiles/hpwl_cuda_atomic.dir/build'.
gmake[2]: Leaving directory '/u5/w223zhan/macro-place-challenge-2026/external/DREAMPlace/build'
[ 92%] Built target hpwl_cuda_atomic
/usr/bin/gmake  -f dreamplace/ops/independent_set_matching/CMakeFiles/independent_set_matching_cuda.dir/build.make dreamplace/ops/independent_set_matching/CMakeFiles/independent_set_matching_cuda.dir/depend
gmake[2]: Entering directory '/u5/w223zhan/macro-place-challenge-2026/external/DREAMPlace/build'
cd /u5/w223zhan/macro-place-challenge-2026/external/DREAMPlace/build && /usr/bin/cmake -E cmake_depends "Unix Makefiles" /u5/w223zhan/macro-place-challenge-2026/external/DREAMPlace /u5/w223zhan/macro-place-challenge-2026/external/DREAMPlace/dreamplace/ops/independent_set_matching /u5/w223zhan/macro-place-challenge-2026/external/DREAMPlace/build /u5/w223zhan/macro-place-challenge-2026/external/DREAMPlace/build/dreamplace/ops/independent_set_matching /u5/w223zhan/macro-place-challenge-2026/external/DREAMPlace/build/dreamplace/ops/independent_set_matching/CMakeFiles/independent_set_matching_cuda.dir/DependInfo.cmake --color=
gmake[2]: Entering directory '/u5/w223zhan/macro-place-challenge-2026/external/DREAMPlace/build'
gmake[2]: Nothing to be done for 'dreamplace/ops/logsumexp_wirelength/CMakeFiles/logsumexp_wirelength_cuda_merged.dir/build'.
gmake[2]: Leaving directory '/u5/w223zhan/macro-place-challenge-2026/external/DREAMPlace/build'
gmake[2]: Entering directory '/u5/w223zhan/macro-place-challenge-2026/external/DREAMPlace/build'
gmake[2]: Nothing to be done for 'dreamplace/ops/global_swap/CMakeFiles/global_swap_cuda.dir/build'.
gmake[2]: Leaving directory '/u5/w223zhan/macro-place-challenge-2026/external/DREAMPlace/build'
[ 92%] Built target logsumexp_wirelength_cuda_merged
/usr/bin/gmake  -f dreamplace/ops/k_reorder/CMakeFiles/k_reorder_cuda.dir/build.make dreamplace/ops/k_reorder/CMakeFiles/k_reorder_cuda.dir/depend
gmake[2]: Entering directory '/u5/w223zhan/macro-place-challenge-2026/external/DREAMPlace/build'
cd /u5/w223zhan/macro-place-challenge-2026/external/DREAMPlace/build && /usr/bin/cmake -E cmake_depends "Unix Makefiles" /u5/w223zhan/macro-place-challenge-2026/external/DREAMPlace /u5/w223zhan/macro-place-challenge-2026/external/DREAMPlace/dreamplace/ops/k_reorder /u5/w223zhan/macro-place-challenge-2026/external/DREAMPlace/build /u5/w223zhan/macro-place-challenge-2026/external/DREAMPlace/build/dreamplace/ops/k_reorder /u5/w223zhan/macro-place-challenge-2026/external/DREAMPlace/build/dreamplace/ops/k_reorder/CMakeFiles/k_reorder_cuda.dir/DependInfo.cmake --color=
[ 92%] Built target global_swap_cuda
/usr/bin/gmake  -f dreamplace/ops/pin_utilization/CMakeFiles/pin_utilization_cuda.dir/build.make dreamplace/ops/pin_utilization/CMakeFiles/pin_utilization_cuda.dir/depend
gmake[2]: Entering directory '/u5/w223zhan/macro-place-challenge-2026/external/DREAMPlace/build'
cd /u5/w223zhan/macro-place-challenge-2026/external/DREAMPlace/build && /usr/bin/cmake -E cmake_depends "Unix Makefiles" /u5/w223zhan/macro-place-challenge-2026/external/DREAMPlace /u5/w223zhan/macro-place-challenge-2026/external/DREAMPlace/dreamplace/ops/pin_utilization /u5/w223zhan/macro-place-challenge-2026/external/DREAMPlace/build /u5/w223zhan/macro-place-challenge-2026/external/DREAMPlace/build/dreamplace/ops/pin_utilization /u5/w223zhan/macro-place-challenge-2026/external/DREAMPlace/build/dreamplace/ops/pin_utilization/CMakeFiles/pin_utilization_cuda.dir/DependInfo.cmake --color=
Consolidate compiler generated dependencies of target independent_set_matching_cuda
gmake[2]: Leaving directory '/u5/w223zhan/macro-place-challenge-2026/external/DREAMPlace/build'
/usr/bin/gmake  -f dreamplace/ops/independent_set_matching/CMakeFiles/independent_set_matching_cuda.dir/build.make dreamplace/ops/independent_set_matching/CMakeFiles/independent_set_matching_cuda.dir/build
Consolidate compiler generated dependencies of target pin_utilization_cuda
gmake[2]: Leaving directory '/u5/w223zhan/macro-place-challenge-2026/external/DREAMPlace/build'
/usr/bin/gmake  -f dreamplace/ops/pin_utilization/CMakeFiles/pin_utilization_cuda.dir/build.make dreamplace/ops/pin_utilization/CMakeFiles/pin_utilization_cuda.dir/build
Consolidate compiler generated dependencies of target k_reorder_cuda
gmake[2]: Leaving directory '/u5/w223zhan/macro-place-challenge-2026/external/DREAMPlace/build'
/usr/bin/gmake  -f dreamplace/ops/k_reorder/CMakeFiles/k_reorder_cuda.dir/build.make dreamplace/ops/k_reorder/CMakeFiles/k_reorder_cuda.dir/build
gmake[2]: Entering directory '/u5/w223zhan/macro-place-challenge-2026/external/DREAMPlace/build'
gmake[2]: Nothing to be done for 'dreamplace/ops/independent_set_matching/CMakeFiles/independent_set_matching_cuda.dir/build'.
gmake[2]: Leaving directory '/u5/w223zhan/macro-place-challenge-2026/external/DREAMPlace/build'
gmake[2]: Entering directory '/u5/w223zhan/macro-place-challenge-2026/external/DREAMPlace/build'
gmake[2]: Nothing to be done for 'dreamplace/ops/k_reorder/CMakeFiles/k_reorder_cuda.dir/build'.
gmake[2]: Leaving directory '/u5/w223zhan/macro-place-challenge-2026/external/DREAMPlace/build'
[ 93%] Built target independent_set_matching_cuda
/usr/bin/gmake  -f dreamplace/ops/rudy/CMakeFiles/rudy_cuda.dir/build.make dreamplace/ops/rudy/CMakeFiles/rudy_cuda.dir/depend
gmake[2]: Entering directory '/u5/w223zhan/macro-place-challenge-2026/external/DREAMPlace/build'
cd /u5/w223zhan/macro-place-challenge-2026/external/DREAMPlace/build && /usr/bin/cmake -E cmake_depends "Unix Makefiles" /u5/w223zhan/macro-place-challenge-2026/external/DREAMPlace /u5/w223zhan/macro-place-challenge-2026/external/DREAMPlace/dreamplace/ops/rudy /u5/w223zhan/macro-place-challenge-2026/external/DREAMPlace/build /u5/w223zhan/macro-place-challenge-2026/external/DREAMPlace/build/dreamplace/ops/rudy /u5/w223zhan/macro-place-challenge-2026/external/DREAMPlace/build/dreamplace/ops/rudy/CMakeFiles/rudy_cuda.dir/DependInfo.cmake --color=
[ 94%] Built target k_reorder_cuda
/usr/bin/gmake  -f dreamplace/ops/pinrudy/CMakeFiles/pinrudy_cuda.dir/build.make dreamplace/ops/pinrudy/CMakeFiles/pinrudy_cuda.dir/depend
gmake[2]: Entering directory '/u5/w223zhan/macro-place-challenge-2026/external/DREAMPlace/build'
cd /u5/w223zhan/macro-place-challenge-2026/external/DREAMPlace/build && /usr/bin/cmake -E cmake_depends "Unix Makefiles" /u5/w223zhan/macro-place-challenge-2026/external/DREAMPlace /u5/w223zhan/macro-place-challenge-2026/external/DREAMPlace/dreamplace/ops/pinrudy /u5/w223zhan/macro-place-challenge-2026/external/DREAMPlace/build /u5/w223zhan/macro-place-challenge-2026/external/DREAMPlace/build/dreamplace/ops/pinrudy /u5/w223zhan/macro-place-challenge-2026/external/DREAMPlace/build/dreamplace/ops/pinrudy/CMakeFiles/pinrudy_cuda.dir/DependInfo.cmake --color=
gmake[2]: Entering directory '/u5/w223zhan/macro-place-challenge-2026/external/DREAMPlace/build'
gmake[2]: Nothing to be done for 'dreamplace/ops/pin_utilization/CMakeFiles/pin_utilization_cuda.dir/build'.
gmake[2]: Leaving directory '/u5/w223zhan/macro-place-challenge-2026/external/DREAMPlace/build'
[ 94%] Built target pin_utilization_cuda
/usr/bin/gmake  -f dreamplace/ops/adjust_node_area/CMakeFiles/adjust_node_area_cuda.dir/build.make dreamplace/ops/adjust_node_area/CMakeFiles/adjust_node_area_cuda.dir/depend
gmake[2]: Entering directory '/u5/w223zhan/macro-place-challenge-2026/external/DREAMPlace/build'
cd /u5/w223zhan/macro-place-challenge-2026/external/DREAMPlace/build && /usr/bin/cmake -E cmake_depends "Unix Makefiles" /u5/w223zhan/macro-place-challenge-2026/external/DREAMPlace /u5/w223zhan/macro-place-challenge-2026/external/DREAMPlace/dreamplace/ops/adjust_node_area /u5/w223zhan/macro-place-challenge-2026/external/DREAMPlace/build /u5/w223zhan/macro-place-challenge-2026/external/DREAMPlace/build/dreamplace/ops/adjust_node_area /u5/w223zhan/macro-place-challenge-2026/external/DREAMPlace/build/dreamplace/ops/adjust_node_area/CMakeFiles/adjust_node_area_cuda.dir/DependInfo.cmake --color=
Consolidate compiler generated dependencies of target adjust_node_area_cuda
gmake[2]: Leaving directory '/u5/w223zhan/macro-place-challenge-2026/external/DREAMPlace/build'
/usr/bin/gmake  -f dreamplace/ops/adjust_node_area/CMakeFiles/adjust_node_area_cuda.dir/build.make dreamplace/ops/adjust_node_area/CMakeFiles/adjust_node_area_cuda.dir/build
Consolidate compiler generated dependencies of target rudy_cuda
Consolidate compiler generated dependencies of target pinrudy_cuda
gmake[2]: Leaving directory '/u5/w223zhan/macro-place-challenge-2026/external/DREAMPlace/build'
/usr/bin/gmake  -f dreamplace/ops/rudy/CMakeFiles/rudy_cuda.dir/build.make dreamplace/ops/rudy/CMakeFiles/rudy_cuda.dir/build
gmake[2]: Leaving directory '/u5/w223zhan/macro-place-challenge-2026/external/DREAMPlace/build'
/usr/bin/gmake  -f dreamplace/ops/pinrudy/CMakeFiles/pinrudy_cuda.dir/build.make dreamplace/ops/pinrudy/CMakeFiles/pinrudy_cuda.dir/build
gmake[2]: Entering directory '/u5/w223zhan/macro-place-challenge-2026/external/DREAMPlace/build'
gmake[2]: Nothing to be done for 'dreamplace/ops/adjust_node_area/CMakeFiles/adjust_node_area_cuda.dir/build'.
gmake[2]: Leaving directory '/u5/w223zhan/macro-place-challenge-2026/external/DREAMPlace/build'
[ 94%] Built target adjust_node_area_cuda
/usr/bin/gmake  -f dreamplace/ops/adjust_node_area/CMakeFiles/update_pin_offset_cuda.dir/build.make dreamplace/ops/adjust_node_area/CMakeFiles/update_pin_offset_cuda.dir/depend
gmake[2]: Entering directory '/u5/w223zhan/macro-place-challenge-2026/external/DREAMPlace/build'
cd /u5/w223zhan/macro-place-challenge-2026/external/DREAMPlace/build && /usr/bin/cmake -E cmake_depends "Unix Makefiles" /u5/w223zhan/macro-place-challenge-2026/external/DREAMPlace /u5/w223zhan/macro-place-challenge-2026/external/DREAMPlace/dreamplace/ops/adjust_node_area /u5/w223zhan/macro-place-challenge-2026/external/DREAMPlace/build /u5/w223zhan/macro-place-challenge-2026/external/DREAMPlace/build/dreamplace/ops/adjust_node_area /u5/w223zhan/macro-place-challenge-2026/external/DREAMPlace/build/dreamplace/ops/adjust_node_area/CMakeFiles/update_pin_offset_cuda.dir/DependInfo.cmake --color=
gmake[2]: Entering directory '/u5/w223zhan/macro-place-challenge-2026/external/DREAMPlace/build'
gmake[2]: Nothing to be done for 'dreamplace/ops/pinrudy/CMakeFiles/pinrudy_cuda.dir/build'.
gmake[2]: Leaving directory '/u5/w223zhan/macro-place-challenge-2026/external/DREAMPlace/build'
gmake[2]: Entering directory '/u5/w223zhan/macro-place-challenge-2026/external/DREAMPlace/build'
gmake[2]: Nothing to be done for 'dreamplace/ops/rudy/CMakeFiles/rudy_cuda.dir/build'.
gmake[2]: Leaving directory '/u5/w223zhan/macro-place-challenge-2026/external/DREAMPlace/build'
[ 94%] Built target pinrudy_cuda
/usr/bin/gmake  -f dreamplace/ops/pin_weight_sum/CMakeFiles/pws_cuda.dir/build.make dreamplace/ops/pin_weight_sum/CMakeFiles/pws_cuda.dir/depend
[ 94%] Built target rudy_cuda
/usr/bin/gmake  -f dreamplace/ops/timing_heterosta/CMakeFiles/timing_heterosta_cpp.dir/build.make dreamplace/ops/timing_heterosta/CMakeFiles/timing_heterosta_cpp.dir/depend
gmake[2]: Entering directory '/u5/w223zhan/macro-place-challenge-2026/external/DREAMPlace/build'
cd /u5/w223zhan/macro-place-challenge-2026/external/DREAMPlace/build && /usr/bin/cmake -E cmake_depends "Unix Makefiles" /u5/w223zhan/macro-place-challenge-2026/external/DREAMPlace /u5/w223zhan/macro-place-challenge-2026/external/DREAMPlace/dreamplace/ops/pin_weight_sum /u5/w223zhan/macro-place-challenge-2026/external/DREAMPlace/build /u5/w223zhan/macro-place-challenge-2026/external/DREAMPlace/build/dreamplace/ops/pin_weight_sum /u5/w223zhan/macro-place-challenge-2026/external/DREAMPlace/build/dreamplace/ops/pin_weight_sum/CMakeFiles/pws_cuda.dir/DependInfo.cmake --color=
Consolidate compiler generated dependencies of target update_pin_offset_cuda
gmake[2]: Leaving directory '/u5/w223zhan/macro-place-challenge-2026/external/DREAMPlace/build'
/usr/bin/gmake  -f dreamplace/ops/adjust_node_area/CMakeFiles/update_pin_offset_cuda.dir/build.make dreamplace/ops/adjust_node_area/CMakeFiles/update_pin_offset_cuda.dir/build
gmake[2]: Entering directory '/u5/w223zhan/macro-place-challenge-2026/external/DREAMPlace/build'
cd /u5/w223zhan/macro-place-challenge-2026/external/DREAMPlace/build && /usr/bin/cmake -E cmake_depends "Unix Makefiles" /u5/w223zhan/macro-place-challenge-2026/external/DREAMPlace /u5/w223zhan/macro-place-challenge-2026/external/DREAMPlace/dreamplace/ops/timing_heterosta /u5/w223zhan/macro-place-challenge-2026/external/DREAMPlace/build /u5/w223zhan/macro-place-challenge-2026/external/DREAMPlace/build/dreamplace/ops/timing_heterosta /u5/w223zhan/macro-place-challenge-2026/external/DREAMPlace/build/dreamplace/ops/timing_heterosta/CMakeFiles/timing_heterosta_cpp.dir/DependInfo.cmake --color=
gmake[2]: Entering directory '/u5/w223zhan/macro-place-challenge-2026/external/DREAMPlace/build'
gmake[2]: Nothing to be done for 'dreamplace/ops/adjust_node_area/CMakeFiles/update_pin_offset_cuda.dir/build'.
gmake[2]: Leaving directory '/u5/w223zhan/macro-place-challenge-2026/external/DREAMPlace/build'
[ 94%] Built target update_pin_offset_cuda
/usr/bin/gmake  -f dreamplace/ops/dct/CMakeFiles/dct_lee_cuda.dir/build.make dreamplace/ops/dct/CMakeFiles/dct_lee_cuda.dir/depend
gmake[2]: Entering directory '/u5/w223zhan/macro-place-challenge-2026/external/DREAMPlace/build'
cd /u5/w223zhan/macro-place-challenge-2026/external/DREAMPlace/build && /usr/bin/cmake -E cmake_depends "Unix Makefiles" /u5/w223zhan/macro-place-challenge-2026/external/DREAMPlace /u5/w223zhan/macro-place-challenge-2026/external/DREAMPlace/dreamplace/ops/dct /u5/w223zhan/macro-place-challenge-2026/external/DREAMPlace/build /u5/w223zhan/macro-place-challenge-2026/external/DREAMPlace/build/dreamplace/ops/dct /u5/w223zhan/macro-place-challenge-2026/external/DREAMPlace/build/dreamplace/ops/dct/CMakeFiles/dct_lee_cuda.dir/DependInfo.cmake --color=
Consolidate compiler generated dependencies of target pws_cuda
gmake[2]: Leaving directory '/u5/w223zhan/macro-place-challenge-2026/external/DREAMPlace/build'
/usr/bin/gmake  -f dreamplace/ops/pin_weight_sum/CMakeFiles/pws_cuda.dir/build.make dreamplace/ops/pin_weight_sum/CMakeFiles/pws_cuda.dir/build
Consolidate compiler generated dependencies of target dct_lee_cuda
gmake[2]: Entering directory '/u5/w223zhan/macro-place-challenge-2026/external/DREAMPlace/build'
gmake[2]: Nothing to be done for 'dreamplace/ops/pin_weight_sum/CMakeFiles/pws_cuda.dir/build'.
gmake[2]: Leaving directory '/u5/w223zhan/macro-place-challenge-2026/external/DREAMPlace/build'
gmake[2]: Leaving directory '/u5/w223zhan/macro-place-challenge-2026/external/DREAMPlace/build'
/usr/bin/gmake  -f dreamplace/ops/dct/CMakeFiles/dct_lee_cuda.dir/build.make dreamplace/ops/dct/CMakeFiles/dct_lee_cuda.dir/build
[ 94%] Built target pws_cuda
/usr/bin/gmake  -f dreamplace/ops/weighted_average_wirelength/CMakeFiles/weighted_average_wirelength_cuda.dir/build.make dreamplace/ops/weighted_average_wirelength/CMakeFiles/weighted_average_wirelength_cuda.dir/depend
gmake[2]: Entering directory '/u5/w223zhan/macro-place-challenge-2026/external/DREAMPlace/build'
cd /u5/w223zhan/macro-place-challenge-2026/external/DREAMPlace/build && /usr/bin/cmake -E cmake_depends "Unix Makefiles" /u5/w223zhan/macro-place-challenge-2026/external/DREAMPlace /u5/w223zhan/macro-place-challenge-2026/external/DREAMPlace/dreamplace/ops/weighted_average_wirelength /u5/w223zhan/macro-place-challenge-2026/external/DREAMPlace/build /u5/w223zhan/macro-place-challenge-2026/external/DREAMPlace/build/dreamplace/ops/weighted_average_wirelength /u5/w223zhan/macro-place-challenge-2026/external/DREAMPlace/build/dreamplace/ops/weighted_average_wirelength/CMakeFiles/weighted_average_wirelength_cuda.dir/DependInfo.cmake --color=
Consolidate compiler generated dependencies of target timing_heterosta_cpp
gmake[2]: Leaving directory '/u5/w223zhan/macro-place-challenge-2026/external/DREAMPlace/build'
/usr/bin/gmake  -f dreamplace/ops/timing_heterosta/CMakeFiles/timing_heterosta_cpp.dir/build.make dreamplace/ops/timing_heterosta/CMakeFiles/timing_heterosta_cpp.dir/build
gmake[2]: Entering directory '/u5/w223zhan/macro-place-challenge-2026/external/DREAMPlace/build'
gmake[2]: Nothing to be done for 'dreamplace/ops/dct/CMakeFiles/dct_lee_cuda.dir/build'.
gmake[2]: Leaving directory '/u5/w223zhan/macro-place-challenge-2026/external/DREAMPlace/build'
[ 95%] Built target dct_lee_cuda
/usr/bin/gmake  -f dreamplace/ops/weighted_average_wirelength/CMakeFiles/weighted_average_wirelength_cuda_atomic.dir/build.make dreamplace/ops/weighted_average_wirelength/CMakeFiles/weighted_average_wirelength_cuda_atomic.dir/depend
gmake[2]: Entering directory '/u5/w223zhan/macro-place-challenge-2026/external/DREAMPlace/build'
cd /u5/w223zhan/macro-place-challenge-2026/external/DREAMPlace/build && /usr/bin/cmake -E cmake_depends "Unix Makefiles" /u5/w223zhan/macro-place-challenge-2026/external/DREAMPlace /u5/w223zhan/macro-place-challenge-2026/external/DREAMPlace/dreamplace/ops/weighted_average_wirelength /u5/w223zhan/macro-place-challenge-2026/external/DREAMPlace/build /u5/w223zhan/macro-place-challenge-2026/external/DREAMPlace/build/dreamplace/ops/weighted_average_wirelength /u5/w223zhan/macro-place-challenge-2026/external/DREAMPlace/build/dreamplace/ops/weighted_average_wirelength/CMakeFiles/weighted_average_wirelength_cuda_atomic.dir/DependInfo.cmake --color=
gmake[2]: Entering directory '/u5/w223zhan/macro-place-challenge-2026/external/DREAMPlace/build'
gmake[2]: Nothing to be done for 'dreamplace/ops/timing_heterosta/CMakeFiles/timing_heterosta_cpp.dir/build'.
gmake[2]: Leaving directory '/u5/w223zhan/macro-place-challenge-2026/external/DREAMPlace/build'
[ 98%] Built target timing_heterosta_cpp
/usr/bin/gmake  -f dreamplace/ops/weighted_average_wirelength/CMakeFiles/weighted_average_wirelength_cuda_merged.dir/build.make dreamplace/ops/weighted_average_wirelength/CMakeFiles/weighted_average_wirelength_cuda_merged.dir/depend
Consolidate compiler generated dependencies of target weighted_average_wirelength_cuda
gmake[2]: Leaving directory '/u5/w223zhan/macro-place-challenge-2026/external/DREAMPlace/build'
/usr/bin/gmake  -f dreamplace/ops/weighted_average_wirelength/CMakeFiles/weighted_average_wirelength_cuda.dir/build.make dreamplace/ops/weighted_average_wirelength/CMakeFiles/weighted_average_wirelength_cuda.dir/build
gmake[2]: Entering directory '/u5/w223zhan/macro-place-challenge-2026/external/DREAMPlace/build'
cd /u5/w223zhan/macro-place-challenge-2026/external/DREAMPlace/build && /usr/bin/cmake -E cmake_depends "Unix Makefiles" /u5/w223zhan/macro-place-challenge-2026/external/DREAMPlace /u5/w223zhan/macro-place-challenge-2026/external/DREAMPlace/dreamplace/ops/weighted_average_wirelength /u5/w223zhan/macro-place-challenge-2026/external/DREAMPlace/build /u5/w223zhan/macro-place-challenge-2026/external/DREAMPlace/build/dreamplace/ops/weighted_average_wirelength /u5/w223zhan/macro-place-challenge-2026/external/DREAMPlace/build/dreamplace/ops/weighted_average_wirelength/CMakeFiles/weighted_average_wirelength_cuda_merged.dir/DependInfo.cmake --color=
gmake[2]: Entering directory '/u5/w223zhan/macro-place-challenge-2026/external/DREAMPlace/build'
gmake[2]: Nothing to be done for 'dreamplace/ops/weighted_average_wirelength/CMakeFiles/weighted_average_wirelength_cuda.dir/build'.
gmake[2]: Leaving directory '/u5/w223zhan/macro-place-challenge-2026/external/DREAMPlace/build'
Consolidate compiler generated dependencies of target weighted_average_wirelength_cuda_atomic
gmake[2]: Leaving directory '/u5/w223zhan/macro-place-challenge-2026/external/DREAMPlace/build'
/usr/bin/gmake  -f dreamplace/ops/weighted_average_wirelength/CMakeFiles/weighted_average_wirelength_cuda_atomic.dir/build.make dreamplace/ops/weighted_average_wirelength/CMakeFiles/weighted_average_wirelength_cuda_atomic.dir/build
Consolidate compiler generated dependencies of target weighted_average_wirelength_cuda_merged
gmake[2]: Leaving directory '/u5/w223zhan/macro-place-challenge-2026/external/DREAMPlace/build'
/usr/bin/gmake  -f dreamplace/ops/weighted_average_wirelength/CMakeFiles/weighted_average_wirelength_cuda_merged.dir/build.make dreamplace/ops/weighted_average_wirelength/CMakeFiles/weighted_average_wirelength_cuda_merged.dir/build
[ 99%] Built target weighted_average_wirelength_cuda
gmake[2]: Entering directory '/u5/w223zhan/macro-place-challenge-2026/external/DREAMPlace/build'
gmake[2]: Nothing to be done for 'dreamplace/ops/weighted_average_wirelength/CMakeFiles/weighted_average_wirelength_cuda_merged.dir/build'.
gmake[2]: Leaving directory '/u5/w223zhan/macro-place-challenge-2026/external/DREAMPlace/build'
[ 99%] Built target weighted_average_wirelength_cuda_merged
gmake[2]: Entering directory '/u5/w223zhan/macro-place-challenge-2026/external/DREAMPlace/build'
gmake[2]: Nothing to be done for 'dreamplace/ops/weighted_average_wirelength/CMakeFiles/weighted_average_wirelength_cuda_atomic.dir/build'.
gmake[2]: Leaving directory '/u5/w223zhan/macro-place-challenge-2026/external/DREAMPlace/build'
[ 99%] Built target weighted_average_wirelength_cuda_atomic
[100%] Built target logsumexp_wirelength_cuda_atomic_cuda_tmp
/usr/bin/gmake  -f dreamplace/ops/logsumexp_wirelength/CMakeFiles/logsumexp_wirelength_cuda_atomic.dir/build.make dreamplace/ops/logsumexp_wirelength/CMakeFiles/logsumexp_wirelength_cuda_atomic.dir/depend
gmake[2]: Entering directory '/u5/w223zhan/macro-place-challenge-2026/external/DREAMPlace/build'
cd /u5/w223zhan/macro-place-challenge-2026/external/DREAMPlace/build && /usr/bin/cmake -E cmake_depends "Unix Makefiles" /u5/w223zhan/macro-place-challenge-2026/external/DREAMPlace /u5/w223zhan/macro-place-challenge-2026/external/DREAMPlace/dreamplace/ops/logsumexp_wirelength /u5/w223zhan/macro-place-challenge-2026/external/DREAMPlace/build /u5/w223zhan/macro-place-challenge-2026/external/DREAMPlace/build/dreamplace/ops/logsumexp_wirelength /u5/w223zhan/macro-place-challenge-2026/external/DREAMPlace/build/dreamplace/ops/logsumexp_wirelength/CMakeFiles/logsumexp_wirelength_cuda_atomic.dir/DependInfo.cmake --color=
Consolidate compiler generated dependencies of target logsumexp_wirelength_cuda_atomic
gmake[2]: Leaving directory '/u5/w223zhan/macro-place-challenge-2026/external/DREAMPlace/build'
/usr/bin/gmake  -f dreamplace/ops/logsumexp_wirelength/CMakeFiles/logsumexp_wirelength_cuda_atomic.dir/build.make dreamplace/ops/logsumexp_wirelength/CMakeFiles/logsumexp_wirelength_cuda_atomic.dir/build
gmake[2]: Entering directory '/u5/w223zhan/macro-place-challenge-2026/external/DREAMPlace/build'
gmake[2]: Nothing to be done for 'dreamplace/ops/logsumexp_wirelength/CMakeFiles/logsumexp_wirelength_cuda_atomic.dir/build'.
gmake[2]: Leaving directory '/u5/w223zhan/macro-place-challenge-2026/external/DREAMPlace/build'
[100%] Built target logsumexp_wirelength_cuda_atomic
gmake[1]: Leaving directory '/u5/w223zhan/macro-place-challenge-2026/external/DREAMPlace/build'
/usr/bin/cmake -E cmake_progress_start /u5/w223zhan/macro-place-challenge-2026/external/DREAMPlace/build/CMakeFiles 0
Installing to /u5/w223zhan/macro-place-challenge-2026/external/DREAMPlace/install ...
-- Install configuration: "Release"
-- Up-to-date: /u5/w223zhan/macro-place-challenge-2026/external/DREAMPlace/install/thirdparty/flute/libflute.a
-- Up-to-date: /u5/w223zhan/macro-place-challenge-2026/external/DREAMPlace/install/thirdparty/flute/lut.ICCAD2015
-- Up-to-date: /u5/w223zhan/macro-place-challenge-2026/external/DREAMPlace/install/thirdparty/flute/lut.ICCAD2015/POWV9.dat
-- Up-to-date: /u5/w223zhan/macro-place-challenge-2026/external/DREAMPlace/install/thirdparty/flute/lut.ICCAD2015/POST9.dat
-- Up-to-date: /u5/w223zhan/macro-place-challenge-2026/external/DREAMPlace/install/lib/libmunkres.a
-- Up-to-date: /u5/w223zhan/macro-place-challenge-2026/external/DREAMPlace/install/include/munkres/matrix.h
-- Up-to-date: /u5/w223zhan/macro-place-challenge-2026/external/DREAMPlace/install/include/munkres/matrix.cpp
-- Up-to-date: /u5/w223zhan/macro-place-challenge-2026/external/DREAMPlace/install/include/munkres/munkres.h
-- Up-to-date: /u5/w223zhan/macro-place-challenge-2026/external/DREAMPlace/install/include/munkres/adapters/adapter.h
-- Up-to-date: /u5/w223zhan/macro-place-challenge-2026/external/DREAMPlace/install/include/ot
-- Up-to-date: /u5/w223zhan/macro-place-challenge-2026/external/DREAMPlace/install/include/ot/spef
-- Up-to-date: /u5/w223zhan/macro-place-challenge-2026/external/DREAMPlace/install/include/ot/spef/spef.hpp
-- Up-to-date: /u5/w223zhan/macro-place-challenge-2026/external/DREAMPlace/install/include/ot/spef/spef.cpp
-- Up-to-date: /u5/w223zhan/macro-place-challenge-2026/external/DREAMPlace/install/include/ot/patch
-- Up-to-date: /u5/w223zhan/macro-place-challenge-2026/external/DREAMPlace/install/include/ot/patch/clang_variant.hpp
-- Up-to-date: /u5/w223zhan/macro-place-challenge-2026/external/DREAMPlace/install/include/ot/unit
-- Up-to-date: /u5/w223zhan/macro-place-challenge-2026/external/DREAMPlace/install/include/ot/unit/unit.cpp
-- Up-to-date: /u5/w223zhan/macro-place-challenge-2026/external/DREAMPlace/install/include/ot/unit/unit.hpp
-- Up-to-date: /u5/w223zhan/macro-place-challenge-2026/external/DREAMPlace/install/include/ot/unit/units.hpp
-- Up-to-date: /u5/w223zhan/macro-place-challenge-2026/external/DREAMPlace/install/include/ot/verilog
-- Up-to-date: /u5/w223zhan/macro-place-challenge-2026/external/DREAMPlace/install/include/ot/verilog/verilog.hpp
-- Up-to-date: /u5/w223zhan/macro-place-challenge-2026/external/DREAMPlace/install/include/ot/verilog/verilog.cpp
-- Up-to-date: /u5/w223zhan/macro-place-challenge-2026/external/DREAMPlace/install/include/ot/config.hpp.in
-- Up-to-date: /u5/w223zhan/macro-place-challenge-2026/external/DREAMPlace/install/include/ot/tau
-- Up-to-date: /u5/w223zhan/macro-place-challenge-2026/external/DREAMPlace/install/include/ot/tau/tau15.cpp
-- Up-to-date: /u5/w223zhan/macro-place-challenge-2026/external/DREAMPlace/install/include/ot/tau/tau15.hpp
-- Up-to-date: /u5/w223zhan/macro-place-challenge-2026/external/DREAMPlace/install/include/ot/traits.hpp
-- Up-to-date: /u5/w223zhan/macro-place-challenge-2026/external/DREAMPlace/install/include/ot/utility
-- Up-to-date: /u5/w223zhan/macro-place-challenge-2026/external/DREAMPlace/install/include/ot/utility/lambda.hpp
-- Up-to-date: /u5/w223zhan/macro-place-challenge-2026/external/DREAMPlace/install/include/ot/utility/unique_guard.hpp
-- Up-to-date: /u5/w223zhan/macro-place-challenge-2026/external/DREAMPlace/install/include/ot/utility/utility.hpp
-- Up-to-date: /u5/w223zhan/macro-place-challenge-2026/external/DREAMPlace/install/include/ot/utility/CLI11.hpp
-- Up-to-date: /u5/w223zhan/macro-place-challenge-2026/external/DREAMPlace/install/include/ot/utility/os.cpp
-- Up-to-date: /u5/w223zhan/macro-place-challenge-2026/external/DREAMPlace/install/include/ot/utility/os.hpp
-- Up-to-date: /u5/w223zhan/macro-place-challenge-2026/external/DREAMPlace/install/include/ot/utility/index.hpp
-- Up-to-date: /u5/w223zhan/macro-place-challenge-2026/external/DREAMPlace/install/include/ot/utility/tokenizer.cpp
-- Up-to-date: /u5/w223zhan/macro-place-challenge-2026/external/DREAMPlace/install/include/ot/utility/tokenizer.hpp
-- Up-to-date: /u5/w223zhan/macro-place-challenge-2026/external/DREAMPlace/install/include/ot/utility/scope_guard.hpp
-- Up-to-date: /u5/w223zhan/macro-place-challenge-2026/external/DREAMPlace/install/include/ot/utility/singleton.hpp
-- Up-to-date: /u5/w223zhan/macro-place-challenge-2026/external/DREAMPlace/install/include/ot/utility/logger.hpp
-- Up-to-date: /u5/w223zhan/macro-place-challenge-2026/external/DREAMPlace/install/include/ot/config.hpp
-- Up-to-date: /u5/w223zhan/macro-place-challenge-2026/external/DREAMPlace/install/include/ot/headerdef.hpp
-- Up-to-date: /u5/w223zhan/macro-place-challenge-2026/external/DREAMPlace/install/include/ot/sdc
-- Up-to-date: /u5/w223zhan/macro-place-challenge-2026/external/DREAMPlace/install/include/ot/sdc/tokenize.hpp
-- Up-to-date: /u5/w223zhan/macro-place-challenge-2026/external/DREAMPlace/install/include/ot/sdc/sdc1.7.tcl
-- Up-to-date: /u5/w223zhan/macro-place-challenge-2026/external/DREAMPlace/install/include/ot/sdc/sdc1.9.tcl
-- Up-to-date: /u5/w223zhan/macro-place-challenge-2026/external/DREAMPlace/install/include/ot/sdc/tokenize.cpp
-- Up-to-date: /u5/w223zhan/macro-place-challenge-2026/external/DREAMPlace/install/include/ot/sdc/sdc1.8.tcl
-- Up-to-date: /u5/w223zhan/macro-place-challenge-2026/external/DREAMPlace/install/include/ot/sdc/sdc1.1.tcl
-- Up-to-date: /u5/w223zhan/macro-place-challenge-2026/external/DREAMPlace/install/include/ot/sdc/sdc1.6.tcl
-- Up-to-date: /u5/w223zhan/macro-place-challenge-2026/external/DREAMPlace/install/include/ot/sdc/sdc2.0.tcl
-- Up-to-date: /u5/w223zhan/macro-place-challenge-2026/external/DREAMPlace/install/include/ot/sdc/sdc.cpp
-- Up-to-date: /u5/w223zhan/macro-place-challenge-2026/external/DREAMPlace/install/include/ot/sdc/json
-- Up-to-date: /u5/w223zhan/macro-place-challenge-2026/external/DREAMPlace/install/include/ot/sdc/json/json.test
-- Up-to-date: /u5/w223zhan/macro-place-challenge-2026/external/DREAMPlace/install/include/ot/sdc/json/ChangeLog
-- Up-to-date: /u5/w223zhan/macro-place-challenge-2026/external/DREAMPlace/install/include/ot/sdc/json/json.testsuite
-- Up-to-date: /u5/w223zhan/macro-place-challenge-2026/external/DREAMPlace/install/include/ot/sdc/json/json_tcl.tcl
-- Up-to-date: /u5/w223zhan/macro-place-challenge-2026/external/DREAMPlace/install/include/ot/sdc/json/json.bench
-- Up-to-date: /u5/w223zhan/macro-place-challenge-2026/external/DREAMPlace/install/include/ot/sdc/json/json_write.tcl
-- Up-to-date: /u5/w223zhan/macro-place-challenge-2026/external/DREAMPlace/install/include/ot/sdc/json/json.man
-- Up-to-date: /u5/w223zhan/macro-place-challenge-2026/external/DREAMPlace/install/include/ot/sdc/json/json.pcx
-- Up-to-date: /u5/w223zhan/macro-place-challenge-2026/external/DREAMPlace/install/include/ot/sdc/json/json.tcl
-- Up-to-date: /u5/w223zhan/macro-place-challenge-2026/external/DREAMPlace/install/include/ot/sdc/json/tests
-- Up-to-date: /u5/w223zhan/macro-place-challenge-2026/external/DREAMPlace/install/include/ot/sdc/json/tests/array.json
-- Up-to-date: /u5/w223zhan/macro-place-challenge-2026/external/DREAMPlace/install/include/ot/sdc/json/tests/menu2.result
-- Up-to-date: /u5/w223zhan/macro-place-challenge-2026/external/DREAMPlace/install/include/ot/sdc/json/tests/array.sort
-- Up-to-date: /u5/w223zhan/macro-place-challenge-2026/external/DREAMPlace/install/include/ot/sdc/json/tests/array.result
-- Up-to-date: /u5/w223zhan/macro-place-challenge-2026/external/DREAMPlace/install/include/ot/sdc/json/tests/menu2.sort
-- Up-to-date: /u5/w223zhan/macro-place-challenge-2026/external/DREAMPlace/install/include/ot/sdc/json/tests/support.tcl
-- Up-to-date: /u5/w223zhan/macro-place-challenge-2026/external/DREAMPlace/install/include/ot/sdc/json/tests/menu2.json
-- Up-to-date: /u5/w223zhan/macro-place-challenge-2026/external/DREAMPlace/install/include/ot/sdc/json/tests/menu.result
-- Up-to-date: /u5/w223zhan/macro-place-challenge-2026/external/DREAMPlace/install/include/ot/sdc/json/tests/menu.json
-- Up-to-date: /u5/w223zhan/macro-place-challenge-2026/external/DREAMPlace/install/include/ot/sdc/json/tests/widget.result
-- Up-to-date: /u5/w223zhan/macro-place-challenge-2026/external/DREAMPlace/install/include/ot/sdc/json/tests/menu.sort
-- Up-to-date: /u5/w223zhan/macro-place-challenge-2026/external/DREAMPlace/install/include/ot/sdc/json/tests/widget.sort
-- Up-to-date: /u5/w223zhan/macro-place-challenge-2026/external/DREAMPlace/install/include/ot/sdc/json/tests/glossary.sort
-- Up-to-date: /u5/w223zhan/macro-place-challenge-2026/external/DREAMPlace/install/include/ot/sdc/json/tests/glossary.json
-- Up-to-date: /u5/w223zhan/macro-place-challenge-2026/external/DREAMPlace/install/include/ot/sdc/json/tests/widget.json
-- Up-to-date: /u5/w223zhan/macro-place-challenge-2026/external/DREAMPlace/install/include/ot/sdc/json/tests/glossary.result
-- Up-to-date: /u5/w223zhan/macro-place-challenge-2026/external/DREAMPlace/install/include/ot/sdc/json/json_write.man
-- Up-to-date: /u5/w223zhan/macro-place-challenge-2026/external/DREAMPlace/install/include/ot/sdc/json/jsonc.tcl
-- Up-to-date: /u5/w223zhan/macro-place-challenge-2026/external/DREAMPlace/install/include/ot/sdc/json/json_write.pcx
-- Up-to-date: /u5/w223zhan/macro-place-challenge-2026/external/DREAMPlace/install/include/ot/sdc/json/json_write.test
-- Up-to-date: /u5/w223zhan/macro-place-challenge-2026/external/DREAMPlace/install/include/ot/sdc/json/pkgIndex.tcl
-- Up-to-date: /u5/w223zhan/macro-place-challenge-2026/external/DREAMPlace/install/include/ot/sdc/json/c
-- Up-to-date: /u5/w223zhan/macro-place-challenge-2026/external/DREAMPlace/install/include/ot/sdc/json/c/json.y
-- Up-to-date: /u5/w223zhan/macro-place-challenge-2026/external/DREAMPlace/install/include/ot/sdc/json/c/json.tab.c
-- Up-to-date: /u5/w223zhan/macro-place-challenge-2026/external/DREAMPlace/install/include/ot/sdc/json/c/json_y.h
-- Up-to-date: /u5/w223zhan/macro-place-challenge-2026/external/DREAMPlace/install/include/ot/sdc/sdc1.5.tcl
-- Up-to-date: /u5/w223zhan/macro-place-challenge-2026/external/DREAMPlace/install/include/ot/sdc/sdc.hpp
-- Up-to-date: /u5/w223zhan/macro-place-challenge-2026/external/DREAMPlace/install/include/ot/sdc/sdc1.2.tcl
-- Up-to-date: /u5/w223zhan/macro-place-challenge-2026/external/DREAMPlace/install/include/ot/sdc/sdc.tcl
-- Up-to-date: /u5/w223zhan/macro-place-challenge-2026/external/DREAMPlace/install/include/ot/sdc/sdcparsercore.tcl
-- Up-to-date: /u5/w223zhan/macro-place-challenge-2026/external/DREAMPlace/install/include/ot/sdc/sdcparser.tcl
-- Up-to-date: /u5/w223zhan/macro-place-challenge-2026/external/DREAMPlace/install/include/ot/sdc/object.cpp
-- Up-to-date: /u5/w223zhan/macro-place-challenge-2026/external/DREAMPlace/install/include/ot/sdc/mask.hpp
-- Up-to-date: /u5/w223zhan/macro-place-challenge-2026/external/DREAMPlace/install/include/ot/sdc/sdc1.3.tcl
-- Up-to-date: /u5/w223zhan/macro-place-challenge-2026/external/DREAMPlace/install/include/ot/sdc/sdc1.4.tcl
-- Up-to-date: /u5/w223zhan/macro-place-challenge-2026/external/DREAMPlace/install/include/ot/sdc/object.hpp
-- Up-to-date: /u5/w223zhan/macro-place-challenge-2026/external/DREAMPlace/install/include/ot/shell
-- Up-to-date: /u5/w223zhan/macro-place-challenge-2026/external/DREAMPlace/install/include/ot/shell/builder.cpp
-- Up-to-date: /u5/w223zhan/macro-place-challenge-2026/external/DREAMPlace/install/include/ot/shell/dump.cpp
-- Up-to-date: /u5/w223zhan/macro-place-challenge-2026/external/DREAMPlace/install/include/ot/shell/misc.cpp
-- Up-to-date: /u5/w223zhan/macro-place-challenge-2026/external/DREAMPlace/install/include/ot/shell/obselete.cpp
-- Up-to-date: /u5/w223zhan/macro-place-challenge-2026/external/DREAMPlace/install/include/ot/shell/action.cpp
-- Up-to-date: /u5/w223zhan/macro-place-challenge-2026/external/DREAMPlace/install/include/ot/shell/shell.cpp
-- Up-to-date: /u5/w223zhan/macro-place-challenge-2026/external/DREAMPlace/install/include/ot/shell/shell.hpp
-- Up-to-date: /u5/w223zhan/macro-place-challenge-2026/external/DREAMPlace/install/include/ot/shell/prompt.hpp
-- Up-to-date: /u5/w223zhan/macro-place-challenge-2026/external/DREAMPlace/install/include/ot/exception.hpp
-- Up-to-date: /u5/w223zhan/macro-place-challenge-2026/external/DREAMPlace/install/include/ot/json
-- Up-to-date: /u5/w223zhan/macro-place-challenge-2026/external/DREAMPlace/install/include/ot/json/json.hpp
-- Up-to-date: /u5/w223zhan/macro-place-challenge-2026/external/DREAMPlace/install/include/ot/timer
-- Up-to-date: /u5/w223zhan/macro-place-challenge-2026/external/DREAMPlace/install/include/ot/timer/gate.hpp
-- Up-to-date: /u5/w223zhan/macro-place-challenge-2026/external/DREAMPlace/install/include/ot/timer/net.cpp
-- Up-to-date: /u5/w223zhan/macro-place-challenge-2026/external/DREAMPlace/install/include/ot/timer/pfxt.cpp
-- Up-to-date: /u5/w223zhan/macro-place-challenge-2026/external/DREAMPlace/install/include/ot/timer/arc.hpp
-- Up-to-date: /u5/w223zhan/macro-place-challenge-2026/external/DREAMPlace/install/include/ot/timer/gate.cpp
-- Up-to-date: /u5/w223zhan/macro-place-challenge-2026/external/DREAMPlace/install/include/ot/timer/arc.cpp
-- Up-to-date: /u5/w223zhan/macro-place-challenge-2026/external/DREAMPlace/install/include/ot/timer/unit.cpp
-- Up-to-date: /u5/w223zhan/macro-place-challenge-2026/external/DREAMPlace/install/include/ot/timer/pfxt.hpp
-- Up-to-date: /u5/w223zhan/macro-place-challenge-2026/external/DREAMPlace/install/include/ot/timer/net.hpp
-- Up-to-date: /u5/w223zhan/macro-place-challenge-2026/external/DREAMPlace/install/include/ot/timer/cppr.hpp
-- Up-to-date: /u5/w223zhan/macro-place-challenge-2026/external/DREAMPlace/install/include/ot/timer/cppr.cpp
-- Up-to-date: /u5/w223zhan/macro-place-challenge-2026/external/DREAMPlace/install/include/ot/timer/sdc.cpp
-- Up-to-date: /u5/w223zhan/macro-place-challenge-2026/external/DREAMPlace/install/include/ot/timer/celllib.cpp
-- Up-to-date: /u5/w223zhan/macro-place-challenge-2026/external/DREAMPlace/install/include/ot/timer/pin.hpp
-- Up-to-date: /u5/w223zhan/macro-place-challenge-2026/external/DREAMPlace/install/include/ot/timer/endpoint.hpp
-- Up-to-date: /u5/w223zhan/macro-place-challenge-2026/external/DREAMPlace/install/include/ot/timer/test.hpp
-- Up-to-date: /u5/w223zhan/macro-place-challenge-2026/external/DREAMPlace/install/include/ot/timer/spef.cpp
-- Up-to-date: /u5/w223zhan/macro-place-challenge-2026/external/DREAMPlace/install/include/ot/timer/test.cpp
-- Up-to-date: /u5/w223zhan/macro-place-challenge-2026/external/DREAMPlace/install/include/ot/timer/endpoint.cpp
-- Up-to-date: /u5/w223zhan/macro-place-challenge-2026/external/DREAMPlace/install/include/ot/timer/pin.cpp
-- Up-to-date: /u5/w223zhan/macro-place-challenge-2026/external/DREAMPlace/install/include/ot/timer/sfxt.hpp
-- Up-to-date: /u5/w223zhan/macro-place-challenge-2026/external/DREAMPlace/install/include/ot/timer/dump.cpp
-- Up-to-date: /u5/w223zhan/macro-place-challenge-2026/external/DREAMPlace/install/include/ot/timer/timer.cpp
-- Up-to-date: /u5/w223zhan/macro-place-challenge-2026/external/DREAMPlace/install/include/ot/timer/clock.cpp
-- Up-to-date: /u5/w223zhan/macro-place-challenge-2026/external/DREAMPlace/install/include/ot/timer/scc.cpp
-- Up-to-date: /u5/w223zhan/macro-place-challenge-2026/external/DREAMPlace/install/include/ot/timer/path.cpp
-- Up-to-date: /u5/w223zhan/macro-place-challenge-2026/external/DREAMPlace/install/include/ot/timer/sfxt.cpp
-- Up-to-date: /u5/w223zhan/macro-place-challenge-2026/external/DREAMPlace/install/include/ot/timer/scc.hpp
-- Up-to-date: /u5/w223zhan/macro-place-challenge-2026/external/DREAMPlace/install/include/ot/timer/path.hpp
-- Up-to-date: /u5/w223zhan/macro-place-challenge-2026/external/DREAMPlace/install/include/ot/timer/clock.hpp
-- Up-to-date: /u5/w223zhan/macro-place-challenge-2026/external/DREAMPlace/install/include/ot/timer/verilog.cpp
-- Up-to-date: /u5/w223zhan/macro-place-challenge-2026/external/DREAMPlace/install/include/ot/timer/timer.hpp
-- Up-to-date: /u5/w223zhan/macro-place-challenge-2026/external/DREAMPlace/install/include/ot/static
-- Up-to-date: /u5/w223zhan/macro-place-challenge-2026/external/DREAMPlace/install/include/ot/static/thread.hpp
-- Up-to-date: /u5/w223zhan/macro-place-challenge-2026/external/DREAMPlace/install/include/ot/static/logger.hpp
-- Up-to-date: /u5/w223zhan/macro-place-challenge-2026/external/DREAMPlace/install/include/ot/policy.hpp
-- Up-to-date: /u5/w223zhan/macro-place-challenge-2026/external/DREAMPlace/install/include/ot/parser-spef
-- Up-to-date: /u5/w223zhan/macro-place-challenge-2026/external/DREAMPlace/install/include/ot/parser-spef/parser-spef.hpp
-- Up-to-date: /u5/w223zhan/macro-place-challenge-2026/external/DREAMPlace/install/include/ot/parser-spef/pegtl
-- Up-to-date: /u5/w223zhan/macro-place-challenge-2026/external/DREAMPlace/install/include/ot/parser-spef/pegtl/pegtl.hpp
-- Up-to-date: /u5/w223zhan/macro-place-challenge-2026/external/DREAMPlace/install/include/ot/parser-spef/pegtl/LICENSE
-- Up-to-date: /u5/w223zhan/macro-place-challenge-2026/external/DREAMPlace/install/include/ot/parser-spef/pegtl/pegtl
-- Up-to-date: /u5/w223zhan/macro-place-challenge-2026/external/DREAMPlace/install/include/ot/parser-spef/pegtl/pegtl/uint8.hpp
-- Up-to-date: /u5/w223zhan/macro-place-challenge-2026/external/DREAMPlace/install/include/ot/parser-spef/pegtl/pegtl/normal.hpp
-- Up-to-date: /u5/w223zhan/macro-place-challenge-2026/external/DREAMPlace/install/include/ot/parser-spef/pegtl/pegtl/position.hpp
-- Up-to-date: /u5/w223zhan/macro-place-challenge-2026/external/DREAMPlace/install/include/ot/parser-spef/pegtl/pegtl/rewind_mode.hpp
-- Up-to-date: /u5/w223zhan/macro-place-challenge-2026/external/DREAMPlace/install/include/ot/parser-spef/pegtl/pegtl/memory_input.hpp
-- Up-to-date: /u5/w223zhan/macro-place-challenge-2026/external/DREAMPlace/install/include/ot/parser-spef/pegtl/pegtl/cstream_input.hpp
-- Up-to-date: /u5/w223zhan/macro-place-challenge-2026/external/DREAMPlace/install/include/ot/parser-spef/pegtl/pegtl/rules.hpp
-- Up-to-date: /u5/w223zhan/macro-place-challenge-2026/external/DREAMPlace/install/include/ot/parser-spef/pegtl/pegtl/eol_pair.hpp
-- Up-to-date: /u5/w223zhan/macro-place-challenge-2026/external/DREAMPlace/install/include/ot/parser-spef/pegtl/pegtl/read_input.hpp
-- Up-to-date: /u5/w223zhan/macro-place-challenge-2026/external/DREAMPlace/install/include/ot/parser-spef/pegtl/pegtl/apply_mode.hpp
-- Up-to-date: /u5/w223zhan/macro-place-challenge-2026/external/DREAMPlace/install/include/ot/parser-spef/pegtl/pegtl/analysis
-- Up-to-date: /u5/w223zhan/macro-place-challenge-2026/external/DREAMPlace/install/include/ot/parser-spef/pegtl/pegtl/analysis/grammar_info.hpp
-- Up-to-date: /u5/w223zhan/macro-place-challenge-2026/external/DREAMPlace/install/include/ot/parser-spef/pegtl/pegtl/analysis/generic.hpp
-- Up-to-date: /u5/w223zhan/macro-place-challenge-2026/external/DREAMPlace/install/include/ot/parser-spef/pegtl/pegtl/analysis/insert_guard.hpp
-- Up-to-date: /u5/w223zhan/macro-place-challenge-2026/external/DREAMPlace/install/include/ot/parser-spef/pegtl/pegtl/analysis/rule_type.hpp
-- Up-to-date: /u5/w223zhan/macro-place-challenge-2026/external/DREAMPlace/install/include/ot/parser-spef/pegtl/pegtl/analysis/insert_rules.hpp
-- Up-to-date: /u5/w223zhan/macro-place-challenge-2026/external/DREAMPlace/install/include/ot/parser-spef/pegtl/pegtl/analysis/rule_info.hpp
-- Up-to-date: /u5/w223zhan/macro-place-challenge-2026/external/DREAMPlace/install/include/ot/parser-spef/pegtl/pegtl/analysis/analyze_cycles.hpp
-- Up-to-date: /u5/w223zhan/macro-place-challenge-2026/external/DREAMPlace/install/include/ot/parser-spef/pegtl/pegtl/analysis/counted.hpp
-- Up-to-date: /u5/w223zhan/macro-place-challenge-2026/external/DREAMPlace/install/include/ot/parser-spef/pegtl/pegtl/input_error.hpp
-- Up-to-date: /u5/w223zhan/macro-place-challenge-2026/external/DREAMPlace/install/include/ot/parser-spef/pegtl/pegtl/parse_error.hpp
-- Up-to-date: /u5/w223zhan/macro-place-challenge-2026/external/DREAMPlace/install/include/ot/parser-spef/pegtl/pegtl/utf8.hpp
-- Up-to-date: /u5/w223zhan/macro-place-challenge-2026/external/DREAMPlace/install/include/ot/parser-spef/pegtl/pegtl/string_input.hpp
-- Up-to-date: /u5/w223zhan/macro-place-challenge-2026/external/DREAMPlace/install/include/ot/parser-spef/pegtl/pegtl/utf16.hpp
-- Up-to-date: /u5/w223zhan/macro-place-challenge-2026/external/DREAMPlace/install/include/ot/parser-spef/pegtl/pegtl/analyze.hpp
-- Up-to-date: /u5/w223zhan/macro-place-challenge-2026/external/DREAMPlace/install/include/ot/parser-spef/pegtl/pegtl/parse.hpp
-- Up-to-date: /u5/w223zhan/macro-place-challenge-2026/external/DREAMPlace/install/include/ot/parser-spef/pegtl/pegtl/tracking_mode.hpp
-- Up-to-date: /u5/w223zhan/macro-place-challenge-2026/external/DREAMPlace/install/include/ot/parser-spef/pegtl/pegtl/config.hpp
-- Up-to-date: /u5/w223zhan/macro-place-challenge-2026/external/DREAMPlace/install/include/ot/parser-spef/pegtl/pegtl/utf32.hpp
-- Up-to-date: /u5/w223zhan/macro-place-challenge-2026/external/DREAMPlace/install/include/ot/parser-spef/pegtl/pegtl/contrib
-- Up-to-date: /u5/w223zhan/macro-place-challenge-2026/external/DREAMPlace/install/include/ot/parser-spef/pegtl/pegtl/contrib/unescape.hpp
-- Up-to-date: /u5/w223zhan/macro-place-challenge-2026/external/DREAMPlace/install/include/ot/parser-spef/pegtl/pegtl/contrib/changes.hpp
-- Up-to-date: /u5/w223zhan/macro-place-challenge-2026/external/DREAMPlace/install/include/ot/parser-spef/pegtl/pegtl/contrib/tracer.hpp
-- Up-to-date: /u5/w223zhan/macro-place-challenge-2026/external/DREAMPlace/install/include/ot/parser-spef/pegtl/pegtl/contrib/rep_one_min_max.hpp
-- Up-to-date: /u5/w223zhan/macro-place-challenge-2026/external/DREAMPlace/install/include/ot/parser-spef/pegtl/pegtl/contrib/json.hpp
-- Up-to-date: /u5/w223zhan/macro-place-challenge-2026/external/DREAMPlace/install/include/ot/parser-spef/pegtl/pegtl/contrib/integer.hpp
-- Up-to-date: /u5/w223zhan/macro-place-challenge-2026/external/DREAMPlace/install/include/ot/parser-spef/pegtl/pegtl/contrib/uri.hpp
-- Up-to-date: /u5/w223zhan/macro-place-challenge-2026/external/DREAMPlace/install/include/ot/parser-spef/pegtl/pegtl/contrib/alphabet.hpp
-- Up-to-date: /u5/w223zhan/macro-place-challenge-2026/external/DREAMPlace/install/include/ot/parser-spef/pegtl/pegtl/contrib/counter.hpp
-- Up-to-date: /u5/w223zhan/macro-place-challenge-2026/external/DREAMPlace/install/include/ot/parser-spef/pegtl/pegtl/contrib/parse_tree.hpp
-- Up-to-date: /u5/w223zhan/macro-place-challenge-2026/external/DREAMPlace/install/include/ot/parser-spef/pegtl/pegtl/contrib/to_string.hpp
-- Up-to-date: /u5/w223zhan/macro-place-challenge-2026/external/DREAMPlace/install/include/ot/parser-spef/pegtl/pegtl/contrib/abnf.hpp
-- Up-to-date: /u5/w223zhan/macro-place-challenge-2026/external/DREAMPlace/install/include/ot/parser-spef/pegtl/pegtl/contrib/raw_string.hpp
-- Up-to-date: /u5/w223zhan/macro-place-challenge-2026/external/DREAMPlace/install/include/ot/parser-spef/pegtl/pegtl/contrib/icu
-- Up-to-date: /u5/w223zhan/macro-place-challenge-2026/external/DREAMPlace/install/include/ot/parser-spef/pegtl/pegtl/contrib/icu/utf32.hpp
-- Up-to-date: /u5/w223zhan/macro-place-challenge-2026/external/DREAMPlace/install/include/ot/parser-spef/pegtl/pegtl/contrib/icu/utf16.hpp
-- Up-to-date: /u5/w223zhan/macro-place-challenge-2026/external/DREAMPlace/install/include/ot/parser-spef/pegtl/pegtl/contrib/icu/internal.hpp
-- Up-to-date: /u5/w223zhan/macro-place-challenge-2026/external/DREAMPlace/install/include/ot/parser-spef/pegtl/pegtl/contrib/icu/utf8.hpp
-- Up-to-date: /u5/w223zhan/macro-place-challenge-2026/external/DREAMPlace/install/include/ot/parser-spef/pegtl/pegtl/contrib/http.hpp
-- Up-to-date: /u5/w223zhan/macro-place-challenge-2026/external/DREAMPlace/install/include/ot/parser-spef/pegtl/pegtl/mmap_input.hpp
-- Up-to-date: /u5/w223zhan/macro-place-challenge-2026/external/DREAMPlace/install/include/ot/parser-spef/pegtl/pegtl/istream_input.hpp
-- Up-to-date: /u5/w223zhan/macro-place-challenge-2026/external/DREAMPlace/install/include/ot/parser-spef/pegtl/pegtl/uint64.hpp
-- Up-to-date: /u5/w223zhan/macro-place-challenge-2026/external/DREAMPlace/install/include/ot/parser-spef/pegtl/pegtl/argv_input.hpp
-- Up-to-date: /u5/w223zhan/macro-place-challenge-2026/external/DREAMPlace/install/include/ot/parser-spef/pegtl/pegtl/eol.hpp
-- Up-to-date: /u5/w223zhan/macro-place-challenge-2026/external/DREAMPlace/install/include/ot/parser-spef/pegtl/pegtl/ascii.hpp
-- Up-to-date: /u5/w223zhan/macro-place-challenge-2026/external/DREAMPlace/install/include/ot/parser-spef/pegtl/pegtl/uint16.hpp
-- Up-to-date: /u5/w223zhan/macro-place-challenge-2026/external/DREAMPlace/install/include/ot/parser-spef/pegtl/pegtl/version.hpp
-- Up-to-date: /u5/w223zhan/macro-place-challenge-2026/external/DREAMPlace/install/include/ot/parser-spef/pegtl/pegtl/nothing.hpp
-- Up-to-date: /u5/w223zhan/macro-place-challenge-2026/external/DREAMPlace/install/include/ot/parser-spef/pegtl/pegtl/uint32.hpp
-- Up-to-date: /u5/w223zhan/macro-place-challenge-2026/external/DREAMPlace/install/include/ot/parser-spef/pegtl/pegtl/file_input.hpp
-- Up-to-date: /u5/w223zhan/macro-place-challenge-2026/external/DREAMPlace/install/include/ot/parser-spef/pegtl/pegtl/internal
-- Up-to-date: /u5/w223zhan/macro-place-challenge-2026/external/DREAMPlace/install/include/ot/parser-spef/pegtl/pegtl/internal/require.hpp
-- Up-to-date: /u5/w223zhan/macro-place-challenge-2026/external/DREAMPlace/install/include/ot/parser-spef/pegtl/pegtl/internal/peek_uint8.hpp
-- Up-to-date: /u5/w223zhan/macro-place-challenge-2026/external/DREAMPlace/install/include/ot/parser-spef/pegtl/pegtl/internal/result_on_found.hpp
-- Up-to-date: /u5/w223zhan/macro-place-challenge-2026/external/DREAMPlace/install/include/ot/parser-spef/pegtl/pegtl/internal/action.hpp
-- Up-to-date: /u5/w223zhan/macro-place-challenge-2026/external/DREAMPlace/install/include/ot/parser-spef/pegtl/pegtl/internal/pad.hpp
-- Up-to-date: /u5/w223zhan/macro-place-challenge-2026/external/DREAMPlace/install/include/ot/parser-spef/pegtl/pegtl/internal/rep.hpp
-- Up-to-date: /u5/w223zhan/macro-place-challenge-2026/external/DREAMPlace/install/include/ot/parser-spef/pegtl/pegtl/internal/cstring_reader.hpp
-- Up-to-date: /u5/w223zhan/macro-place-challenge-2026/external/DREAMPlace/install/include/ot/parser-spef/pegtl/pegtl/internal/endian_gcc.hpp
-- Up-to-date: /u5/w223zhan/macro-place-challenge-2026/external/DREAMPlace/install/include/ot/parser-spef/pegtl/pegtl/internal/alpha.hpp
-- Up-to-date: /u5/w223zhan/macro-place-challenge-2026/external/DREAMPlace/install/include/ot/parser-spef/pegtl/pegtl/internal/skip_control.hpp
-- Up-to-date: /u5/w223zhan/macro-place-challenge-2026/external/DREAMPlace/install/include/ot/parser-spef/pegtl/pegtl/internal/control.hpp
-- Up-to-date: /u5/w223zhan/macro-place-challenge-2026/external/DREAMPlace/install/include/ot/parser-spef/pegtl/pegtl/internal/range.hpp
-- Up-to-date: /u5/w223zhan/macro-place-challenge-2026/external/DREAMPlace/install/include/ot/parser-spef/pegtl/pegtl/internal/if_then_else.hpp
-- Up-to-date: /u5/w223zhan/macro-place-challenge-2026/external/DREAMPlace/install/include/ot/parser-spef/pegtl/pegtl/internal/pad_opt.hpp
-- Up-to-date: /u5/w223zhan/macro-place-challenge-2026/external/DREAMPlace/install/include/ot/parser-spef/pegtl/pegtl/internal/identifier.hpp
-- Up-to-date: /u5/w223zhan/macro-place-challenge-2026/external/DREAMPlace/install/include/ot/parser-spef/pegtl/pegtl/internal/cr_crlf_eol.hpp
-- Up-to-date: /u5/w223zhan/macro-place-challenge-2026/external/DREAMPlace/install/include/ot/parser-spef/pegtl/pegtl/internal/integer_sequence.hpp
-- Up-to-date: /u5/w223zhan/macro-place-challenge-2026/external/DREAMPlace/install/include/ot/parser-spef/pegtl/pegtl/internal/until.hpp
-- Up-to-date: /u5/w223zhan/macro-place-challenge-2026/external/DREAMPlace/install/include/ot/parser-spef/pegtl/pegtl/internal/plus.hpp
-- Up-to-date: /u5/w223zhan/macro-place-challenge-2026/external/DREAMPlace/install/include/ot/parser-spef/pegtl/pegtl/internal/disable.hpp
-- Up-to-date: /u5/w223zhan/macro-place-challenge-2026/external/DREAMPlace/install/include/ot/parser-spef/pegtl/pegtl/internal/one.hpp
-- Up-to-date: /u5/w223zhan/macro-place-challenge-2026/external/DREAMPlace/install/include/ot/parser-spef/pegtl/pegtl/internal/file_mapper_win32.hpp
-- Up-to-date: /u5/w223zhan/macro-place-challenge-2026/external/DREAMPlace/install/include/ot/parser-spef/pegtl/pegtl/internal/list.hpp
-- Up-to-date: /u5/w223zhan/macro-place-challenge-2026/external/DREAMPlace/install/include/ot/parser-spef/pegtl/pegtl/internal/istream_reader.hpp
-- Up-to-date: /u5/w223zhan/macro-place-challenge-2026/external/DREAMPlace/install/include/ot/parser-spef/pegtl/pegtl/internal/not_at.hpp
-- Up-to-date: /u5/w223zhan/macro-place-challenge-2026/external/DREAMPlace/install/include/ot/parser-spef/pegtl/pegtl/internal/minus.hpp
-- Up-to-date: /u5/w223zhan/macro-place-challenge-2026/external/DREAMPlace/install/include/ot/parser-spef/pegtl/pegtl/internal/trivial.hpp
-- Up-to-date: /u5/w223zhan/macro-place-challenge-2026/external/DREAMPlace/install/include/ot/parser-spef/pegtl/pegtl/internal/if_apply.hpp
-- Up-to-date: /u5/w223zhan/macro-place-challenge-2026/external/DREAMPlace/install/include/ot/parser-spef/pegtl/pegtl/internal/bytes.hpp
-- Up-to-date: /u5/w223zhan/macro-place-challenge-2026/external/DREAMPlace/install/include/ot/parser-spef/pegtl/pegtl/internal/input_pair.hpp
-- Up-to-date: /u5/w223zhan/macro-place-challenge-2026/external/DREAMPlace/install/include/ot/parser-spef/pegtl/pegtl/internal/string.hpp
-- Up-to-date: /u5/w223zhan/macro-place-challenge-2026/external/DREAMPlace/install/include/ot/parser-spef/pegtl/pegtl/internal/sor.hpp
-- Up-to-date: /u5/w223zhan/macro-place-challenge-2026/external/DREAMPlace/install/include/ot/parser-spef/pegtl/pegtl/internal/opt.hpp
-- Up-to-date: /u5/w223zhan/macro-place-challenge-2026/external/DREAMPlace/install/include/ot/parser-spef/pegtl/pegtl/internal/rep_min_max.hpp
-- Up-to-date: /u5/w223zhan/macro-place-challenge-2026/external/DREAMPlace/install/include/ot/parser-spef/pegtl/pegtl/internal/peek_mask_uint.hpp
-- Up-to-date: /u5/w223zhan/macro-place-challenge-2026/external/DREAMPlace/install/include/ot/parser-spef/pegtl/pegtl/internal/apply0.hpp
-- Up-to-date: /u5/w223zhan/macro-place-challenge-2026/external/DREAMPlace/install/include/ot/parser-spef/pegtl/pegtl/internal/eolf.hpp
-- Up-to-date: /u5/w223zhan/macro-place-challenge-2026/external/DREAMPlace/install/include/ot/parser-spef/pegtl/pegtl/internal/seq.hpp
-- Up-to-date: /u5/w223zhan/macro-place-challenge-2026/external/DREAMPlace/install/include/ot/parser-spef/pegtl/pegtl/internal/any.hpp
-- Up-to-date: /u5/w223zhan/macro-place-challenge-2026/external/DREAMPlace/install/include/ot/parser-spef/pegtl/pegtl/internal/alnum.hpp
-- Up-to-date: /u5/w223zhan/macro-place-challenge-2026/external/DREAMPlace/install/include/ot/parser-spef/pegtl/pegtl/internal/must.hpp
-- Up-to-date: /u5/w223zhan/macro-place-challenge-2026/external/DREAMPlace/install/include/ot/parser-spef/pegtl/pegtl/internal/list_tail.hpp
-- Up-to-date: /u5/w223zhan/macro-place-challenge-2026/external/DREAMPlace/install/include/ot/parser-spef/pegtl/pegtl/internal/eof.hpp
-- Up-to-date: /u5/w223zhan/macro-place-challenge-2026/external/DREAMPlace/install/include/ot/parser-spef/pegtl/pegtl/internal/bol.hpp
-- Up-to-date: /u5/w223zhan/macro-place-challenge-2026/external/DREAMPlace/install/include/ot/parser-spef/pegtl/pegtl/internal/enable.hpp
-- Up-to-date: /u5/w223zhan/macro-place-challenge-2026/external/DREAMPlace/install/include/ot/parser-spef/pegtl/pegtl/internal/at.hpp
-- Up-to-date: /u5/w223zhan/macro-place-challenge-2026/external/DREAMPlace/install/include/ot/parser-spef/pegtl/pegtl/internal/action_input.hpp
-- Up-to-date: /u5/w223zhan/macro-place-challenge-2026/external/DREAMPlace/install/include/ot/parser-spef/pegtl/pegtl/internal/demangle_cxxabi.hpp
-- Up-to-date: /u5/w223zhan/macro-place-challenge-2026/external/DREAMPlace/install/include/ot/parser-spef/pegtl/pegtl/internal/apply.hpp
-- Up-to-date: /u5/w223zhan/macro-place-challenge-2026/external/DREAMPlace/install/include/ot/parser-spef/pegtl/pegtl/internal/discard.hpp
-- Up-to-date: /u5/w223zhan/macro-place-challenge-2026/external/DREAMPlace/install/include/ot/parser-spef/pegtl/pegtl/internal/apply0_single.hpp
-- Up-to-date: /u5/w223zhan/macro-place-challenge-2026/external/DREAMPlace/install/include/ot/parser-spef/pegtl/pegtl/internal/endian_win.hpp
-- Up-to-date: /u5/w223zhan/macro-place-challenge-2026/external/DREAMPlace/install/include/ot/parser-spef/pegtl/pegtl/internal/rules.hpp
-- Up-to-date: /u5/w223zhan/macro-place-challenge-2026/external/DREAMPlace/install/include/ot/parser-spef/pegtl/pegtl/internal/peek_utf16.hpp
-- Up-to-date: /u5/w223zhan/macro-place-challenge-2026/external/DREAMPlace/install/include/ot/parser-spef/pegtl/pegtl/internal/ranges.hpp
-- Up-to-date: /u5/w223zhan/macro-place-challenge-2026/external/DREAMPlace/install/include/ot/parser-spef/pegtl/pegtl/internal/peek_uint.hpp
-- Up-to-date: /u5/w223zhan/macro-place-challenge-2026/external/DREAMPlace/install/include/ot/parser-spef/pegtl/pegtl/internal/bof.hpp
-- Up-to-date: /u5/w223zhan/macro-place-challenge-2026/external/DREAMPlace/install/include/ot/parser-spef/pegtl/pegtl/internal/eol.hpp
-- Up-to-date: /u5/w223zhan/macro-place-challenge-2026/external/DREAMPlace/install/include/ot/parser-spef/pegtl/pegtl/internal/pegtl_string.hpp
-- Up-to-date: /u5/w223zhan/macro-place-challenge-2026/external/DREAMPlace/install/include/ot/parser-spef/pegtl/pegtl/internal/list_tail_pad.hpp
-- Up-to-date: /u5/w223zhan/macro-place-challenge-2026/external/DREAMPlace/install/include/ot/parser-spef/pegtl/pegtl/internal/read_uint.hpp
-- Up-to-date: /u5/w223zhan/macro-place-challenge-2026/external/DREAMPlace/install/include/ot/parser-spef/pegtl/pegtl/internal/demangle_sanitise.hpp
-- Up-to-date: /u5/w223zhan/macro-place-challenge-2026/external/DREAMPlace/install/include/ot/parser-spef/pegtl/pegtl/internal/has_apply.hpp
-- Up-to-date: /u5/w223zhan/macro-place-challenge-2026/external/DREAMPlace/install/include/ot/parser-spef/pegtl/pegtl/internal/peek_utf32.hpp
-- Up-to-date: /u5/w223zhan/macro-place-challenge-2026/external/DREAMPlace/install/include/ot/parser-spef/pegtl/pegtl/internal/has_apply0.hpp
-- Up-to-date: /u5/w223zhan/macro-place-challenge-2026/external/DREAMPlace/install/include/ot/parser-spef/pegtl/pegtl/internal/peek_mask_uint8.hpp
-- Up-to-date: /u5/w223zhan/macro-place-challenge-2026/external/DREAMPlace/install/include/ot/parser-spef/pegtl/pegtl/internal/two.hpp
-- Up-to-date: /u5/w223zhan/macro-place-challenge-2026/external/DREAMPlace/install/include/ot/parser-spef/pegtl/pegtl/internal/peek_char.hpp
-- Up-to-date: /u5/w223zhan/macro-place-challenge-2026/external/DREAMPlace/install/include/ot/parser-spef/pegtl/pegtl/internal/duseltronik.hpp
-- Up-to-date: /u5/w223zhan/macro-place-challenge-2026/external/DREAMPlace/install/include/ot/parser-spef/pegtl/pegtl/internal/raise.hpp
-- Up-to-date: /u5/w223zhan/macro-place-challenge-2026/external/DREAMPlace/install/include/ot/parser-spef/pegtl/pegtl/internal/cstream_reader.hpp
-- Up-to-date: /u5/w223zhan/macro-place-challenge-2026/external/DREAMPlace/install/include/ot/parser-spef/pegtl/pegtl/internal/peek_utf8.hpp
-- Up-to-date: /u5/w223zhan/macro-place-challenge-2026/external/DREAMPlace/install/include/ot/parser-spef/pegtl/pegtl/internal/file_mapper_posix.hpp
-- Up-to-date: /u5/w223zhan/macro-place-challenge-2026/external/DREAMPlace/install/include/ot/parser-spef/pegtl/pegtl/internal/list_must.hpp
-- Up-to-date: /u5/w223zhan/macro-place-challenge-2026/external/DREAMPlace/install/include/ot/parser-spef/pegtl/pegtl/internal/star.hpp
-- Up-to-date: /u5/w223zhan/macro-place-challenge-2026/external/DREAMPlace/install/include/ot/parser-spef/pegtl/pegtl/internal/rule_conjunction.hpp
-- Up-to-date: /u5/w223zhan/macro-place-challenge-2026/external/DREAMPlace/install/include/ot/parser-spef/pegtl/pegtl/internal/three.hpp
-- Up-to-date: /u5/w223zhan/macro-place-challenge-2026/external/DREAMPlace/install/include/ot/parser-spef/pegtl/pegtl/internal/bump_help.hpp
-- Up-to-date: /u5/w223zhan/macro-place-challenge-2026/external/DREAMPlace/install/include/ot/parser-spef/pegtl/pegtl/internal/star_must.hpp
-- Up-to-date: /u5/w223zhan/macro-place-challenge-2026/external/DREAMPlace/install/include/ot/parser-spef/pegtl/pegtl/internal/apply_single.hpp
-- Up-to-date: /u5/w223zhan/macro-place-challenge-2026/external/DREAMPlace/install/include/ot/parser-spef/pegtl/pegtl/internal/file_reader.hpp
-- Up-to-date: /u5/w223zhan/macro-place-challenge-2026/external/DREAMPlace/install/include/ot/parser-spef/pegtl/pegtl/internal/crlf_eol.hpp
-- Up-to-date: /u5/w223zhan/macro-place-challenge-2026/external/DREAMPlace/install/include/ot/parser-spef/pegtl/pegtl/internal/demangle_nop.hpp
-- Up-to-date: /u5/w223zhan/macro-place-challenge-2026/external/DREAMPlace/install/include/ot/parser-spef/pegtl/pegtl/internal/if_must_else.hpp
-- Up-to-date: /u5/w223zhan/macro-place-challenge-2026/external/DREAMPlace/install/include/ot/parser-spef/pegtl/pegtl/internal/dusel_mode.hpp
-- Up-to-date: /u5/w223zhan/macro-place-challenge-2026/external/DREAMPlace/install/include/ot/parser-spef/pegtl/pegtl/internal/try_catch_type.hpp
-- Up-to-date: /u5/w223zhan/macro-place-challenge-2026/external/DREAMPlace/install/include/ot/parser-spef/pegtl/pegtl/internal/lf_eol.hpp
-- Up-to-date: /u5/w223zhan/macro-place-challenge-2026/external/DREAMPlace/install/include/ot/parser-spef/pegtl/pegtl/internal/cr_eol.hpp
-- Up-to-date: /u5/w223zhan/macro-place-challenge-2026/external/DREAMPlace/install/include/ot/parser-spef/pegtl/pegtl/internal/state.hpp
-- Up-to-date: /u5/w223zhan/macro-place-challenge-2026/external/DREAMPlace/install/include/ot/parser-spef/pegtl/pegtl/internal/file_opener.hpp
-- Up-to-date: /u5/w223zhan/macro-place-challenge-2026/external/DREAMPlace/install/include/ot/parser-spef/pegtl/pegtl/internal/if_must.hpp
-- Up-to-date: /u5/w223zhan/macro-place-challenge-2026/external/DREAMPlace/install/include/ot/parser-spef/pegtl/pegtl/internal/endian.hpp
-- Up-to-date: /u5/w223zhan/macro-place-challenge-2026/external/DREAMPlace/install/include/ot/parser-spef/pegtl/pegtl/internal/istring.hpp
-- Up-to-date: /u5/w223zhan/macro-place-challenge-2026/external/DREAMPlace/install/include/ot/parser-spef/pegtl/pegtl/internal/lf_crlf_eol.hpp
-- Up-to-date: /u5/w223zhan/macro-place-challenge-2026/external/DREAMPlace/install/include/ot/parser-spef/pegtl/pegtl/internal/bump_impl.hpp
-- Up-to-date: /u5/w223zhan/macro-place-challenge-2026/external/DREAMPlace/install/include/ot/parser-spef/pegtl/pegtl/internal/rep_opt.hpp
-- Up-to-date: /u5/w223zhan/macro-place-challenge-2026/external/DREAMPlace/install/include/ot/parser-spef/pegtl/pegtl/internal/marker.hpp
-- Up-to-date: /u5/w223zhan/macro-place-challenge-2026/external/DREAMPlace/install/include/ot/parser-spef/pegtl/pegtl/internal/iterator.hpp
-- Up-to-date: /u5/w223zhan/macro-place-challenge-2026/external/DREAMPlace/install/include/ot/parser-spef/pegtl/pegtl/internal/demangle.hpp
-- Up-to-date: /u5/w223zhan/macro-place-challenge-2026/external/DREAMPlace/install/include/ot/parser-spef/pegtl/pegtl/internal/rep_min.hpp
-- Up-to-date: /u5/w223zhan/macro-place-challenge-2026/external/DREAMPlace/install/include/ot/parser-spef/pegtl/pegtl/buffer_input.hpp
-- Up-to-date: /u5/w223zhan/macro-place-challenge-2026/external/DREAMPlace/install/include/ot/liberty
-- Up-to-date: /u5/w223zhan/macro-place-challenge-2026/external/DREAMPlace/install/include/ot/liberty/timing.cpp
-- Up-to-date: /u5/w223zhan/macro-place-challenge-2026/external/DREAMPlace/install/include/ot/liberty/power.hpp
-- Up-to-date: /u5/w223zhan/macro-place-challenge-2026/external/DREAMPlace/install/include/ot/liberty/power.cpp
-- Up-to-date: /u5/w223zhan/macro-place-challenge-2026/external/DREAMPlace/install/include/ot/liberty/timing.hpp
-- Up-to-date: /u5/w223zhan/macro-place-challenge-2026/external/DREAMPlace/install/include/ot/liberty/celllib.cpp
-- Up-to-date: /u5/w223zhan/macro-place-challenge-2026/external/DREAMPlace/install/include/ot/liberty/cellpin.hpp
-- Up-to-date: /u5/w223zhan/macro-place-challenge-2026/external/DREAMPlace/install/include/ot/liberty/cellpin.cpp
-- Up-to-date: /u5/w223zhan/macro-place-challenge-2026/external/DREAMPlace/install/include/ot/liberty/celllib.hpp
-- Up-to-date: /u5/w223zhan/macro-place-challenge-2026/external/DREAMPlace/install/include/ot/liberty/lut.hpp
-- Up-to-date: /u5/w223zhan/macro-place-challenge-2026/external/DREAMPlace/install/include/ot/liberty/cell.cpp
-- Up-to-date: /u5/w223zhan/macro-place-challenge-2026/external/DREAMPlace/install/include/ot/liberty/lut.cpp
-- Up-to-date: /u5/w223zhan/macro-place-challenge-2026/external/DREAMPlace/install/include/ot/liberty/cell.hpp
-- Up-to-date: /u5/w223zhan/macro-place-challenge-2026/external/DREAMPlace/install/include/ot/taskflow
-- Up-to-date: /u5/w223zhan/macro-place-challenge-2026/external/DREAMPlace/install/include/ot/taskflow/utility
-- Up-to-date: /u5/w223zhan/macro-place-challenge-2026/external/DREAMPlace/install/include/ot/taskflow/utility/traits.hpp
-- Up-to-date: /u5/w223zhan/macro-place-challenge-2026/external/DREAMPlace/install/include/ot/taskflow/utility/object_pool.hpp
-- Up-to-date: /u5/w223zhan/macro-place-challenge-2026/external/DREAMPlace/install/include/ot/taskflow/utility/backoff.hpp
-- Up-to-date: /u5/w223zhan/macro-place-challenge-2026/external/DREAMPlace/install/include/ot/taskflow/utility/passive_vector.hpp
-- Up-to-date: /u5/w223zhan/macro-place-challenge-2026/external/DREAMPlace/install/include/ot/taskflow/taskflow.hpp
-- Up-to-date: /u5/w223zhan/macro-place-challenge-2026/external/DREAMPlace/install/include/ot/taskflow/predef
-- Up-to-date: /u5/w223zhan/macro-place-challenge-2026/external/DREAMPlace/install/include/ot/taskflow/predef/compiler
-- Up-to-date: /u5/w223zhan/macro-place-challenge-2026/external/DREAMPlace/install/include/ot/taskflow/predef/compiler/clang.hpp
-- Up-to-date: /u5/w223zhan/macro-place-challenge-2026/external/DREAMPlace/install/include/ot/taskflow/predef/compiler/comp_detected.hpp
-- Up-to-date: /u5/w223zhan/macro-place-challenge-2026/external/DREAMPlace/install/include/ot/taskflow/predef/compiler/msvc.hpp
-- Up-to-date: /u5/w223zhan/macro-place-challenge-2026/external/DREAMPlace/install/include/ot/taskflow/predef/compiler/gcc.hpp
-- Up-to-date: /u5/w223zhan/macro-place-challenge-2026/external/DREAMPlace/install/include/ot/taskflow/predef/version_number.hpp
-- Up-to-date: /u5/w223zhan/macro-place-challenge-2026/external/DREAMPlace/install/include/ot/taskflow/predef/stringify.hpp
-- Up-to-date: /u5/w223zhan/macro-place-challenge-2026/external/DREAMPlace/install/include/ot/taskflow/predef/compiler.hpp
-- Up-to-date: /u5/w223zhan/macro-place-challenge-2026/external/DREAMPlace/install/include/ot/taskflow/predef/os.hpp
-- Up-to-date: /u5/w223zhan/macro-place-challenge-2026/external/DREAMPlace/install/include/ot/taskflow/predef/os
-- Up-to-date: /u5/w223zhan/macro-place-challenge-2026/external/DREAMPlace/install/include/ot/taskflow/predef/os/ios.hpp
-- Up-to-date: /u5/w223zhan/macro-place-challenge-2026/external/DREAMPlace/install/include/ot/taskflow/predef/os/macos.hpp
-- Up-to-date: /u5/w223zhan/macro-place-challenge-2026/external/DREAMPlace/install/include/ot/taskflow/predef/os/os_detected.hpp
-- Up-to-date: /u5/w223zhan/macro-place-challenge-2026/external/DREAMPlace/install/include/ot/taskflow/predef/architecture
-- Up-to-date: /u5/w223zhan/macro-place-challenge-2026/external/DREAMPlace/install/include/ot/taskflow/predef/architecture/arm.hpp
-- Up-to-date: /u5/w223zhan/macro-place-challenge-2026/external/DREAMPlace/install/include/ot/taskflow/predef/architecture/x86.hpp
-- Up-to-date: /u5/w223zhan/macro-place-challenge-2026/external/DREAMPlace/install/include/ot/taskflow/predef/architecture/ppc.hpp
-- Up-to-date: /u5/w223zhan/macro-place-challenge-2026/external/DREAMPlace/install/include/ot/taskflow/predef/architecture/mips.hpp
-- Up-to-date: /u5/w223zhan/macro-place-challenge-2026/external/DREAMPlace/install/include/ot/taskflow/predef/architecture.hpp
-- Up-to-date: /u5/w223zhan/macro-place-challenge-2026/external/DREAMPlace/install/include/ot/taskflow/error
-- Up-to-date: /u5/w223zhan/macro-place-challenge-2026/external/DREAMPlace/install/include/ot/taskflow/error/error.hpp
-- Up-to-date: /u5/w223zhan/macro-place-challenge-2026/external/DREAMPlace/install/include/ot/taskflow/core
-- Up-to-date: /u5/w223zhan/macro-place-challenge-2026/external/DREAMPlace/install/include/ot/taskflow/core/observer.hpp
-- Up-to-date: /u5/w223zhan/macro-place-challenge-2026/external/DREAMPlace/install/include/ot/taskflow/core/wsq.hpp
-- Up-to-date: /u5/w223zhan/macro-place-challenge-2026/external/DREAMPlace/install/include/ot/taskflow/core/declarations.hpp
-- Up-to-date: /u5/w223zhan/macro-place-challenge-2026/external/DREAMPlace/install/include/ot/taskflow/core/graph.hpp
-- Up-to-date: /u5/w223zhan/macro-place-challenge-2026/external/DREAMPlace/install/include/ot/taskflow/core/notifier.hpp
-- Up-to-date: /u5/w223zhan/macro-place-challenge-2026/external/DREAMPlace/install/include/ot/taskflow/core/topology.hpp
-- Up-to-date: /u5/w223zhan/macro-place-challenge-2026/external/DREAMPlace/install/include/ot/taskflow/core/flow_builder.hpp
-- Up-to-date: /u5/w223zhan/macro-place-challenge-2026/external/DREAMPlace/install/include/ot/taskflow/core/task.hpp
-- Up-to-date: /u5/w223zhan/macro-place-challenge-2026/external/DREAMPlace/install/include/ot/taskflow/core/executor.hpp
-- Up-to-date: /u5/w223zhan/macro-place-challenge-2026/external/DREAMPlace/install/include/ot/taskflow/core/taskflow.hpp
-- Up-to-date: /u5/w223zhan/macro-place-challenge-2026/external/DREAMPlace/install/lib/libOpenTimer.a
-- Installing: /u5/w223zhan/macro-place-challenge-2026/external/DREAMPlace/install/bin/ot-shell
-- Up-to-date: /u5/w223zhan/macro-place-challenge-2026/external/DREAMPlace/install/thirdparty/NCTUgr.ICCAD2012
-- Up-to-date: /u5/w223zhan/macro-place-challenge-2026/external/DREAMPlace/install/thirdparty/NCTUgr.ICCAD2012/NCTUgr
-- Up-to-date: /u5/w223zhan/macro-place-challenge-2026/external/DREAMPlace/install/thirdparty/NCTUgr.ICCAD2012/POST9.dat
-- Up-to-date: /u5/w223zhan/macro-place-challenge-2026/external/DREAMPlace/install/thirdparty/NCTUgr.ICCAD2012/PORT9.dat
-- Up-to-date: /u5/w223zhan/macro-place-challenge-2026/external/DREAMPlace/install/thirdparty/NCTUgr.ICCAD2012/POWV9.dat
-- Up-to-date: /u5/w223zhan/macro-place-challenge-2026/external/DREAMPlace/install/thirdparty/NCTUgr.ICCAD2012/DAC12.set
-- Up-to-date: /u5/w223zhan/macro-place-challenge-2026/external/DREAMPlace/install/thirdparty/NCTUgr.ICCAD2012/README
-- Up-to-date: /u5/w223zhan/macro-place-challenge-2026/external/DREAMPlace/install/thirdparty/NCTUgr.ICCAD2012/ICCAD12.set
-- Up-to-date: /u5/w223zhan/macro-place-challenge-2026/external/DREAMPlace/install/dreamplace/ops/place_io/place_io_cpp.cpython-311-x86_64-linux-gnu.so
-- Up-to-date: /u5/w223zhan/macro-place-challenge-2026/external/DREAMPlace/install/dreamplace/ops/place_io/__init__.py
-- Up-to-date: /u5/w223zhan/macro-place-challenge-2026/external/DREAMPlace/install/dreamplace/ops/place_io/place_io.py
-- Up-to-date: /u5/w223zhan/macro-place-challenge-2026/external/DREAMPlace/install/dreamplace/ops/dct/dct_cpp.cpython-311-x86_64-linux-gnu.so
-- Up-to-date: /u5/w223zhan/macro-place-challenge-2026/external/DREAMPlace/install/dreamplace/ops/dct/dct_lee_cpp.cpython-311-x86_64-linux-gnu.so
-- Up-to-date: /u5/w223zhan/macro-place-challenge-2026/external/DREAMPlace/install/dreamplace/ops/dct/dct2_fft2_cpp.cpython-311-x86_64-linux-gnu.so
-- Up-to-date: /u5/w223zhan/macro-place-challenge-2026/external/DREAMPlace/install/dreamplace/ops/dct/dct_cuda.cpython-311-x86_64-linux-gnu.so
-- Up-to-date: /u5/w223zhan/macro-place-challenge-2026/external/DREAMPlace/install/dreamplace/ops/dct/dct_lee_cuda.cpython-311-x86_64-linux-gnu.so
-- Up-to-date: /u5/w223zhan/macro-place-challenge-2026/external/DREAMPlace/install/dreamplace/ops/dct/dct2_fft2_cuda.cpython-311-x86_64-linux-gnu.so
-- Up-to-date: /u5/w223zhan/macro-place-challenge-2026/external/DREAMPlace/install/dreamplace/ops/dct/__init__.py
-- Up-to-date: /u5/w223zhan/macro-place-challenge-2026/external/DREAMPlace/install/dreamplace/ops/dct/dct.py
-- Up-to-date: /u5/w223zhan/macro-place-challenge-2026/external/DREAMPlace/install/dreamplace/ops/dct/dct2_fft2.py
-- Up-to-date: /u5/w223zhan/macro-place-challenge-2026/external/DREAMPlace/install/dreamplace/ops/dct/dct_lee.py
-- Up-to-date: /u5/w223zhan/macro-place-challenge-2026/external/DREAMPlace/install/dreamplace/ops/dct/discrete_spectral_transform.py
-- Up-to-date: /u5/w223zhan/macro-place-challenge-2026/external/DREAMPlace/install/dreamplace/ops/dct/naive.py
-- Up-to-date: /u5/w223zhan/macro-place-challenge-2026/external/DREAMPlace/install/dreamplace/ops/dct/torch_fft_api.py
-- Up-to-date: /u5/w223zhan/macro-place-challenge-2026/external/DREAMPlace/install/dreamplace/ops/pin_pos/pin_pos_cpp.cpython-311-x86_64-linux-gnu.so
-- Up-to-date: /u5/w223zhan/macro-place-challenge-2026/external/DREAMPlace/install/dreamplace/ops/pin_pos/pin_pos_cuda.cpython-311-x86_64-linux-gnu.so
-- Up-to-date: /u5/w223zhan/macro-place-challenge-2026/external/DREAMPlace/install/dreamplace/ops/pin_pos/pin_pos_cuda_segment.cpython-311-x86_64-linux-gnu.so
-- Up-to-date: /u5/w223zhan/macro-place-challenge-2026/external/DREAMPlace/install/dreamplace/ops/pin_pos/__init__.py
-- Up-to-date: /u5/w223zhan/macro-place-challenge-2026/external/DREAMPlace/install/dreamplace/ops/pin_pos/pin_pos.py
-- Up-to-date: /u5/w223zhan/macro-place-challenge-2026/external/DREAMPlace/install/dreamplace/ops/move_boundary/move_boundary_cpp.cpython-311-x86_64-linux-gnu.so
-- Up-to-date: /u5/w223zhan/macro-place-challenge-2026/external/DREAMPlace/install/dreamplace/ops/move_boundary/move_boundary_cuda.cpython-311-x86_64-linux-gnu.so
-- Up-to-date: /u5/w223zhan/macro-place-challenge-2026/external/DREAMPlace/install/dreamplace/ops/move_boundary/__init__.py
-- Up-to-date: /u5/w223zhan/macro-place-challenge-2026/external/DREAMPlace/install/dreamplace/ops/move_boundary/move_boundary.py
-- Up-to-date: /u5/w223zhan/macro-place-challenge-2026/external/DREAMPlace/install/dreamplace/ops/draw_place/draw_place_cpp.cpython-311-x86_64-linux-gnu.so
-- Up-to-date: /u5/w223zhan/macro-place-challenge-2026/external/DREAMPlace/install/dreamplace/ops/draw_place/PlaceDrawer.py
-- Up-to-date: /u5/w223zhan/macro-place-challenge-2026/external/DREAMPlace/install/dreamplace/ops/draw_place/__init__.py
-- Up-to-date: /u5/w223zhan/macro-place-challenge-2026/external/DREAMPlace/install/dreamplace/ops/draw_place/draw_place.py
-- Up-to-date: /u5/w223zhan/macro-place-challenge-2026/external/DREAMPlace/install/dreamplace/ops/density_map/density_map_cpp.cpython-311-x86_64-linux-gnu.so
-- Up-to-date: /u5/w223zhan/macro-place-challenge-2026/external/DREAMPlace/install/dreamplace/ops/density_map/density_map_cuda.cpython-311-x86_64-linux-gnu.so
-- Up-to-date: /u5/w223zhan/macro-place-challenge-2026/external/DREAMPlace/install/dreamplace/ops/density_map/density_map.py
-- Up-to-date: /u5/w223zhan/macro-place-challenge-2026/external/DREAMPlace/install/dreamplace/ops/density_overflow/__init__.py
-- Up-to-date: /u5/w223zhan/macro-place-challenge-2026/external/DREAMPlace/install/dreamplace/ops/density_overflow/density_overflow.py
-- Up-to-date: /u5/w223zhan/macro-place-challenge-2026/external/DREAMPlace/install/dreamplace/ops/density_potential/density_potential_cpp.cpython-311-x86_64-linux-gnu.so
-- Up-to-date: /u5/w223zhan/macro-place-challenge-2026/external/DREAMPlace/install/dreamplace/ops/density_potential/density_potential_cuda.cpython-311-x86_64-linux-gnu.so
-- Up-to-date: /u5/w223zhan/macro-place-challenge-2026/external/DREAMPlace/install/dreamplace/ops/density_potential/__init__.py
-- Up-to-date: /u5/w223zhan/macro-place-challenge-2026/external/DREAMPlace/install/dreamplace/ops/density_potential/density_potential.py
-- Up-to-date: /u5/w223zhan/macro-place-challenge-2026/external/DREAMPlace/install/dreamplace/ops/electric_potential/electric_potential_cpp.cpython-311-x86_64-linux-gnu.so
-- Up-to-date: /u5/w223zhan/macro-place-challenge-2026/external/DREAMPlace/install/dreamplace/ops/electric_potential/electric_potential_cuda.cpython-311-x86_64-linux-gnu.so
-- Up-to-date: /u5/w223zhan/macro-place-challenge-2026/external/DREAMPlace/install/dreamplace/ops/electric_potential/__init__.py
-- Up-to-date: /u5/w223zhan/macro-place-challenge-2026/external/DREAMPlace/install/dreamplace/ops/electric_potential/electric_overflow.py
-- Up-to-date: /u5/w223zhan/macro-place-challenge-2026/external/DREAMPlace/install/dreamplace/ops/electric_potential/electric_potential.py
-- Up-to-date: /u5/w223zhan/macro-place-challenge-2026/external/DREAMPlace/install/dreamplace/ops/hpwl/hpwl_cpp.cpython-311-x86_64-linux-gnu.so
-- Up-to-date: /u5/w223zhan/macro-place-challenge-2026/external/DREAMPlace/install/dreamplace/ops/hpwl/hpwl_cpp_atomic.cpython-311-x86_64-linux-gnu.so
-- Up-to-date: /u5/w223zhan/macro-place-challenge-2026/external/DREAMPlace/install/dreamplace/ops/hpwl/hpwl_cuda.cpython-311-x86_64-linux-gnu.so
-- Up-to-date: /u5/w223zhan/macro-place-challenge-2026/external/DREAMPlace/install/dreamplace/ops/hpwl/hpwl_cuda_atomic.cpython-311-x86_64-linux-gnu.so
-- Up-to-date: /u5/w223zhan/macro-place-challenge-2026/external/DREAMPlace/install/dreamplace/ops/hpwl/__init__.py
-- Up-to-date: /u5/w223zhan/macro-place-challenge-2026/external/DREAMPlace/install/dreamplace/ops/hpwl/hpwl.py
-- Up-to-date: /u5/w223zhan/macro-place-challenge-2026/external/DREAMPlace/install/dreamplace/ops/weighted_average_wirelength/weighted_average_wirelength_cpp.cpython-311-x86_64-linux-gnu.so
-- Up-to-date: /u5/w223zhan/macro-place-challenge-2026/external/DREAMPlace/install/dreamplace/ops/weighted_average_wirelength/weighted_average_wirelength_cpp_atomic.cpython-311-x86_64-linux-gnu.so
-- Up-to-date: /u5/w223zhan/macro-place-challenge-2026/external/DREAMPlace/install/dreamplace/ops/weighted_average_wirelength/weighted_average_wirelength_cpp_merged.cpython-311-x86_64-linux-gnu.so
-- Up-to-date: /u5/w223zhan/macro-place-challenge-2026/external/DREAMPlace/install/dreamplace/ops/weighted_average_wirelength/weighted_average_wirelength_cuda.cpython-311-x86_64-linux-gnu.so
-- Up-to-date: /u5/w223zhan/macro-place-challenge-2026/external/DREAMPlace/install/dreamplace/ops/weighted_average_wirelength/weighted_average_wirelength_cuda_atomic.cpython-311-x86_64-linux-gnu.so
-- Up-to-date: /u5/w223zhan/macro-place-challenge-2026/external/DREAMPlace/install/dreamplace/ops/weighted_average_wirelength/weighted_average_wirelength_cuda_merged.cpython-311-x86_64-linux-gnu.so
-- Up-to-date: /u5/w223zhan/macro-place-challenge-2026/external/DREAMPlace/install/dreamplace/ops/weighted_average_wirelength/__init__.py
-- Up-to-date: /u5/w223zhan/macro-place-challenge-2026/external/DREAMPlace/install/dreamplace/ops/weighted_average_wirelength/weighted_average_wirelength.py
-- Up-to-date: /u5/w223zhan/macro-place-challenge-2026/external/DREAMPlace/install/dreamplace/ops/logsumexp_wirelength/logsumexp_wirelength_cpp_merged.cpython-311-x86_64-linux-gnu.so
-- Up-to-date: /u5/w223zhan/macro-place-challenge-2026/external/DREAMPlace/install/dreamplace/ops/logsumexp_wirelength/logsumexp_wirelength_cuda_merged.cpython-311-x86_64-linux-gnu.so
-- Up-to-date: /u5/w223zhan/macro-place-challenge-2026/external/DREAMPlace/install/dreamplace/ops/logsumexp_wirelength/logsumexp_wirelength_cuda_atomic.cpython-311-x86_64-linux-gnu.so
-- Up-to-date: /u5/w223zhan/macro-place-challenge-2026/external/DREAMPlace/install/dreamplace/ops/logsumexp_wirelength/__init__.py
-- Up-to-date: /u5/w223zhan/macro-place-challenge-2026/external/DREAMPlace/install/dreamplace/ops/logsumexp_wirelength/logsumexp_wirelength.py
-- Up-to-date: /u5/w223zhan/macro-place-challenge-2026/external/DREAMPlace/install/dreamplace/ops/fence_region/__init__.py
-- Up-to-date: /u5/w223zhan/macro-place-challenge-2026/external/DREAMPlace/install/dreamplace/ops/fence_region/fence_region.py
-- Up-to-date: /u5/w223zhan/macro-place-challenge-2026/external/DREAMPlace/install/dreamplace/ops/fence_region/figures.py
-- Up-to-date: /u5/w223zhan/macro-place-challenge-2026/external/DREAMPlace/install/dreamplace/ops/legality_check/legality_check_cpp.cpython-311-x86_64-linux-gnu.so
-- Up-to-date: /u5/w223zhan/macro-place-challenge-2026/external/DREAMPlace/install/dreamplace/ops/legality_check/legality_check.py
-- Up-to-date: /u5/w223zhan/macro-place-challenge-2026/external/DREAMPlace/install/dreamplace/ops/macro_legalize/macro_legalize_cpp.cpython-311-x86_64-linux-gnu.so
-- Up-to-date: /u5/w223zhan/macro-place-challenge-2026/external/DREAMPlace/install/dreamplace/ops/macro_legalize/__init__.py
-- Up-to-date: /u5/w223zhan/macro-place-challenge-2026/external/DREAMPlace/install/dreamplace/ops/macro_legalize/macro_legalize.py
-- Up-to-date: /u5/w223zhan/macro-place-challenge-2026/external/DREAMPlace/install/dreamplace/ops/greedy_legalize/greedy_legalize_cpp.cpython-311-x86_64-linux-gnu.so
-- Up-to-date: /u5/w223zhan/macro-place-challenge-2026/external/DREAMPlace/install/dreamplace/ops/greedy_legalize/__init__.py
-- Up-to-date: /u5/w223zhan/macro-place-challenge-2026/external/DREAMPlace/install/dreamplace/ops/greedy_legalize/greedy_legalize.py
-- Up-to-date: /u5/w223zhan/macro-place-challenge-2026/external/DREAMPlace/install/dreamplace/ops/abacus_legalize/abacus_legalize_cpp.cpython-311-x86_64-linux-gnu.so
-- Up-to-date: /u5/w223zhan/macro-place-challenge-2026/external/DREAMPlace/install/dreamplace/ops/abacus_legalize/__init__.py
-- Up-to-date: /u5/w223zhan/macro-place-challenge-2026/external/DREAMPlace/install/dreamplace/ops/abacus_legalize/abacus_legalize.py
-- Up-to-date: /u5/w223zhan/macro-place-challenge-2026/external/DREAMPlace/install/dreamplace/ops/global_swap/global_swap_cpp.cpython-311-x86_64-linux-gnu.so
-- Up-to-date: /u5/w223zhan/macro-place-challenge-2026/external/DREAMPlace/install/dreamplace/ops/global_swap/global_swap_concurrent_cpp.cpython-311-x86_64-linux-gnu.so
-- Up-to-date: /u5/w223zhan/macro-place-challenge-2026/external/DREAMPlace/install/dreamplace/ops/global_swap/global_swap_cuda.cpython-311-x86_64-linux-gnu.so
-- Up-to-date: /u5/w223zhan/macro-place-challenge-2026/external/DREAMPlace/install/dreamplace/ops/global_swap/__init__.py
-- Up-to-date: /u5/w223zhan/macro-place-challenge-2026/external/DREAMPlace/install/dreamplace/ops/global_swap/global_swap.py
-- Up-to-date: /u5/w223zhan/macro-place-challenge-2026/external/DREAMPlace/install/dreamplace/ops/independent_set_matching/independent_set_matching_cpp.cpython-311-x86_64-linux-gnu.so
-- Up-to-date: /u5/w223zhan/macro-place-challenge-2026/external/DREAMPlace/install/dreamplace/ops/independent_set_matching/independent_set_matching_sequential_cpp.cpython-311-x86_64-linux-gnu.so
-- Up-to-date: /u5/w223zhan/macro-place-challenge-2026/external/DREAMPlace/install/dreamplace/ops/independent_set_matching/independent_set_matching_cuda.cpython-311-x86_64-linux-gnu.so
-- Up-to-date: /u5/w223zhan/macro-place-challenge-2026/external/DREAMPlace/install/dreamplace/ops/independent_set_matching/__init__.py
-- Up-to-date: /u5/w223zhan/macro-place-challenge-2026/external/DREAMPlace/install/dreamplace/ops/independent_set_matching/independent_set_matching.py
-- Up-to-date: /u5/w223zhan/macro-place-challenge-2026/external/DREAMPlace/install/dreamplace/ops/k_reorder/k_reorder_cpp.cpython-311-x86_64-linux-gnu.so
-- Up-to-date: /u5/w223zhan/macro-place-challenge-2026/external/DREAMPlace/install/dreamplace/ops/k_reorder/k_reorder_cuda.cpython-311-x86_64-linux-gnu.so
-- Up-to-date: /u5/w223zhan/macro-place-challenge-2026/external/DREAMPlace/install/dreamplace/ops/k_reorder/__init__.py
-- Up-to-date: /u5/w223zhan/macro-place-challenge-2026/external/DREAMPlace/install/dreamplace/ops/k_reorder/k_reorder.py
-- Up-to-date: /u5/w223zhan/macro-place-challenge-2026/external/DREAMPlace/install/dreamplace/ops/pin_utilization/pin_utilization_cpp.cpython-311-x86_64-linux-gnu.so
-- Up-to-date: /u5/w223zhan/macro-place-challenge-2026/external/DREAMPlace/install/dreamplace/ops/pin_utilization/pin_utilization_cuda.cpython-311-x86_64-linux-gnu.so
-- Up-to-date: /u5/w223zhan/macro-place-challenge-2026/external/DREAMPlace/install/dreamplace/ops/pin_utilization/__init__.py
-- Up-to-date: /u5/w223zhan/macro-place-challenge-2026/external/DREAMPlace/install/dreamplace/ops/pin_utilization/pin_utilization.py
-- Up-to-date: /u5/w223zhan/macro-place-challenge-2026/external/DREAMPlace/install/dreamplace/ops/rudy/rudy_cpp.cpython-311-x86_64-linux-gnu.so
-- Up-to-date: /u5/w223zhan/macro-place-challenge-2026/external/DREAMPlace/install/dreamplace/ops/rudy/rudy_cuda.cpython-311-x86_64-linux-gnu.so
-- Up-to-date: /u5/w223zhan/macro-place-challenge-2026/external/DREAMPlace/install/dreamplace/ops/rudy/__init__.py
-- Up-to-date: /u5/w223zhan/macro-place-challenge-2026/external/DREAMPlace/install/dreamplace/ops/rudy/rudy.py
-- Up-to-date: /u5/w223zhan/macro-place-challenge-2026/external/DREAMPlace/install/dreamplace/ops/pinrudy/pinrudy_cpp.cpython-311-x86_64-linux-gnu.so
-- Up-to-date: /u5/w223zhan/macro-place-challenge-2026/external/DREAMPlace/install/dreamplace/ops/pinrudy/pinrudy_cuda.cpython-311-x86_64-linux-gnu.so
-- Up-to-date: /u5/w223zhan/macro-place-challenge-2026/external/DREAMPlace/install/dreamplace/ops/pinrudy/__init__.py
-- Up-to-date: /u5/w223zhan/macro-place-challenge-2026/external/DREAMPlace/install/dreamplace/ops/pinrudy/pinrudy.py
-- Up-to-date: /u5/w223zhan/macro-place-challenge-2026/external/DREAMPlace/install/dreamplace/ops/nctugr_binary/nctugr_binary.py
-- Up-to-date: /u5/w223zhan/macro-place-challenge-2026/external/DREAMPlace/install/dreamplace/ops/adjust_node_area/adjust_node_area_cpp.cpython-311-x86_64-linux-gnu.so
-- Up-to-date: /u5/w223zhan/macro-place-challenge-2026/external/DREAMPlace/install/dreamplace/ops/adjust_node_area/update_pin_offset_cpp.cpython-311-x86_64-linux-gnu.so
-- Up-to-date: /u5/w223zhan/macro-place-challenge-2026/external/DREAMPlace/install/dreamplace/ops/adjust_node_area/adjust_node_area_cuda.cpython-311-x86_64-linux-gnu.so
-- Up-to-date: /u5/w223zhan/macro-place-challenge-2026/external/DREAMPlace/install/dreamplace/ops/adjust_node_area/update_pin_offset_cuda.cpython-311-x86_64-linux-gnu.so
-- Up-to-date: /u5/w223zhan/macro-place-challenge-2026/external/DREAMPlace/install/dreamplace/ops/adjust_node_area/__init__.py
-- Up-to-date: /u5/w223zhan/macro-place-challenge-2026/external/DREAMPlace/install/dreamplace/ops/adjust_node_area/adjust_node_area.py
-- Up-to-date: /u5/w223zhan/macro-place-challenge-2026/external/DREAMPlace/install/dreamplace/ops/pin_weight_sum/pws_cpp.cpython-311-x86_64-linux-gnu.so
-- Up-to-date: /u5/w223zhan/macro-place-challenge-2026/external/DREAMPlace/install/dreamplace/ops/pin_weight_sum/pws_cuda.cpython-311-x86_64-linux-gnu.so
-- Up-to-date: /u5/w223zhan/macro-place-challenge-2026/external/DREAMPlace/install/dreamplace/ops/pin_weight_sum/__init__.py
-- Up-to-date: /u5/w223zhan/macro-place-challenge-2026/external/DREAMPlace/install/dreamplace/ops/pin_weight_sum/pin_weight_sum.py
-- Up-to-date: /u5/w223zhan/macro-place-challenge-2026/external/DREAMPlace/install/dreamplace/ops/timing/timing_cpp.cpython-311-x86_64-linux-gnu.so
-- Up-to-date: /u5/w223zhan/macro-place-challenge-2026/external/DREAMPlace/install/dreamplace/ops/timing/__init__.py
-- Up-to-date: /u5/w223zhan/macro-place-challenge-2026/external/DREAMPlace/install/dreamplace/ops/timing/timing.py
-- Up-to-date: /u5/w223zhan/macro-place-challenge-2026/external/DREAMPlace/install/dreamplace/ops/timing_heterosta/libheterosta.cpu.so
-- Up-to-date: /u5/w223zhan/macro-place-challenge-2026/external/DREAMPlace/install/dreamplace/ops/timing_heterosta/libheterosta.so
-- Up-to-date: /u5/w223zhan/macro-place-challenge-2026/external/DREAMPlace/install/dreamplace/ops/timing_heterosta/timing_heterosta_cpp.cpython-311-x86_64-linux-gnu.so
-- Up-to-date: /u5/w223zhan/macro-place-challenge-2026/external/DREAMPlace/install/dreamplace/ops/timing_heterosta/timing_hs.py
-- Up-to-date: /u5/w223zhan/macro-place-challenge-2026/external/DREAMPlace/install/dreamplace/ops/gift_init/gift_init_cpp.cpython-311-x86_64-linux-gnu.so
-- Up-to-date: /u5/w223zhan/macro-place-challenge-2026/external/DREAMPlace/install/dreamplace/ops/gift_init/__init__.py
-- Up-to-date: /u5/w223zhan/macro-place-challenge-2026/external/DREAMPlace/install/dreamplace/ops/gift_init/gift_init.py
-- Up-to-date: /u5/w223zhan/macro-place-challenge-2026/external/DREAMPlace/install/dreamplace/ops/gift_init/utils_gpu
-- Up-to-date: /u5/w223zhan/macro-place-challenge-2026/external/DREAMPlace/install/dreamplace/ops/gift_init/utils_gpu/util.py
-- Up-to-date: /u5/w223zhan/macro-place-challenge-2026/external/DREAMPlace/install/dreamplace/ops/gift_init/utils_gpu/__init__.py
-- Up-to-date: /u5/w223zhan/macro-place-challenge-2026/external/DREAMPlace/install/dreamplace/ops/gift_init/utils_gpu/mix_frequency_filter.py
-- Up-to-date: /u5/w223zhan/macro-place-challenge-2026/external/DREAMPlace/install/dreamplace/ops/__init__.py
-- Up-to-date: /u5/w223zhan/macro-place-challenge-2026/external/DREAMPlace/install/dreamplace/BasicPlace.py
-- Up-to-date: /u5/w223zhan/macro-place-challenge-2026/external/DREAMPlace/install/dreamplace/EvalMetrics.py
-- Up-to-date: /u5/w223zhan/macro-place-challenge-2026/external/DREAMPlace/install/dreamplace/NesterovAcceleratedGradientOptimizer.py
-- Up-to-date: /u5/w223zhan/macro-place-challenge-2026/external/DREAMPlace/install/dreamplace/NonLinearPlace.py
-- Up-to-date: /u5/w223zhan/macro-place-challenge-2026/external/DREAMPlace/install/dreamplace/Params.py
-- Installing: /u5/w223zhan/macro-place-challenge-2026/external/DREAMPlace/install/dreamplace/PlaceDB.py
-- Installing: /u5/w223zhan/macro-place-challenge-2026/external/DREAMPlace/install/dreamplace/PlaceObj.py
-- Up-to-date: /u5/w223zhan/macro-place-challenge-2026/external/DREAMPlace/install/dreamplace/Placer.py
-- Up-to-date: /u5/w223zhan/macro-place-challenge-2026/external/DREAMPlace/install/dreamplace/Timer.py
-- Up-to-date: /u5/w223zhan/macro-place-challenge-2026/external/DREAMPlace/install/dreamplace/__init__.py
-- Up-to-date: /u5/w223zhan/macro-place-challenge-2026/external/DREAMPlace/install/dreamplace/params.json
-- Up-to-date: /u5/w223zhan/macro-place-challenge-2026/external/DREAMPlace/install/unittest/ops/place_io_unittest/place_io_unittest.py
-- Up-to-date: /u5/w223zhan/macro-place-challenge-2026/external/DREAMPlace/install/unittest/ops/place_io_unittest/simple
-- Up-to-date: /u5/w223zhan/macro-place-challenge-2026/external/DREAMPlace/install/unittest/ops/place_io_unittest/simple/simple.scl
-- Up-to-date: /u5/w223zhan/macro-place-challenge-2026/external/DREAMPlace/install/unittest/ops/place_io_unittest/simple/simple.aux
-- Up-to-date: /u5/w223zhan/macro-place-challenge-2026/external/DREAMPlace/install/unittest/ops/place_io_unittest/simple/simple.pl
-- Up-to-date: /u5/w223zhan/macro-place-challenge-2026/external/DREAMPlace/install/unittest/ops/place_io_unittest/simple/simple.nets
-- Up-to-date: /u5/w223zhan/macro-place-challenge-2026/external/DREAMPlace/install/unittest/ops/place_io_unittest/simple/simple.nodes
-- Up-to-date: /u5/w223zhan/macro-place-challenge-2026/external/DREAMPlace/install/unittest/ops/place_io_unittest/simple.golden
-- Up-to-date: /u5/w223zhan/macro-place-challenge-2026/external/DREAMPlace/install/unittest/ops/macro_legalize_unittest/macro_legalize_unittest.py
-- Up-to-date: /u5/w223zhan/macro-place-challenge-2026/external/DREAMPlace/install/unittest/ops/greedy_legalize_unittest/greedy_legalize_unittest.py
-- Up-to-date: /u5/w223zhan/macro-place-challenge-2026/external/DREAMPlace/install/unittest/ops/abacus_legalize_unittest/abacus_unittest
-- Up-to-date: /u5/w223zhan/macro-place-challenge-2026/external/DREAMPlace/install/unittest/ops/global_swap_unittest/global_swap_unittest.py
-- Up-to-date: /u5/w223zhan/macro-place-challenge-2026/external/DREAMPlace/install/unittest/ops/independent_set_matching_unittest/independent_set_matching_unittest.py
-- Up-to-date: /u5/w223zhan/macro-place-challenge-2026/external/DREAMPlace/install/unittest/ops/k_reorder_unittest/k_reorder_unittest.py
-- Up-to-date: /u5/w223zhan/macro-place-challenge-2026/external/DREAMPlace/install/unittest/ops/adjust_node_area_unittest.py
-- Up-to-date: /u5/w223zhan/macro-place-challenge-2026/external/DREAMPlace/install/unittest/ops/dct_electric_potential_unittest.py
-- Up-to-date: /u5/w223zhan/macro-place-challenge-2026/external/DREAMPlace/install/unittest/ops/dct_unittest.py
-- Up-to-date: /u5/w223zhan/macro-place-challenge-2026/external/DREAMPlace/install/unittest/ops/density_overflow_unittest.py
-- Up-to-date: /u5/w223zhan/macro-place-challenge-2026/external/DREAMPlace/install/unittest/ops/density_potential_unittest.py
-- Up-to-date: /u5/w223zhan/macro-place-challenge-2026/external/DREAMPlace/install/unittest/ops/draw_place_unittest.py
-- Up-to-date: /u5/w223zhan/macro-place-challenge-2026/external/DREAMPlace/install/unittest/ops/electric_potential_unittest.py
-- Up-to-date: /u5/w223zhan/macro-place-challenge-2026/external/DREAMPlace/install/unittest/ops/hpwl_unittest.py
-- Up-to-date: /u5/w223zhan/macro-place-challenge-2026/external/DREAMPlace/install/unittest/ops/logsumexp_wirelength_unittest.py
-- Up-to-date: /u5/w223zhan/macro-place-challenge-2026/external/DREAMPlace/install/unittest/ops/move_boundary_unittest.py
-- Up-to-date: /u5/w223zhan/macro-place-challenge-2026/external/DREAMPlace/install/unittest/ops/pin_pos_unittest.py
-- Up-to-date: /u5/w223zhan/macro-place-challenge-2026/external/DREAMPlace/install/unittest/ops/pin_utilization_unittest.py
-- Up-to-date: /u5/w223zhan/macro-place-challenge-2026/external/DREAMPlace/install/unittest/ops/pinrudy_unittest.py
-- Up-to-date: /u5/w223zhan/macro-place-challenge-2026/external/DREAMPlace/install/unittest/ops/rmst_wl_unittest.py
-- Up-to-date: /u5/w223zhan/macro-place-challenge-2026/external/DREAMPlace/install/unittest/ops/rudy_unittest.py
-- Up-to-date: /u5/w223zhan/macro-place-challenge-2026/external/DREAMPlace/install/unittest/ops/torch_fft_unittest.py
-- Up-to-date: /u5/w223zhan/macro-place-challenge-2026/external/DREAMPlace/install/unittest/ops/weighted_average_wirelength_unittest.py
-- Up-to-date: /u5/w223zhan/macro-place-challenge-2026/external/DREAMPlace/install/unittest/regression/ispd2005
-- Up-to-date: /u5/w223zhan/macro-place-challenge-2026/external/DREAMPlace/install/unittest/regression/ispd2005/bigblue2.json
-- Up-to-date: /u5/w223zhan/macro-place-challenge-2026/external/DREAMPlace/install/unittest/regression/ispd2005/adaptec1.json
-- Up-to-date: /u5/w223zhan/macro-place-challenge-2026/external/DREAMPlace/install/unittest/regression/ispd2005/adaptec4.json
-- Up-to-date: /u5/w223zhan/macro-place-challenge-2026/external/DREAMPlace/install/unittest/regression/ispd2005/bigblue3.json
-- Up-to-date: /u5/w223zhan/macro-place-challenge-2026/external/DREAMPlace/install/unittest/regression/ispd2005/regression.py
-- Up-to-date: /u5/w223zhan/macro-place-challenge-2026/external/DREAMPlace/install/unittest/regression/ispd2005/adaptec2.json
-- Up-to-date: /u5/w223zhan/macro-place-challenge-2026/external/DREAMPlace/install/unittest/regression/ispd2005/bigblue1.json
-- Up-to-date: /u5/w223zhan/macro-place-challenge-2026/external/DREAMPlace/install/unittest/regression/ispd2005/bigblue4.json
-- Up-to-date: /u5/w223zhan/macro-place-challenge-2026/external/DREAMPlace/install/unittest/regression/ispd2005/adaptec3.json
-- Up-to-date: /u5/w223zhan/macro-place-challenge-2026/external/DREAMPlace/install/unittest/regression/ispd2015
-- Up-to-date: /u5/w223zhan/macro-place-challenge-2026/external/DREAMPlace/install/unittest/regression/ispd2015/mgc_des_perf_a.json
-- Up-to-date: /u5/w223zhan/macro-place-challenge-2026/external/DREAMPlace/install/unittest/regression/ispd2015/mgc_matrix_mult_a.json
-- Up-to-date: /u5/w223zhan/macro-place-challenge-2026/external/DREAMPlace/install/unittest/regression/ispd2015/mgc_superblue11_a.json
-- Up-to-date: /u5/w223zhan/macro-place-challenge-2026/external/DREAMPlace/install/unittest/regression/ispd2015/mgc_fft_2.json
-- Up-to-date: /u5/w223zhan/macro-place-challenge-2026/external/DREAMPlace/install/unittest/regression/ispd2015/mgc_matrix_mult_2.json
-- Up-to-date: /u5/w223zhan/macro-place-challenge-2026/external/DREAMPlace/install/unittest/regression/ispd2015/mgc_pci_bridge32_a.json
-- Up-to-date: /u5/w223zhan/macro-place-challenge-2026/external/DREAMPlace/install/unittest/regression/ispd2015/mgc_superblue12.json
-- Up-to-date: /u5/w223zhan/macro-place-challenge-2026/external/DREAMPlace/install/unittest/regression/ispd2015/mgc_fft_a.json
-- Up-to-date: /u5/w223zhan/macro-place-challenge-2026/external/DREAMPlace/install/unittest/regression/ispd2015/mgc_matrix_mult_1.json
-- Up-to-date: /u5/w223zhan/macro-place-challenge-2026/external/DREAMPlace/install/unittest/regression/ispd2015/mgc_des_perf_1.json
-- Up-to-date: /u5/w223zhan/macro-place-challenge-2026/external/DREAMPlace/install/unittest/regression/ispd2015/mgc_pci_bridge32_b.json
-- Up-to-date: /u5/w223zhan/macro-place-challenge-2026/external/DREAMPlace/install/unittest/regression/ispd2015/mgc_fft_b.json
-- Up-to-date: /u5/w223zhan/macro-place-challenge-2026/external/DREAMPlace/install/unittest/regression/ispd2015/mgc_edit_dist_a.json
-- Up-to-date: /u5/w223zhan/macro-place-challenge-2026/external/DREAMPlace/install/unittest/regression/ispd2015/mgc_superblue16_a.json
-- Up-to-date: /u5/w223zhan/macro-place-challenge-2026/external/DREAMPlace/install/unittest/regression/ispd2015/mgc_des_perf_b.json
-- Up-to-date: /u5/w223zhan/macro-place-challenge-2026/external/DREAMPlace/install/unittest/regression/ispd2015/mgc_matrix_mult_b.json
-- Up-to-date: /u5/w223zhan/macro-place-challenge-2026/external/DREAMPlace/install/unittest/regression/ispd2015/sensitivity.py
-- Up-to-date: /u5/w223zhan/macro-place-challenge-2026/external/DREAMPlace/install/unittest/regression/ispd2015/mgc_fft_1.json
-- Up-to-date: /u5/w223zhan/macro-place-challenge-2026/external/DREAMPlace/install/unittest/regression/ispd2015/mgc_superblue19.json
-- Up-to-date: /u5/w223zhan/macro-place-challenge-2026/external/DREAMPlace/install/unittest/regression/ispd2015/mgc_matrix_mult_c.json
-- Up-to-date: /u5/w223zhan/macro-place-challenge-2026/external/DREAMPlace/install/unittest/regression/ispd2015/mgc_superblue14.json
-- Up-to-date: /u5/w223zhan/macro-place-challenge-2026/external/DREAMPlace/install/unittest/regression/ispd2015/regression.py
-- Up-to-date: /u5/w223zhan/macro-place-challenge-2026/external/DREAMPlace/install/unittest/regression/ispd2018
-- Up-to-date: /u5/w223zhan/macro-place-challenge-2026/external/DREAMPlace/install/unittest/regression/ispd2018/ispd18_test2.json
-- Up-to-date: /u5/w223zhan/macro-place-challenge-2026/external/DREAMPlace/install/unittest/regression/ispd2018/ispd18_test6.json
-- Up-to-date: /u5/w223zhan/macro-place-challenge-2026/external/DREAMPlace/install/unittest/regression/ispd2018/ispd18_test3.json
-- Up-to-date: /u5/w223zhan/macro-place-challenge-2026/external/DREAMPlace/install/unittest/regression/ispd2018/ispd18_test7.json
-- Up-to-date: /u5/w223zhan/macro-place-challenge-2026/external/DREAMPlace/install/unittest/regression/ispd2018/ispd18_test1.json
-- Up-to-date: /u5/w223zhan/macro-place-challenge-2026/external/DREAMPlace/install/unittest/regression/ispd2018/ispd18_test5.json
-- Up-to-date: /u5/w223zhan/macro-place-challenge-2026/external/DREAMPlace/install/unittest/regression/ispd2018/ispd18_test10.json
-- Up-to-date: /u5/w223zhan/macro-place-challenge-2026/external/DREAMPlace/install/unittest/regression/ispd2018/ispd18_test9.json
-- Up-to-date: /u5/w223zhan/macro-place-challenge-2026/external/DREAMPlace/install/unittest/regression/ispd2018/ispd18_test8.json
-- Up-to-date: /u5/w223zhan/macro-place-challenge-2026/external/DREAMPlace/install/unittest/regression/ispd2018/ispd18_test4.json
-- Up-to-date: /u5/w223zhan/macro-place-challenge-2026/external/DREAMPlace/install/unittest/regression/ispd2019
-- Up-to-date: /u5/w223zhan/macro-place-challenge-2026/external/DREAMPlace/install/unittest/regression/ispd2019/ispd19_test9.json
-- Up-to-date: /u5/w223zhan/macro-place-challenge-2026/external/DREAMPlace/install/unittest/regression/ispd2019/ispd19_test5.json
-- Up-to-date: /u5/w223zhan/macro-place-challenge-2026/external/DREAMPlace/install/unittest/regression/ispd2019/ispd19_test1.json
-- Up-to-date: /u5/w223zhan/macro-place-challenge-2026/external/DREAMPlace/install/unittest/regression/ispd2019/ispd19_test4.json
-- Up-to-date: /u5/w223zhan/macro-place-challenge-2026/external/DREAMPlace/install/unittest/regression/ispd2019/ispd19_test8.json
-- Up-to-date: /u5/w223zhan/macro-place-challenge-2026/external/DREAMPlace/install/unittest/regression/ispd2019/ispd19_test6.json
-- Up-to-date: /u5/w223zhan/macro-place-challenge-2026/external/DREAMPlace/install/unittest/regression/ispd2019/ispd19_test2.json
-- Up-to-date: /u5/w223zhan/macro-place-challenge-2026/external/DREAMPlace/install/unittest/regression/ispd2019/ispd19_test10.json
-- Up-to-date: /u5/w223zhan/macro-place-challenge-2026/external/DREAMPlace/install/unittest/regression/ispd2019/regression.py
-- Up-to-date: /u5/w223zhan/macro-place-challenge-2026/external/DREAMPlace/install/unittest/regression/ispd2019/ispd19_test7.json
-- Up-to-date: /u5/w223zhan/macro-place-challenge-2026/external/DREAMPlace/install/unittest/regression/ispd2019/ispd19_test3.json
-- Up-to-date: /u5/w223zhan/macro-place-challenge-2026/external/DREAMPlace/install/unittest/regression/iccad2014
-- Up-to-date: /u5/w223zhan/macro-place-challenge-2026/external/DREAMPlace/install/unittest/regression/iccad2014/vga_lcd.json
-- Up-to-date: /u5/w223zhan/macro-place-challenge-2026/external/DREAMPlace/install/unittest/regression/iccad2014/netcard.json
-- Up-to-date: /u5/w223zhan/macro-place-challenge-2026/external/DREAMPlace/install/unittest/regression/iccad2014/mgc_matrix_mult.json
-- Up-to-date: /u5/w223zhan/macro-place-challenge-2026/external/DREAMPlace/install/unittest/regression/iccad2014/mgc_edit_dist.json
-- Up-to-date: /u5/w223zhan/macro-place-challenge-2026/external/DREAMPlace/install/unittest/regression/iccad2014/leon2.json
-- Up-to-date: /u5/w223zhan/macro-place-challenge-2026/external/DREAMPlace/install/unittest/regression/iccad2014/leon3mp.json
-- Up-to-date: /u5/w223zhan/macro-place-challenge-2026/external/DREAMPlace/install/unittest/regression/iccad2014/b19.json
-- Up-to-date: /u5/w223zhan/macro-place-challenge-2026/external/DREAMPlace/install/unittest/regression/iccad2014/regression.py
-- Up-to-date: /u5/w223zhan/macro-place-challenge-2026/external/DREAMPlace/install/unittest/regression/iccad2015.ot
-- Up-to-date: /u5/w223zhan/macro-place-challenge-2026/external/DREAMPlace/install/unittest/regression/iccad2015.ot/superblue10.json
-- Up-to-date: /u5/w223zhan/macro-place-challenge-2026/external/DREAMPlace/install/unittest/regression/iccad2015.ot/superblue18.json
-- Up-to-date: /u5/w223zhan/macro-place-challenge-2026/external/DREAMPlace/install/unittest/regression/iccad2015.ot/simple.json
-- Up-to-date: /u5/w223zhan/macro-place-challenge-2026/external/DREAMPlace/install/unittest/regression/iccad2015.ot/superblue7.json
-- Up-to-date: /u5/w223zhan/macro-place-challenge-2026/external/DREAMPlace/install/unittest/regression/iccad2015.ot/superblue3.json
-- Up-to-date: /u5/w223zhan/macro-place-challenge-2026/external/DREAMPlace/install/unittest/regression/iccad2015.ot/regression.py
-- Up-to-date: /u5/w223zhan/macro-place-challenge-2026/external/DREAMPlace/install/unittest/regression/iccad2015.ot/superblue5.json
-- Up-to-date: /u5/w223zhan/macro-place-challenge-2026/external/DREAMPlace/install/unittest/regression/iccad2015.ot/superblue1.json
-- Up-to-date: /u5/w223zhan/macro-place-challenge-2026/external/DREAMPlace/install/unittest/regression/iccad2015.ot/superblue16.json
-- Up-to-date: /u5/w223zhan/macro-place-challenge-2026/external/DREAMPlace/install/unittest/regression/iccad2015.ot/superblue4.json
-- Up-to-date: /u5/w223zhan/macro-place-challenge-2026/external/DREAMPlace/install/unittest/unittests.py
-- Up-to-date: /u5/w223zhan/macro-place-challenge-2026/external/DREAMPlace/install/benchmarks/ispd2005_2015.py
-- Up-to-date: /u5/w223zhan/macro-place-challenge-2026/external/DREAMPlace/install/benchmarks/ispd2019.py
-- Up-to-date: /u5/w223zhan/macro-place-challenge-2026/external/DREAMPlace/install/test/ispd2005
-- Up-to-date: /u5/w223zhan/macro-place-challenge-2026/external/DREAMPlace/install/test/ispd2005/bigblue3.json
-- Up-to-date: /u5/w223zhan/macro-place-challenge-2026/external/DREAMPlace/install/test/ispd2005/adaptec4.json
-- Up-to-date: /u5/w223zhan/macro-place-challenge-2026/external/DREAMPlace/install/test/ispd2005/adaptec1.json
-- Up-to-date: /u5/w223zhan/macro-place-challenge-2026/external/DREAMPlace/install/test/ispd2005/adam
-- Up-to-date: /u5/w223zhan/macro-place-challenge-2026/external/DREAMPlace/install/test/ispd2005/adam/adaptec2.json
-- Up-to-date: /u5/w223zhan/macro-place-challenge-2026/external/DREAMPlace/install/test/ispd2005/adam/bigblue1.json
-- Up-to-date: /u5/w223zhan/macro-place-challenge-2026/external/DREAMPlace/install/test/ispd2005/adam/bigblue4.json
-- Up-to-date: /u5/w223zhan/macro-place-challenge-2026/external/DREAMPlace/install/test/ispd2005/adam/adaptec3.json
-- Up-to-date: /u5/w223zhan/macro-place-challenge-2026/external/DREAMPlace/install/test/ispd2005/adam/bigblue2.json
-- Up-to-date: /u5/w223zhan/macro-place-challenge-2026/external/DREAMPlace/install/test/ispd2005/adam/adaptec1.json
-- Up-to-date: /u5/w223zhan/macro-place-challenge-2026/external/DREAMPlace/install/test/ispd2005/adam/adaptec4.json
-- Up-to-date: /u5/w223zhan/macro-place-challenge-2026/external/DREAMPlace/install/test/ispd2005/adam/bigblue3.json
-- Up-to-date: /u5/w223zhan/macro-place-challenge-2026/external/DREAMPlace/install/test/ispd2005/bigblue2.json
-- Up-to-date: /u5/w223zhan/macro-place-challenge-2026/external/DREAMPlace/install/test/ispd2005/adaptec3.json
-- Up-to-date: /u5/w223zhan/macro-place-challenge-2026/external/DREAMPlace/install/test/ispd2005/bigblue4.json
-- Up-to-date: /u5/w223zhan/macro-place-challenge-2026/external/DREAMPlace/install/test/ispd2005/momentum
-- Up-to-date: /u5/w223zhan/macro-place-challenge-2026/external/DREAMPlace/install/test/ispd2005/momentum/bigblue2.json
-- Up-to-date: /u5/w223zhan/macro-place-challenge-2026/external/DREAMPlace/install/test/ispd2005/momentum/adaptec1.json
-- Up-to-date: /u5/w223zhan/macro-place-challenge-2026/external/DREAMPlace/install/test/ispd2005/momentum/adaptec4.json
-- Up-to-date: /u5/w223zhan/macro-place-challenge-2026/external/DREAMPlace/install/test/ispd2005/momentum/bigblue3.json
-- Up-to-date: /u5/w223zhan/macro-place-challenge-2026/external/DREAMPlace/install/test/ispd2005/momentum/adaptec2.json
-- Up-to-date: /u5/w223zhan/macro-place-challenge-2026/external/DREAMPlace/install/test/ispd2005/momentum/bigblue1.json
-- Up-to-date: /u5/w223zhan/macro-place-challenge-2026/external/DREAMPlace/install/test/ispd2005/momentum/bigblue4.json
-- Up-to-date: /u5/w223zhan/macro-place-challenge-2026/external/DREAMPlace/install/test/ispd2005/momentum/adaptec3.json
-- Up-to-date: /u5/w223zhan/macro-place-challenge-2026/external/DREAMPlace/install/test/ispd2005/bigblue1.json
-- Up-to-date: /u5/w223zhan/macro-place-challenge-2026/external/DREAMPlace/install/test/ispd2005/adaptec2.json
-- Up-to-date: /u5/w223zhan/macro-place-challenge-2026/external/DREAMPlace/install/test/ispd2015
-- Up-to-date: /u5/w223zhan/macro-place-challenge-2026/external/DREAMPlace/install/test/ispd2015/lefdef
-- Up-to-date: /u5/w223zhan/macro-place-challenge-2026/external/DREAMPlace/install/test/ispd2015/lefdef/mgc_superblue16_a.json
-- Up-to-date: /u5/w223zhan/macro-place-challenge-2026/external/DREAMPlace/install/test/ispd2015/lefdef/mgc_superblue12.json
-- Up-to-date: /u5/w223zhan/macro-place-challenge-2026/external/DREAMPlace/install/test/ispd2015/lefdef/mgc_matrix_mult_b.json
-- Up-to-date: /u5/w223zhan/macro-place-challenge-2026/external/DREAMPlace/install/test/ispd2015/lefdef/mgc_fft_a.json
-- Up-to-date: /u5/w223zhan/macro-place-challenge-2026/external/DREAMPlace/install/test/ispd2015/lefdef/mgc_fft_2.json
-- Up-to-date: /u5/w223zhan/macro-place-challenge-2026/external/DREAMPlace/install/test/ispd2015/lefdef/mgc_matrix_mult_1.json
-- Up-to-date: /u5/w223zhan/macro-place-challenge-2026/external/DREAMPlace/install/test/ispd2015/lefdef/mgc_pci_bridge32_b.json
-- Up-to-date: /u5/w223zhan/macro-place-challenge-2026/external/DREAMPlace/install/test/ispd2015/lefdef/mgc_des_perf_a.json
-- Up-to-date: /u5/w223zhan/macro-place-challenge-2026/external/DREAMPlace/install/test/ispd2015/lefdef/mgc_matrix_mult_c.json
-- Up-to-date: /u5/w223zhan/macro-place-challenge-2026/external/DREAMPlace/install/test/ispd2015/lefdef/mgc_fft_1.json
-- Up-to-date: /u5/w223zhan/macro-place-challenge-2026/external/DREAMPlace/install/test/ispd2015/lefdef/mgc_superblue19.json
-- Up-to-date: /u5/w223zhan/macro-place-challenge-2026/external/DREAMPlace/install/test/ispd2015/lefdef/mgc_matrix_mult_2.json
-- Up-to-date: /u5/w223zhan/macro-place-challenge-2026/external/DREAMPlace/install/test/ispd2015/lefdef/mgc_superblue11_a.json
-- Up-to-date: /u5/w223zhan/macro-place-challenge-2026/external/DREAMPlace/install/test/ispd2015/lefdef/mgc_matrix_mult_a.json
-- Up-to-date: /u5/w223zhan/macro-place-challenge-2026/external/DREAMPlace/install/test/ispd2015/lefdef/mgc_edit_dist_a.json
-- Up-to-date: /u5/w223zhan/macro-place-challenge-2026/external/DREAMPlace/install/test/ispd2015/lefdef/mgc_fft_b.json
-- Up-to-date: /u5/w223zhan/macro-place-challenge-2026/external/DREAMPlace/install/test/ispd2015/lefdef/mgc_superblue14.json
-- Up-to-date: /u5/w223zhan/macro-place-challenge-2026/external/DREAMPlace/install/test/ispd2015/lefdef/mgc_pci_bridge32_a.json
-- Up-to-date: /u5/w223zhan/macro-place-challenge-2026/external/DREAMPlace/install/test/ispd2015/lefdef/mgc_des_perf_b.json
-- Up-to-date: /u5/w223zhan/macro-place-challenge-2026/external/DREAMPlace/install/test/ispd2015/lefdef/mgc_des_perf_1.json
-- Up-to-date: /u5/w223zhan/macro-place-challenge-2026/external/DREAMPlace/install/test/ispd2019
-- Up-to-date: /u5/w223zhan/macro-place-challenge-2026/external/DREAMPlace/install/test/ispd2019/lefdef
-- Up-to-date: /u5/w223zhan/macro-place-challenge-2026/external/DREAMPlace/install/test/ispd2019/lefdef/ispd19_test7.json
-- Up-to-date: /u5/w223zhan/macro-place-challenge-2026/external/DREAMPlace/install/test/ispd2019/lefdef/ispd19_test3.json
-- Up-to-date: /u5/w223zhan/macro-place-challenge-2026/external/DREAMPlace/install/test/ispd2019/lefdef/ispd19_test6.json
-- Up-to-date: /u5/w223zhan/macro-place-challenge-2026/external/DREAMPlace/install/test/ispd2019/lefdef/ispd19_test2.json
-- Up-to-date: /u5/w223zhan/macro-place-challenge-2026/external/DREAMPlace/install/test/ispd2019/lefdef/ispd19_test4.json
-- Up-to-date: /u5/w223zhan/macro-place-challenge-2026/external/DREAMPlace/install/test/ispd2019/lefdef/regression.py
-- Up-to-date: /u5/w223zhan/macro-place-challenge-2026/external/DREAMPlace/install/test/ispd2019/lefdef/ispd19_test8.json
-- Up-to-date: /u5/w223zhan/macro-place-challenge-2026/external/DREAMPlace/install/test/ispd2019/lefdef/ispd19_test10.json
-- Up-to-date: /u5/w223zhan/macro-place-challenge-2026/external/DREAMPlace/install/test/ispd2019/lefdef/ispd19_test9.json
-- Up-to-date: /u5/w223zhan/macro-place-challenge-2026/external/DREAMPlace/install/test/ispd2019/lefdef/ispd19_test5.json
-- Up-to-date: /u5/w223zhan/macro-place-challenge-2026/external/DREAMPlace/install/test/ispd2019/lefdef/ispd19_test1.json
-- Up-to-date: /u5/w223zhan/macro-place-challenge-2026/external/DREAMPlace/install/test/dac2012
-- Up-to-date: /u5/w223zhan/macro-place-challenge-2026/external/DREAMPlace/install/test/dac2012/superblue9.json
-- Up-to-date: /u5/w223zhan/macro-place-challenge-2026/external/DREAMPlace/install/test/dac2012/superblue16.json
-- Up-to-date: /u5/w223zhan/macro-place-challenge-2026/external/DREAMPlace/install/test/dac2012/superblue12.json
-- Up-to-date: /u5/w223zhan/macro-place-challenge-2026/external/DREAMPlace/install/test/dac2012/superblue7.json
-- Up-to-date: /u5/w223zhan/macro-place-challenge-2026/external/DREAMPlace/install/test/dac2012/superblue14.json
-- Up-to-date: /u5/w223zhan/macro-place-challenge-2026/external/DREAMPlace/install/test/dac2012/superblue3.json
-- Up-to-date: /u5/w223zhan/macro-place-challenge-2026/external/DREAMPlace/install/test/dac2012/superblue6.json
-- Up-to-date: /u5/w223zhan/macro-place-challenge-2026/external/DREAMPlace/install/test/dac2012/superblue2.json
-- Up-to-date: /u5/w223zhan/macro-place-challenge-2026/external/DREAMPlace/install/test/dac2012/superblue11.json
-- Up-to-date: /u5/w223zhan/macro-place-challenge-2026/external/DREAMPlace/install/test/dac2012/superblue19.json
-- Up-to-date: /u5/w223zhan/macro-place-challenge-2026/external/DREAMPlace/install/test/iccad2014
-- Up-to-date: /u5/w223zhan/macro-place-challenge-2026/external/DREAMPlace/install/test/iccad2014/lefdef
-- Up-to-date: /u5/w223zhan/macro-place-challenge-2026/external/DREAMPlace/install/test/iccad2014/lefdef/netcard.json
-- Up-to-date: /u5/w223zhan/macro-place-challenge-2026/external/DREAMPlace/install/test/iccad2014/lefdef/vga_lcd.json
-- Up-to-date: /u5/w223zhan/macro-place-challenge-2026/external/DREAMPlace/install/test/iccad2014/lefdef/leon3mp.json
-- Up-to-date: /u5/w223zhan/macro-place-challenge-2026/external/DREAMPlace/install/test/iccad2014/lefdef/b19.json
-- Up-to-date: /u5/w223zhan/macro-place-challenge-2026/external/DREAMPlace/install/test/iccad2014/lefdef/mgc_edit_dist.json
-- Up-to-date: /u5/w223zhan/macro-place-challenge-2026/external/DREAMPlace/install/test/iccad2014/lefdef/mgc_matrix_mult.json
-- Up-to-date: /u5/w223zhan/macro-place-challenge-2026/external/DREAMPlace/install/test/iccad2014/lefdef/leon2.json
-- Up-to-date: /u5/w223zhan/macro-place-challenge-2026/external/DREAMPlace/install/test/iccad2015.ot
-- Up-to-date: /u5/w223zhan/macro-place-challenge-2026/external/DREAMPlace/install/test/iccad2015.ot/simple.json
-- Up-to-date: /u5/w223zhan/macro-place-challenge-2026/external/DREAMPlace/install/test/iccad2015.ot/superblue1.json
-- Up-to-date: /u5/w223zhan/macro-place-challenge-2026/external/DREAMPlace/install/test/iccad2015.ot/superblue5.json
-- Up-to-date: /u5/w223zhan/macro-place-challenge-2026/external/DREAMPlace/install/test/iccad2015.ot/superblue4.json
-- Up-to-date: /u5/w223zhan/macro-place-challenge-2026/external/DREAMPlace/install/test/iccad2015.ot/superblue16.json
-- Up-to-date: /u5/w223zhan/macro-place-challenge-2026/external/DREAMPlace/install/test/iccad2015.ot/superblue18.json
-- Up-to-date: /u5/w223zhan/macro-place-challenge-2026/external/DREAMPlace/install/test/iccad2015.ot/README.md
-- Up-to-date: /u5/w223zhan/macro-place-challenge-2026/external/DREAMPlace/install/test/iccad2015.ot/superblue10.json
-- Up-to-date: /u5/w223zhan/macro-place-challenge-2026/external/DREAMPlace/install/test/iccad2015.ot/superblue3.json
-- Up-to-date: /u5/w223zhan/macro-place-challenge-2026/external/DREAMPlace/install/test/iccad2015.ot/superblue7.json
-- Up-to-date: /u5/w223zhan/macro-place-challenge-2026/external/DREAMPlace/install/test/iccad2015.hs
-- Up-to-date: /u5/w223zhan/macro-place-challenge-2026/external/DREAMPlace/install/test/iccad2015.hs/superblue7.json
-- Up-to-date: /u5/w223zhan/macro-place-challenge-2026/external/DREAMPlace/install/test/iccad2015.hs/superblue10.json
-- Up-to-date: /u5/w223zhan/macro-place-challenge-2026/external/DREAMPlace/install/test/iccad2015.hs/superblue3.json
-- Up-to-date: /u5/w223zhan/macro-place-challenge-2026/external/DREAMPlace/install/test/iccad2015.hs/superblue18.json
-- Up-to-date: /u5/w223zhan/macro-place-challenge-2026/external/DREAMPlace/install/test/iccad2015.hs/superblue5.json
-- Up-to-date: /u5/w223zhan/macro-place-challenge-2026/external/DREAMPlace/install/test/iccad2015.hs/superblue16.json
-- Up-to-date: /u5/w223zhan/macro-place-challenge-2026/external/DREAMPlace/install/test/iccad2015.hs/superblue1.json
-- Up-to-date: /u5/w223zhan/macro-place-challenge-2026/external/DREAMPlace/install/test/iccad2015.hs/simple.json
-- Up-to-date: /u5/w223zhan/macro-place-challenge-2026/external/DREAMPlace/install/test/iccad2015.hs/README.md
-- Up-to-date: /u5/w223zhan/macro-place-challenge-2026/external/DREAMPlace/install/test/iccad2015.hs/superblue4.json
-- Up-to-date: /u5/w223zhan/macro-place-challenge-2026/external/DREAMPlace/install/test/ispd2005free
-- Up-to-date: /u5/w223zhan/macro-place-challenge-2026/external/DREAMPlace/install/test/ispd2005free/adaptec3_allfree.json
-- Up-to-date: /u5/w223zhan/macro-place-challenge-2026/external/DREAMPlace/install/test/ispd2005free/adaptec2_allfree.json
-- Up-to-date: /u5/w223zhan/macro-place-challenge-2026/external/DREAMPlace/install/test/ispd2005free/adaptec1_allfree.json
-- Up-to-date: /u5/w223zhan/macro-place-challenge-2026/external/DREAMPlace/install/test/ispd2005free/adaptec4_allfree.json
-- Up-to-date: /u5/w223zhan/macro-place-challenge-2026/external/DREAMPlace/install/test/ispd2005free/bigblue1_allfree.json
-- Up-to-date: /u5/w223zhan/macro-place-challenge-2026/external/DREAMPlace/install/test/ispd2005free/bigblue3_allfree.json
-- Up-to-date: /u5/w223zhan/macro-place-challenge-2026/external/DREAMPlace/install/test/ispd2005free/bigblue2_allfree.json
-- Up-to-date: /u5/w223zhan/macro-place-challenge-2026/external/DREAMPlace/install/test/ispd2005free/bigblue4_allfree.json
-- Up-to-date: /u5/w223zhan/macro-place-challenge-2026/external/DREAMPlace/install/test/mms
-- Up-to-date: /u5/w223zhan/macro-place-challenge-2026/external/DREAMPlace/install/test/mms/bigblue4.json
-- Up-to-date: /u5/w223zhan/macro-place-challenge-2026/external/DREAMPlace/install/test/mms/newblue5.json
-- Up-to-date: /u5/w223zhan/macro-place-challenge-2026/external/DREAMPlace/install/test/mms/adaptec3.json
-- Up-to-date: /u5/w223zhan/macro-place-challenge-2026/external/DREAMPlace/install/test/mms/newblue1.json
-- Up-to-date: /u5/w223zhan/macro-place-challenge-2026/external/DREAMPlace/install/test/mms/newblue4.json
-- Up-to-date: /u5/w223zhan/macro-place-challenge-2026/external/DREAMPlace/install/test/mms/adaptec2.json
-- Up-to-date: /u5/w223zhan/macro-place-challenge-2026/external/DREAMPlace/install/test/mms/bigblue1.json
-- Up-to-date: /u5/w223zhan/macro-place-challenge-2026/external/DREAMPlace/install/test/mms/newblue6.json
-- Up-to-date: /u5/w223zhan/macro-place-challenge-2026/external/DREAMPlace/install/test/mms/newblue2.json
-- Up-to-date: /u5/w223zhan/macro-place-challenge-2026/external/DREAMPlace/install/test/mms/adaptec4.json
-- Up-to-date: /u5/w223zhan/macro-place-challenge-2026/external/DREAMPlace/install/test/mms/bigblue3.json
-- Up-to-date: /u5/w223zhan/macro-place-challenge-2026/external/DREAMPlace/install/test/mms/bigblue2.json
-- Up-to-date: /u5/w223zhan/macro-place-challenge-2026/external/DREAMPlace/install/test/mms/newblue7.json
-- Up-to-date: /u5/w223zhan/macro-place-challenge-2026/external/DREAMPlace/install/test/mms/adaptec1.json
-- Up-to-date: /u5/w223zhan/macro-place-challenge-2026/external/DREAMPlace/install/test/mms/newblue3.json
-- Up-to-date: /u5/w223zhan/macro-place-challenge-2026/external/DREAMPlace/install/test/mms/adaptec5.json
-- Installing: /u5/w223zhan/macro-place-challenge-2026/external/DREAMPlace/install/dreamplace/configure.py
Patching PlaceDB.py for NumPy 2 (np.string_ -> np.bytes_) ...
Done. Smoke test:
OK — run from install dir, e.g.: cd /u5/w223zhan/macro-place-challenge-2026/external/DREAMPlace/install && python dreamplace/Placer.py test/ispd2005/adaptec1.json
Tip: if imports fail with CXXABI errors, activate conda and/or export:
  LD_LIBRARY_PATH="${CONDA_PREFIX}/lib:${LD_LIBRARY_PATH}"
  LD_PRELOAD="${CONDA_PREFIX}/lib/libstdc++.so.6${LD_PRELOAD:+:${LD_PRELOAD}}"
